name,platform,coop_players,has_pvp,year,genre,free2play,url
Arma,PC;PS4;Xbox;Switch,,No,2018,Strategy;RTS,No,https://example.com/games/arma
Hollow Knight Special Edition,PC;PS5;Xbox,4,No,2000,Party;Action,No,https://example.com/games/hollow-knight-special-edition
Duke Nukem Beta Edition,PC;Xbox,Many,No,2025,Puzzle;Adventure,No,https://example.com/games/duke-nukem-beta-edition
Atlas 3,PS5;Xbox,,Yes,2006,Action;Platformer,No,https://example.com/games/atlas-3
Darkest Dungeon Remake,PC;PS5,,Yes,2008,Grand Strategy;Strategy,No,https://example.com/games/darkest-dungeon-remake
Gris Remastered,PC;PS4;Xbox;Switch,8,No,2011,Battle Royale;Shooter,No,https://example.com/games/gris-remastered
The Dark Pictures Deluxe Edition,PS5;Xbox,4,No,2023,Shooter;Action,No,https://example.com/games/the-dark-pictures-deluxe-edition
Tetris Omega Edition 4,PC;Xbox,8,Yes,2001,Strategy;RTS,No,https://example.com/games/tetris-omega-edition-4
Castlevania Special Edition,Xbox,,No,2021,Simulation,No,https://example.com/games/castlevania-special-edition
Operation Tango Enhanced Edition,PC;PS5,4,Yes,2018,Party;Action,No,https://example.com/games/operation-tango-enhanced-edition
King of Avalon Deluxe Edition,PC;Xbox,,No,2006,Party;Action,Yes,https://example.com/games/king-of-avalon-deluxe-edition
Payday 5,PC;PS5;Xbox;Switch,4,Yes,2013,MOBA;Strategy,Yes,https://example.com/games/payday-5
Frontlines Deluxe Edition,PC;Xbox,4,No,2025,Shooter;Action,No,https://example.com/games/frontlines-deluxe-edition
Sniper Elite Digital Edition,PS5;Xbox,,Yes,2008,Action;Platformer,No,https://example.com/games/sniper-elite-digital-edition
Dragon's Crown Omega Edition 2,PC,4,Yes,2020,Puzzle;Adventure,No,https://example.com/games/dragon-s-crown-omega-edition-2
Stellaris 3,PS5;Xbox,6,No,2012,Survival;Horror,No,https://example.com/games/stellaris-3
Stronghold Deluxe Edition,Xbox,,No,2007,Shooter;Action,No,https://example.com/games/stronghold-deluxe-edition
Wolfenstein 2,PC;PS4;Xbox;Switch,4,Yes,2007,Racing,No,https://example.com/games/wolfenstein-2
Puyo Puyo Complete Edition,PC;PS5;Xbox;Switch,,No,2006,Battle Royale;Shooter,No,https://example.com/games/puyo-puyo-complete-edition
Silent Hill Remake,PC;PS4;Xbox;Switch,4,No,2020,Puzzle;Adventure,Yes,https://example.com/games/silent-hill-remake
New World Omega Edition 3,PC;PS4;Xbox;Switch,,Yes,2011,MOBA;Strategy,No,https://example.com/games/new-world-omega-edition-3
Back 4 Blood Complete Edition,PC,6,No,2000,Strategy;Turn-Based,No,https://example.com/games/back-4-blood-complete-edition
Baten Kaitos Omega Edition 5,Xbox,,Yes,2011,Shooter;RPG,No,https://example.com/games/baten-kaitos-omega-edition-5
Uncharted Final Edition,PC;Xbox,4,No,2011,Party;Action,Yes,https://example.com/games/uncharted-final-edition
Minecraft Standard Edition,PC,4,No,2020,Strategy;Turn-Based,No,https://example.com/games/minecraft-standard-edition
Mafia Omega Edition,PC,,No,2014,Party;Action,Yes,https://example.com/games/mafia-omega-edition
Overlord Beta Edition,PC;PS5;Xbox,4,Yes,2015,Shooter;Action,Yes,https://example.com/games/overlord-beta-edition
Attack on Titan Omega Edition 4,PC;Xbox,8,No,2010,RPG;Action,No,https://example.com/games/attack-on-titan-omega-edition-4
Inscryption Remake,PC;PS5,,Yes,2003,Battle Royale;Shooter,No,https://example.com/games/inscryption-remake
Attack on Titan Omega Edition 5,PC;PS5;Xbox,,No,2020,Strategy;RTS,No,https://example.com/games/attack-on-titan-omega-edition-5
Shadowverse Remastered,PC,3,No,2017,Shooter;RPG,No,https://example.com/games/shadowverse-remastered
Grandia Standard Edition,PC;PS5;Xbox;Switch,4,Yes,2015,Strategy;RTS,Yes,https://example.com/games/grandia-standard-edition
Blazing Souls Omega Edition 2,PC;Xbox,,Yes,2025,Action;Adventure,No,https://example.com/games/blazing-souls-omega-edition-2
Bread and Fred Legendary Edition,PC;PS5;Xbox;Switch,,No,2003,Survival;Horror,No,https://example.com/games/bread-and-fred-legendary-edition
Limbo 5,PC;PS4;Xbox,,Yes,2020,Racing,No,https://example.com/games/limbo-5
Catherine Remake,PC;PS5;Xbox,8,No,2005,Strategy;Turn-Based,No,https://example.com/games/catherine-remake
Unravel 5,PC;PS4;Xbox,4,No,2022,Battle Royale;Shooter,No,https://example.com/games/unravel-5
Tales from the Borderlands Collector's Edition,PC;PS4;Xbox,6,No,2018,Grand Strategy;Strategy,No,https://example.com/games/tales-from-the-borderlands-collector-s-edition
0 AD Alpha Edition,PC,,No,2026,Racing,Yes,https://example.com/games/0-ad-alpha-edition
Boomerang Fu Last Edition,PC;PS4;Xbox,,No,2003,Party;Action,No,https://example.com/games/boomerang-fu-last-edition
Raft Premium Edition,PC,,No,2013,Simulation;Sandbox,No,https://example.com/games/raft-premium-edition
Castlevania,PC,,Yes,2011,Tactical;Shooter,No,https://example.com/games/castlevania
Bleach Ultimate Edition,PC;Xbox,,Yes,2003,Casual;Party,No,https://example.com/games/bleach-ultimate-edition
Endless Space Omega Edition 4,PC;Switch,,Yes,2026,Simulation;Sandbox,No,https://example.com/games/endless-space-omega-edition-4
Prison Architect Omega Edition 3,Xbox,4,No,2000,Survival;Sandbox,No,https://example.com/games/prison-architect-omega-edition-3
Marvel's Midnight Suns Deluxe Edition,Xbox,,Yes,2022,Tactical;Shooter,No,https://example.com/games/marvel-s-midnight-suns-deluxe-edition
Log Horizon Digital Edition,PC;PS5;Xbox,3,Yes,2003,Grand Strategy;Strategy,No,https://example.com/games/log-horizon-digital-edition
Gwent Omega Edition,PC;PS4;Xbox;Switch,2,No,2019,RPG;Action,Yes,https://example.com/games/gwent-omega-edition
Rise of Nations Final Edition,PC;PS5,,No,2015,Racing,Yes,https://example.com/games/rise-of-nations-final-edition
Black Desert Alpha Edition,PC;PS5;Xbox,,No,2014,4X;Strategy,Yes,https://example.com/games/black-desert-alpha-edition
Surviving the Aftermath Enhanced Edition,PS5;Xbox,4,No,2019,Survival;Horror,No,https://example.com/games/surviving-the-aftermath-enhanced-edition
Heretic Limited Edition,PC;Switch,,No,2021,RPG;Action,Yes,https://example.com/games/heretic-limited-edition
Insurgency Physical Edition,PC;PS5;Xbox,,No,2007,Strategy;RTS,Yes,https://example.com/games/insurgency-physical-edition
Gwent Omega Edition 2,PS5;Xbox,3,Yes,2013,MOBA;Strategy,No,https://example.com/games/gwent-omega-edition-2
Hold Your Own Special Edition,PC;PS5;Xbox;Switch,4,No,2026,Battle Royale;Shooter,No,https://example.com/games/hold-your-own-special-edition
Puzzle and Dragons First Edition,PC;PS4;Xbox,,No,2005,Survival;Sandbox,No,https://example.com/games/puzzle-and-dragons-first-edition
Subnautica Omega Edition 3,PC,,No,2003,4X;Strategy,No,https://example.com/games/subnautica-omega-edition-3
Tales of Zestiria Digital Edition,PS5;Xbox,,Yes,2012,Shooter;RPG,No,https://example.com/games/tales-of-zestiria-digital-edition
Shadowverse Limited Edition,PC;Xbox,,Yes,2013,Party;Action,No,https://example.com/games/shadowverse-limited-edition
Human Fall Flat Anniversary Edition,PC;Xbox,4,No,2026,Simulation;Sandbox,No,https://example.com/games/human-fall-flat-anniversary-edition
Miscreated Definitive Edition,PC;PS4;Xbox;Switch,4,No,2001,Sandbox,No,https://example.com/games/miscreated-definitive-edition
Binding of Isaac Omega Edition,PC;Switch,8,Yes,2012,RPG;Action,No,https://example.com/games/binding-of-isaac-omega-edition
Men of War Game of the Year Edition,PC;PS5,,No,2017,Party;Action,No,https://example.com/games/men-of-war-game-of-the-year-edition
Wuthering Waves Deluxe Edition,PC;Switch,,No,2016,RPG;Action,No,https://example.com/games/wuthering-waves-deluxe-edition
SD Gundam Complete Edition,PC,,No,2004,Puzzle;Adventure,No,https://example.com/games/sd-gundam-complete-edition
Wasteland Remastered,PC;Xbox,4,No,2013,Action;Adventure,No,https://example.com/games/wasteland-remastered
Forza Legendary Edition,PC;PS4;Xbox;Switch,4,No,2006,MOBA;Strategy,No,https://example.com/games/forza-legendary-edition
Spintires 3,PS5;Xbox,8,No,2006,MOBA;Strategy,Yes,https://example.com/games/spintires-3
Little Nightmares Complete Edition,PC;Xbox,4,Yes,2023,Party;Action,Yes,https://example.com/games/little-nightmares-complete-edition
Sleeping Dogs Special Edition,PC;Switch,2,No,2017,Strategy;RTS,No,https://example.com/games/sleeping-dogs-special-edition
Sekiro Game of the Year Edition,PC;PS4;Xbox,,No,2002,Party;Action,Yes,https://example.com/games/sekiro-game-of-the-year-edition
Tyranny Last Edition,PC;Switch,,No,2019,Grand Strategy;Strategy,No,https://example.com/games/tyranny-last-edition
Titan Quest,PC;PS4;Xbox,,No,2023,Simulation,No,https://example.com/games/titan-quest
That Time I Got Reincarnated Limited Edition,PC;PS4;Xbox,4,No,2016,Sports,Yes,https://example.com/games/that-time-i-got-reincarnated-limited-edition
FIFA Legendary Edition,PC,,Yes,2005,MOBA;Strategy,No,https://example.com/games/fifa-legendary-edition
Metroid Enhanced Edition,PC;Xbox,Many,Yes,2002,Battle Royale;Shooter,No,https://example.com/games/metroid-enhanced-edition
Planet Coaster Collector's Edition,PC;Xbox,6,No,2021,Puzzle;Adventure,No,https://example.com/games/planet-coaster-collector-s-edition
Mafia Omega Edition 4,PC;Switch,,No,2011,Tactical;Shooter,No,https://example.com/games/mafia-omega-edition-4
Warframe Standard Edition,PC;PS5;Xbox;Switch,4,No,2023,Racing,No,https://example.com/games/warframe-standard-edition
Gears Tactics 3,PS5;Xbox,4,No,2020,Sandbox,No,https://example.com/games/gears-tactics-3
Gundam ZZ Collector's Edition,PC;Switch,8,No,2007,Grand Strategy;Strategy,No,https://example.com/games/gundam-zz-collector-s-edition
Offworld Trading Company 2,PC;Switch,4,No,2008,Puzzle;Adventure,Yes,https://example.com/games/offworld-trading-company-2
H1Z1 Special Edition,PC;PS5,,No,2006,Party;Action,Yes,https://example.com/games/h1z1-special-edition
Evolve Deluxe Edition,PC;Switch,3,No,2017,RPG;Action,No,https://example.com/games/evolve-deluxe-edition
Gwent Omega Edition 3,PC;PS5,6,No,2021,Grand Strategy;Strategy,No,https://example.com/games/gwent-omega-edition-3
Cities Skylines Ultimate Edition,PC;Xbox,6,Yes,2022,Sandbox,No,https://example.com/games/cities-skylines-ultimate-edition
Hell Let Loose Definitive Edition,PC;PS5;Xbox;Switch,4,Yes,2011,Strategy;RTS,No,https://example.com/games/hell-let-loose-definitive-edition
Last Epoch Enhanced Edition,PC;PS5;Xbox;Switch,4,No,2007,Grand Strategy;Strategy,No,https://example.com/games/last-epoch-enhanced-edition
Bleach 3,PC;PS5;Xbox;Switch,4,No,2004,Grand Strategy;Strategy,No,https://example.com/games/bleach-3
Ori Limited Edition,Xbox,,No,2021,Action;Platformer,No,https://example.com/games/ori-limited-edition
Sunset Overdrive Alpha Edition,PC;PS4;Xbox;Switch,,No,2018,Strategy;RTS,No,https://example.com/games/sunset-overdrive-alpha-edition
Party Animals Anniversary Edition,PC;PS4;Xbox;Switch,8,No,2015,Puzzle;Adventure,No,https://example.com/games/party-animals-anniversary-edition
Azur Lane Remastered,PC;Xbox,4,No,2019,Action;Platformer,No,https://example.com/games/azur-lane-remastered
Girls Frontline Special Edition,Xbox,,No,2000,Sports,No,https://example.com/games/girls-frontline-special-edition
Civilization,PC;PS4;Xbox,,No,2007,Action;Adventure,No,https://example.com/games/civilization
Jak and Daxter Omega Edition 4,PC;Switch,2,No,2014,Survival;Horror,No,https://example.com/games/jak-and-daxter-omega-edition-4
Elder Scrolls Online 4,PC,,Yes,2018,Sandbox,No,https://example.com/games/elder-scrolls-online-4
Invisible Inc Definitive Edition,PC;PS5;Xbox;Switch,4,No,2021,RPG;Action,Yes,https://example.com/games/invisible-inc-definitive-edition
Next Car Game Omega Edition 4,PS5;Xbox,Many,No,2025,Sandbox,No,https://example.com/games/next-car-game-omega-edition-4
Necromunda 2,PC,,Yes,2025,MOBA;Strategy,No,https://example.com/games/necromunda-2
Metal Gear Rising 5,PC;Switch,4,Yes,2019,Survival;Sandbox,No,https://example.com/games/metal-gear-rising-5
We Were Here Remastered,PC;PS4;Xbox,,No,2016,RPG;Action,No,https://example.com/games/we-were-here-remastered
Digital Devil Saga Game of the Year Edition,PC;PS5;Xbox,,Yes,2023,Tactical;Shooter,No,https://example.com/games/digital-devil-saga-game-of-the-year-edition
Gundam Seed Battle Assault Final Edition,PC;PS5,2,No,2015,Casual;Party,No,https://example.com/games/gundam-seed-battle-assault-final-edition
Wreckfest 3,PC;PS4;Xbox,2,No,2017,Racing,No,https://example.com/games/wreckfest-3
World of Demons Last Edition,PC;PS4;Xbox;Switch,,No,2005,Puzzle;Adventure,No,https://example.com/games/world-of-demons-last-edition
Captain of Industry Anniversary Edition,PC;Switch,4,No,2018,Action;Adventure,No,https://example.com/games/captain-of-industry-anniversary-edition
Ratchet and Clank 3,Xbox,,Yes,2004,Shooter;RPG,No,https://example.com/games/ratchet-and-clank-3
Bulletstorm Omega Edition 2,PC;PS5;Xbox;Switch,2,No,2019,RPG;Action,Yes,https://example.com/games/bulletstorm-omega-edition-2
Warhammer 40K Chaos Gate 4,PC;PS5;Xbox;Switch,4,Yes,2001,Shooter;Action,No,https://example.com/games/warhammer-40k-chaos-gate-4
Until Dawn Final Edition,PC,4,No,2000,Simulation,No,https://example.com/games/until-dawn-final-edition
Baldur's Gate Alpha Edition,Xbox,3,No,2000,Simulation;Sandbox,No,https://example.com/games/baldur-s-gate-alpha-edition
Company of Heroes Collector's Edition,PC;Xbox,,No,2024,Grand Strategy;Strategy,No,https://example.com/games/company-of-heroes-collector-s-edition
NBA 2K Ultimate Edition,Xbox,,Yes,2023,Sports,No,https://example.com/games/nba-2k-ultimate-edition
Mafia 2,PC;Switch,,No,2021,Action;Platformer,No,https://example.com/games/mafia-2
Empires Mod,PC;PS4;Xbox;Switch,,No,2005,RPG;Action,Yes,https://example.com/games/empires-mod
Last Shelter Survival Last Edition,PC;PS5,4,No,2006,Strategy;RTS,No,https://example.com/games/last-shelter-survival-last-edition
Limbo Omega Edition,PC;PS4;Xbox;Switch,,No,2010,Action;Platformer,No,https://example.com/games/limbo-omega-edition
Captain of Industry Special Edition,PC;PS5,,No,2007,Shooter;RPG,Yes,https://example.com/games/captain-of-industry-special-edition
Binding of Isaac 3,Xbox,3,No,2000,Racing,No,https://example.com/games/binding-of-isaac-3
Attack on Titan Omega Edition 2,PC;PS4;Xbox,6,Yes,2009,Puzzle;Adventure,No,https://example.com/games/attack-on-titan-omega-edition-2
Northgard Omega Edition 5,PC;PS4;Xbox;Switch,,No,2010,Battle Royale;Shooter,No,https://example.com/games/northgard-omega-edition-5
Rise of Kingdoms Remake,PC;PS4;Xbox;Switch,6,No,2015,Survival;Sandbox,Yes,https://example.com/games/rise-of-kingdoms-remake
Men of War Enhanced Edition,PC,Many,Yes,2025,Sandbox,No,https://example.com/games/men-of-war-enhanced-edition
The Forest Limited Edition,PC,3,Yes,2009,Simulation;Sandbox,No,https://example.com/games/the-forest-limited-edition
World War Z Physical Edition,PC;Switch,Many,No,2012,4X;Strategy,No,https://example.com/games/world-war-z-physical-edition
Night Call Complete Edition,PC;PS5;Xbox,4,Yes,2020,Shooter;Action,No,https://example.com/games/night-call-complete-edition
Baldur's Gate Game of the Year Edition,PC;PS5;Xbox;Switch,4,Yes,2017,Battle Royale;Shooter,No,https://example.com/games/baldur-s-gate-game-of-the-year-edition
Age of Wonders Alpha Edition,PC;Xbox,Many,Yes,2001,Action;Adventure,Yes,https://example.com/games/age-of-wonders-alpha-edition
Castlevania 3,PS5;Xbox,2,No,2008,Strategy;Turn-Based,No,https://example.com/games/castlevania-3
Sol Cresta Omega Edition 3,PC;Switch,4,Yes,2011,Strategy;RTS,No,https://example.com/games/sol-cresta-omega-edition-3
Gloomhaven Enhanced Edition,PS5;Xbox,2,No,2023,Sports,No,https://example.com/games/gloomhaven-enhanced-edition
Log Horizon Remake,PC;PS4;Xbox,,No,2019,4X;Strategy,No,https://example.com/games/log-horizon-remake
Puzzle Quest 3,PC;Switch,6,Yes,2015,Puzzle;Adventure,No,https://example.com/games/puzzle-quest-3
That Time I Got Reincarnated Beta Edition,PC;Xbox,2,Yes,2020,Shooter;Action,No,https://example.com/games/that-time-i-got-reincarnated-beta-edition
Hold Your Own Definitive Edition,PC;PS5,,No,2017,Action;Adventure,Yes,https://example.com/games/hold-your-own-definitive-edition
Last Bible Game of the Year Edition,PC;Xbox,,Yes,2008,Party;Action,No,https://example.com/games/last-bible-game-of-the-year-edition
Satisfactory Definitive Edition,PC;PS5;Xbox;Switch,,Yes,2002,Puzzle;Adventure,No,https://example.com/games/satisfactory-definitive-edition
Surviosis Remake,PC,Many,No,2019,Racing,No,https://example.com/games/surviosis-remake
Accelate Omega Edition,PC;Switch,6,No,2026,4X;Strategy,No,https://example.com/games/accelate-omega-edition
Subnautica Beta Edition,PC;PS4;Xbox;Switch,,Yes,2009,Survival;Horror,No,https://example.com/games/subnautica-beta-edition
Saints Row Omega Edition,PS5;Xbox,,Yes,2005,RPG;Action,Yes,https://example.com/games/saints-row-omega-edition
Aetheris Anniversary Edition,PC;PS4;Xbox;Switch,,Yes,2013,Strategy;Turn-Based,Yes,https://example.com/games/aetheris-anniversary-edition
Motorstorm Last Edition,PC;PS4;Xbox,,Yes,2017,Battle Royale;Shooter,No,https://example.com/games/motorstorm-last-edition
XCOM Omega Edition 5,PC;PS5;Xbox,,No,2020,Racing,Yes,https://example.com/games/xcom-omega-edition-5
Gundam ZZ First Edition,PC;Switch,6,No,2024,Survival;Sandbox,No,https://example.com/games/gundam-zz-first-edition
SaGa Premium Edition,PC;PS4;Xbox,,Yes,2002,Shooter;RPG,No,https://example.com/games/saga-premium-edition
Iron Harvest Premium Edition,PC;Xbox,8,No,2022,Grand Strategy;Strategy,No,https://example.com/games/iron-harvest-premium-edition
SD Gundam Omega Edition 2,Xbox,3,No,2017,Simulation;Sandbox,No,https://example.com/games/sd-gundam-omega-edition-2
Smite Alpha Edition,PC;PS5,,Yes,2002,Simulation;Sandbox,No,https://example.com/games/smite-alpha-edition
Boom Beach Omega Edition 4,PC;PS5,4,No,2019,Strategy;RTS,Yes,https://example.com/games/boom-beach-omega-edition-4
Timberborn Anniversary Edition,PC;PS4;Xbox;Switch,4,Yes,2024,Shooter;Action,Yes,https://example.com/games/timberborn-anniversary-edition
Chrono Cross 5,PC;Switch,,Yes,2000,Shooter;Action,No,https://example.com/games/chrono-cross-5
Front Mission Premium Edition,PS5;Xbox,4,No,2013,Grand Strategy;Strategy,Yes,https://example.com/games/front-mission-premium-edition
Astroneer Special Edition,PC;PS5;Xbox;Switch,4,No,2002,Puzzle;Adventure,Yes,https://example.com/games/astroneer-special-edition
Persona 5 Strikers Deluxe Edition,Xbox,3,Yes,2011,Grand Strategy;Strategy,No,https://example.com/games/persona-5-strikers-deluxe-edition
Mordheim Omega Edition 5,PC;Xbox,6,No,2007,Grand Strategy;Strategy,Yes,https://example.com/games/mordheim-omega-edition-5
Overcooked Legendary Edition,PC;Switch,6,No,2005,Action;Adventure,No,https://example.com/games/overcooked-legendary-edition
Valheim Omega Edition,PC;PS4;Xbox;Switch,8,No,2015,Simulation;Sandbox,No,https://example.com/games/valheim-omega-edition
End of Nations Definitive Edition,PC;PS5;Xbox;Switch,,No,2007,Strategy;Turn-Based,No,https://example.com/games/end-of-nations-definitive-edition
Pokemon Unite 4,PC;PS5;Xbox;Switch,Many,No,2021,Strategy;Turn-Based,No,https://example.com/games/pokemon-unite-4
Scarlet Nexus Digital Edition,PC;Xbox,,No,2026,Sandbox,No,https://example.com/games/scarlet-nexus-digital-edition
Tales of Berseria Omega Edition 5,PC;PS5;Xbox,8,Yes,2020,Simulation;Sandbox,No,https://example.com/games/tales-of-berseria-omega-edition-5
Phoenix Point,PC;PS5,,Yes,2021,Strategy;RTS,No,https://example.com/games/phoenix-point
Fire Emblem Warriors,PS5;Xbox,,Yes,2012,Simulation;Sandbox,No,https://example.com/games/fire-emblem-warriors
XCOM Special Edition,PC;PS5;Xbox,,No,2025,Racing,No,https://example.com/games/xcom-special-edition
Sleeping Dogs Complete Edition,PC;Xbox,4,Yes,2011,Battle Royale;Shooter,No,https://example.com/games/sleeping-dogs-complete-edition
Flower Omega Edition 2,PC;PS5,6,No,2011,MOBA;Strategy,No,https://example.com/games/flower-omega-edition-2
Warhammer 40K Mechanicus Last Edition,PC;PS4;Xbox,4,No,2021,Action;Adventure,No,https://example.com/games/warhammer-40k-mechanicus-last-edition
WRC Omega Edition 4,PC;Switch,,No,2011,Casual;Party,Yes,https://example.com/games/wrc-omega-edition-4
Sable 3,PC;PS5,3,Yes,2004,Party;Action,No,https://example.com/games/sable-3
DayZ Beta Edition,PS5;Xbox,8,Yes,2016,Battle Royale;Shooter,No,https://example.com/games/dayz-beta-edition
Tell Me Why Deluxe Edition,PC;PS4;Xbox;Switch,,No,2007,4X;Strategy,No,https://example.com/games/tell-me-why-deluxe-edition
Hearts of Iron Digital Edition,PC;PS5;Xbox,3,Yes,2017,Sandbox,No,https://example.com/games/hearts-of-iron-digital-edition
Tales of Destiny Final Edition,PC;PS4;Xbox;Switch,,Yes,2001,Racing,No,https://example.com/games/tales-of-destiny-final-edition
Zombie Panic Remake,PS5;Xbox,Many,No,2021,Puzzle;Adventure,No,https://example.com/games/zombie-panic-remake
No Man's Sky 2,Xbox,,No,2012,Survival;Sandbox,Yes,https://example.com/games/no-man-s-sky-2
Etrian Odyssey Anniversary Edition,PC;Xbox,Many,Yes,2009,Shooter;RPG,No,https://example.com/games/etrian-odyssey-anniversary-edition
Star Citizen Beta Edition,PC;PS5;Xbox,,No,2005,Strategy;RTS,No,https://example.com/games/star-citizen-beta-edition
UFO Enemy Unknown Anniversary Edition,PC;PS4;Xbox,,Yes,2024,Action;Adventure,No,https://example.com/games/ufo-enemy-unknown-anniversary-edition
Fire Force Last Edition,Xbox,,Yes,2009,4X;Strategy,No,https://example.com/games/fire-force-last-edition
Killing Floor,PC;Switch,Many,No,2020,Survival;Horror,Yes,https://example.com/games/killing-floor
One Piece Bounty Rush Deluxe Edition,PC;Xbox,Many,No,2009,Strategy;RTS,No,https://example.com/games/one-piece-bounty-rush-deluxe-edition
Painkiller Enhanced Edition,PC;Xbox,4,No,2002,Survival;Horror,Yes,https://example.com/games/painkiller-enhanced-edition
Halo Anniversary Edition,PC,6,No,2001,RPG;Action,No,https://example.com/games/halo-anniversary-edition
Muramasa Standard Edition,Xbox,,Yes,2003,Simulation,No,https://example.com/games/muramasa-standard-edition
Cuphead Alpha Edition,PC;Xbox,4,No,2000,Racing,No,https://example.com/games/cuphead-alpha-edition
No Man's Sky Digital Edition,Xbox,4,No,2017,Shooter;Action,No,https://example.com/games/no-man-s-sky-digital-edition
Endless Space Ultimate Edition,PC;Switch,,Yes,2020,Action;Platformer,No,https://example.com/games/endless-space-ultimate-edition
Company of Heroes Omega Edition 2,PC;PS5,6,Yes,2017,Shooter;Action,No,https://example.com/games/company-of-heroes-omega-edition-2
Dragon Ball Legends 4,PC;PS5,3,No,2023,Grand Strategy;Strategy,No,https://example.com/games/dragon-ball-legends-4
Oxygen Not Included Definitive Edition,PC;PS5;Xbox;Switch,,Yes,2022,Shooter;Action,Yes,https://example.com/games/oxygen-not-included-definitive-edition
Colin McRae 5,PC;PS4;Xbox,4,No,2012,Simulation;Sandbox,No,https://example.com/games/colin-mcrae-5
DayZ Remastered,PC;PS4;Xbox;Switch,4,No,2009,Casual;Party,No,https://example.com/games/dayz-remastered
Blood Last Edition,PC;PS4;Xbox,4,No,2013,Casual;Party,No,https://example.com/games/blood-last-edition
Fire Force Special Edition,Xbox,,Yes,2010,MOBA;Strategy,No,https://example.com/games/fire-force-special-edition
SimCity Omega Edition 3,PC;Switch,,Yes,2010,Battle Royale;Shooter,Yes,https://example.com/games/simcity-omega-edition-3
Scarlet Nexus 3,PC,,Yes,2018,Strategy;Turn-Based,Yes,https://example.com/games/scarlet-nexus-3
Game of Thrones Conquest 4,PC;PS5;Xbox,4,No,2009,Sports,No,https://example.com/games/game-of-thrones-conquest-4
Party Animals Limited Edition,PC;PS5,3,Yes,2000,Sandbox,No,https://example.com/games/party-animals-limited-edition
Gundam Seed Battle Assault 2 Special Edition,Xbox,8,No,2015,4X;Strategy,No,https://example.com/games/gundam-seed-battle-assault-2-special-edition
Back 4 Blood 5,PC,4,No,2005,Action;Platformer,No,https://example.com/games/back-4-blood-5
Railroad Tycoon Deluxe Edition,PC;PS5;Xbox;Switch,8,Yes,2002,Action;Platformer,No,https://example.com/games/railroad-tycoon-deluxe-edition
Lost Ark 4,PC;Switch,,No,2024,Sandbox,No,https://example.com/games/lost-ark-4
Atlas Omega Edition 5,PS5;Xbox,4,No,2020,Party;Action,No,https://example.com/games/atlas-omega-edition-5
Live a Live 4,PC;PS4;Xbox;Switch,,Yes,2016,Simulation;Sandbox,No,https://example.com/games/live-a-live-4
Nikke Digital Edition,PC;PS5;Xbox,,Yes,2000,Shooter;RPG,No,https://example.com/games/nikke-digital-edition
Destruction Derby Remake,PC;Switch,,No,2021,Strategy;Turn-Based,No,https://example.com/games/destruction-derby-remake
Half-Life Omega Edition,PC;PS5,4,No,2024,Action;Adventure,No,https://example.com/games/half-life-omega-edition
Oxygen Not Included Enhanced Edition,PC;PS4;Xbox;Switch,,Yes,2009,Shooter;Action,No,https://example.com/games/oxygen-not-included-enhanced-edition
Gundam Seed Battle Chronicle 5,PC;PS5;Xbox,4,No,2016,Simulation;Sandbox,No,https://example.com/games/gundam-seed-battle-chronicle-5
Resident Evil Standard Edition,PC;PS5;Xbox;Switch,,No,2012,RPG;Action,No,https://example.com/games/resident-evil-standard-edition
World of Tanks Limited Edition,Xbox,4,No,2011,Puzzle;Adventure,No,https://example.com/games/world-of-tanks-limited-edition
No Man's Sky Alpha Edition,PS5;Xbox,4,No,2020,Sandbox,No,https://example.com/games/no-man-s-sky-alpha-edition
Uncharted Deluxe Edition,PC;PS4;Xbox;Switch,3,No,2011,Sandbox,No,https://example.com/games/uncharted-deluxe-edition
Tower of God Legendary Edition,PC;PS5;Xbox;Switch,2,Yes,2018,Action;Platformer,Yes,https://example.com/games/tower-of-god-legendary-edition
Panel de Pon Definitive Edition,Xbox,3,No,2007,Racing,No,https://example.com/games/panel-de-pon-definitive-edition
Dead by Daylight Deluxe Edition,Xbox,,No,2012,Action;Platformer,Yes,https://example.com/games/dead-by-daylight-deluxe-edition
Total War Omega Edition,PS5;Xbox,6,No,2002,Sports,No,https://example.com/games/total-war-omega-edition
Reckless Racing Anniversary Edition,PC;Xbox,4,No,2000,Racing,No,https://example.com/games/reckless-racing-anniversary-edition
Warhammer 40K Mechanicus Premium Edition,PC,,Yes,2003,Survival;Sandbox,No,https://example.com/games/warhammer-40k-mechanicus-premium-edition
Frostpunk Beta Edition,PC;PS5,3,No,2006,Survival;Horror,No,https://example.com/games/frostpunk-beta-edition
Snowrunner Omega Edition 3,Xbox,,No,2001,Tactical;Shooter,No,https://example.com/games/snowrunner-omega-edition-3
Spintires First Edition,PC;Xbox,4,Yes,2013,Racing,No,https://example.com/games/spintires-first-edition
Zombie Army Omega Edition 5,PC;PS4;Xbox;Switch,,No,2024,Grand Strategy;Strategy,No,https://example.com/games/zombie-army-omega-edition-5
Europa Universalis Remake,PC;Switch,4,No,2008,Puzzle;Adventure,No,https://example.com/games/europa-universalis-remake
Icarus Remake,PC;Xbox,,Yes,2022,Tactical;Shooter,No,https://example.com/games/icarus-remake
Axiom Ver 2,PC;PS4;Xbox;Switch,,No,2024,Tactical;Shooter,No,https://example.com/games/axiom-ver-2
Empire Four Kingdoms Anniversary Edition,PC;PS5,8,Yes,2017,Casual;Party,No,https://example.com/games/empire-four-kingdoms-anniversary-edition
Monster Hunter Alpha Edition,PC;PS5;Xbox,Many,No,2005,Party;Action,No,https://example.com/games/monster-hunter-alpha-edition
Zombie Panic Source Special Edition,PC,,No,2004,Grand Strategy;Strategy,Yes,https://example.com/games/zombie-panic-source-special-edition
Overcooked,Xbox,2,No,2004,Action;Adventure,Yes,https://example.com/games/overcooked
One Punch Man 5,PC;PS4;Xbox,4,No,2017,Action;Platformer,No,https://example.com/games/one-punch-man-5
Naruto Deluxe Edition,PS5;Xbox,4,No,2007,Simulation;Sandbox,No,https://example.com/games/naruto-deluxe-edition
Madden NFL Collector's Edition,PC;PS5;Xbox;Switch,,Yes,2004,Casual;Party,No,https://example.com/games/madden-nfl-collector-s-edition
Accelate,PC;PS5;Xbox;Switch,8,Yes,2016,Casual;Party,No,https://example.com/games/accelate
Operation Tango Complete Edition,PC;PS5;Xbox,8,No,2005,Shooter;Action,No,https://example.com/games/operation-tango-complete-edition
Spyro First Edition,PC;Xbox,,No,2020,Sandbox,No,https://example.com/games/spyro-first-edition
Gundam Seed Battle Assault 5 Limited Edition,PC;PS5;Xbox,4,No,2000,Strategy;Turn-Based,Yes,https://example.com/games/gundam-seed-battle-assault-5-limited-edition
Kingdom Complete Edition,Xbox,2,No,2001,Party;Action,Yes,https://example.com/games/kingdom-complete-edition
Radical Dreamers,PC;PS4;Xbox,,Yes,2011,Tactical;Shooter,No,https://example.com/games/radical-dreamers
Mortal Online Physical Edition,PC;Xbox,,Yes,2009,Shooter;Action,No,https://example.com/games/mortal-online-physical-edition
Front Mission Online Definitive Edition,PS5;Xbox,,Yes,2017,Strategy;Turn-Based,No,https://example.com/games/front-mission-online-definitive-edition
Monogatari Remake,PC;PS4;Xbox;Switch,6,No,2022,Casual;Party,Yes,https://example.com/games/monogatari-remake
Satisfactory Collector's Edition,PC;PS5;Xbox,Many,No,2016,Strategy;RTS,No,https://example.com/games/satisfactory-collector-s-edition
Black Desert Limited Edition,PC;PS5,4,No,2003,Survival;Sandbox,No,https://example.com/games/black-desert-limited-edition
Dark Souls Physical Edition,PC;PS5;Xbox;Switch,4,Yes,2003,Simulation,No,https://example.com/games/dark-souls-physical-edition
Green Hell Ultimate Edition,PC;PS5,,Yes,2023,Shooter;RPG,No,https://example.com/games/green-hell-ultimate-edition
Berserk Musou Remake,PC;PS4;Xbox;Switch,,Yes,2022,Sandbox,No,https://example.com/games/berserk-musou-remake
Tokyo Mirage Sessions Remake,PC,,No,2023,Puzzle;Adventure,No,https://example.com/games/tokyo-mirage-sessions-remake
Ark 4,PC;PS4;Xbox,2,No,2014,Sports,No,https://example.com/games/ark-4
Call to Arms Enhanced Edition,PC;PS4;Xbox,3,No,2005,Shooter;Action,Yes,https://example.com/games/call-to-arms-enhanced-edition
Game of Thrones Conquest Premium Edition,PC,4,No,2011,Simulation,No,https://example.com/games/game-of-thrones-conquest-premium-edition
Digital Devil Saga Last Edition,PC;Xbox,6,Yes,2015,MOBA;Strategy,No,https://example.com/games/digital-devil-saga-last-edition
Jujutsu Kaisen Omega Edition,PC,8,Yes,2010,Battle Royale;Shooter,No,https://example.com/games/jujutsu-kaisen-omega-edition
Life is Feudal Collector's Edition,PC;Xbox,,Yes,2022,Shooter;Action,No,https://example.com/games/life-is-feudal-collector-s-edition
Cult of the Lamb Omega Edition 3,PC;PS5;Xbox;Switch,8,Yes,2025,Action;Platformer,Yes,https://example.com/games/cult-of-the-lamb-omega-edition-3
Wolfenstein Remastered,PC,,No,2004,Party;Action,No,https://example.com/games/wolfenstein-remastered
Call to Arms Anniversary Edition,PS5;Xbox,4,Yes,2026,Puzzle;Adventure,No,https://example.com/games/call-to-arms-anniversary-edition
Book of Travels First Edition,PS5;Xbox,,Yes,2010,Tactical;Shooter,Yes,https://example.com/games/book-of-travels-first-edition
Mortal Online 4,Xbox,,No,2000,Shooter;Action,No,https://example.com/games/mortal-online-4
Metal Gear Online Enhanced Edition,PC;PS5;Xbox,4,No,2009,Simulation,No,https://example.com/games/metal-gear-online-enhanced-edition
Beach Buggy Racing Legendary Edition,PC,6,No,2009,Tactical;Shooter,No,https://example.com/games/beach-buggy-racing-legendary-edition
Anno 4,PC,,No,2012,Racing,No,https://example.com/games/anno-4
Tales of Vesperia Omega Edition 5,PC;Xbox,8,Yes,2013,Simulation;Sandbox,Yes,https://example.com/games/tales-of-vesperia-omega-edition-5
Company of Heroes Definitive Edition,PC;PS5,3,No,2016,Sports,Yes,https://example.com/games/company-of-heroes-definitive-edition
Etrian Odyssey,PC;PS5;Xbox,4,No,2011,Action;Platformer,No,https://example.com/games/etrian-odyssey
Army of Two Deluxe Edition,PC;PS5;Xbox,3,No,2017,Party;Action,No,https://example.com/games/army-of-two-deluxe-edition
Metal Gear Ultimate Edition,PC;PS5,3,No,2025,Simulation,No,https://example.com/games/metal-gear-ultimate-edition
Raft 5,PC;Xbox,,Yes,2011,Strategy;Turn-Based,No,https://example.com/games/raft-5
Half-Life Omega Edition 3,PC;PS5;Xbox,8,No,2014,Party;Action,No,https://example.com/games/half-life-omega-edition-3
Left 4 Dead Physical Edition,PC;PS5,,Yes,2019,MOBA;Strategy,No,https://example.com/games/left-4-dead-physical-edition
Deliver Us Mars Legendary Edition,PC;PS4;Xbox,,Yes,2016,Action;Platformer,Yes,https://example.com/games/deliver-us-mars-legendary-edition
Empires Mod Remastered,PC;PS5;Xbox;Switch,6,No,2001,Racing,No,https://example.com/games/empires-mod-remastered
Warhammer 40K,PC,,No,2004,Puzzle;Adventure,No,https://example.com/games/warhammer-40k
Alien Isolation Beta Edition,Xbox,,No,2010,MOBA;Strategy,No,https://example.com/games/alien-isolation-beta-edition
Mini Motorways Game of the Year Edition,PS5;Xbox,,Yes,2015,Sports,No,https://example.com/games/mini-motorways-game-of-the-year-edition
King of Avalon Digital Edition,PC;PS4;Xbox;Switch,2,No,2014,Sandbox,No,https://example.com/games/king-of-avalon-digital-edition
Marvel's Midnight Suns Last Edition,PC;PS5;Xbox,4,No,2017,Action;Platformer,No,https://example.com/games/marvel-s-midnight-suns-last-edition
Wolfenstein Complete Edition,PC;PS5;Xbox;Switch,4,Yes,2012,Sports,No,https://example.com/games/wolfenstein-complete-edition
Two Point Campus Limited Edition,PS5;Xbox,8,No,2004,Strategy;Turn-Based,No,https://example.com/games/two-point-campus-limited-edition
Grounded 5,PC;Xbox,Many,No,2012,Grand Strategy;Strategy,No,https://example.com/games/grounded-5
Mini Motorways Deluxe Edition,PC;Xbox,,Yes,2025,Strategy;RTS,No,https://example.com/games/mini-motorways-deluxe-edition
Back 4 Blood Standard Edition,Xbox,,Yes,2026,Grand Strategy;Strategy,No,https://example.com/games/back-4-blood-standard-edition
Wolfenstein Omega Edition,PC;PS4;Xbox,,No,2014,Survival;Sandbox,No,https://example.com/games/wolfenstein-omega-edition
Unrailed Anniversary Edition,PC;Xbox,3,No,2004,Simulation;Sandbox,No,https://example.com/games/unrailed-anniversary-edition
Another Century's Episode Definitive Edition,PC;PS5;Xbox,,No,2019,Simulation,No,https://example.com/games/another-century-s-episode-definitive-edition
Hill Climb Racing Definitive Edition,PC;PS5;Xbox,8,No,2006,Action;Platformer,No,https://example.com/games/hill-climb-racing-definitive-edition
Kingdom Remake,PC;PS5;Xbox;Switch,8,No,2023,RPG;Action,No,https://example.com/games/kingdom-remake
Subnautica Final Edition,PC;PS4;Xbox;Switch,4,Yes,2020,Survival;Horror,Yes,https://example.com/games/subnautica-final-edition
Tokyo Ghoul Digital Edition,PC;Xbox,,No,2015,Action;Adventure,No,https://example.com/games/tokyo-ghoul-digital-edition
Metal Gear Rising Premium Edition,PC,2,No,2007,Puzzle;Adventure,No,https://example.com/games/metal-gear-rising-premium-edition
Deliver Us Mars First Edition,PC,4,No,2017,RPG;Action,No,https://example.com/games/deliver-us-mars-first-edition
Farmville Complete Edition,PS5;Xbox,4,Yes,2020,Simulation;Sandbox,No,https://example.com/games/farmville-complete-edition
SimCity 3,PC;PS5,8,Yes,2014,Tactical;Shooter,No,https://example.com/games/simcity-3
Overcooked Definitive Edition,PC;PS4;Xbox,4,No,2019,Casual;Party,No,https://example.com/games/overcooked-definitive-edition
Hay Day Omega Edition 2,PC;PS5;Xbox,,Yes,2024,Survival;Horror,No,https://example.com/games/hay-day-omega-edition-2
Xenosaga Remake,Xbox,,No,2014,Puzzle;Adventure,No,https://example.com/games/xenosaga-remake
Left 4 Dead 5,PC;PS4;Xbox;Switch,6,No,2006,Puzzle;Adventure,No,https://example.com/games/left-4-dead-5
Last Epoch Omega Edition,PC;PS4;Xbox;Switch,8,Yes,2016,Shooter;RPG,No,https://example.com/games/last-epoch-omega-edition
Sword Art Online Premium Edition,PC,,No,2012,MOBA;Strategy,No,https://example.com/games/sword-art-online-premium-edition
Gundam Seed Battle Assault 5 Final Edition,PC;PS5;Xbox,Many,No,2000,Puzzle;Adventure,No,https://example.com/games/gundam-seed-battle-assault-5-final-edition
Gundam Battle Operation Remake,PC;PS5;Xbox,,Yes,2024,Casual;Party,No,https://example.com/games/gundam-battle-operation-remake
Snowrunner 2,PC,Many,No,2001,Racing,No,https://example.com/games/snowrunner-2
Grandia Complete Edition,PC;PS5,,Yes,2025,MOBA;Strategy,No,https://example.com/games/grandia-complete-edition
Enter the Gungeon Collector's Edition,PC;PS5;Xbox;Switch,4,Yes,2013,Shooter;RPG,No,https://example.com/games/enter-the-gungeon-collector-s-edition
Miscreated Special Edition,PC;PS5;Xbox;Switch,6,No,2001,Simulation;Sandbox,No,https://example.com/games/miscreated-special-edition
Binary Domain 3,PC,4,No,2004,RPG;Action,No,https://example.com/games/binary-domain-3
Anno First Edition,PC;PS5;Xbox,4,No,2004,Battle Royale;Shooter,No,https://example.com/games/anno-first-edition
Axiom Ver Last Edition,PS5;Xbox,4,No,2014,Survival;Horror,No,https://example.com/games/axiom-ver-last-edition
Chrono Trigger Anniversary Edition,Xbox,,No,2011,Survival;Horror,No,https://example.com/games/chrono-trigger-anniversary-edition
Empires Mod Anniversary Edition,PC;PS5,,Yes,2018,Party;Action,No,https://example.com/games/empires-mod-anniversary-edition
Final Fantasy XIV Final Edition,PC;Xbox,4,No,2001,Shooter;Action,Yes,https://example.com/games/final-fantasy-xiv-final-edition
Ark Legendary Edition,PS5;Xbox,8,No,2016,4X;Strategy,No,https://example.com/games/ark-legendary-edition
Rust Omega Edition 2,PC,6,No,2011,Shooter;Action,No,https://example.com/games/rust-omega-edition-2
Gundam Battle Operation Omega Edition 2,PC;PS5,4,Yes,2018,RPG;Action,Yes,https://example.com/games/gundam-battle-operation-omega-edition-2
Stellaris Omega Edition 4,PC,,Yes,2019,Sports,No,https://example.com/games/stellaris-omega-edition-4
Dirt Ultimate Edition,PC;PS5,2,Yes,2001,4X;Strategy,No,https://example.com/games/dirt-ultimate-edition
Gundam Battle,PC,,No,2005,Survival;Sandbox,No,https://example.com/games/gundam-battle
Unravel Ultimate Edition,PS5;Xbox,,Yes,2011,Survival;Sandbox,No,https://example.com/games/unravel-ultimate-edition
Homeworld Deserts of Kharak Last Edition,PC;PS4;Xbox;Switch,4,Yes,2004,MOBA;Strategy,No,https://example.com/games/homeworld-deserts-of-kharak-last-edition
Life is Feudal,PS5;Xbox,Many,No,2010,Action;Adventure,Yes,https://example.com/games/life-is-feudal
One Piece Pirate Warriors Complete Edition,PC;PS5;Xbox,,Yes,2018,Strategy;RTS,No,https://example.com/games/one-piece-pirate-warriors-complete-edition
Back 4 Blood Physical Edition,PC;PS4;Xbox,3,No,2002,Grand Strategy;Strategy,Yes,https://example.com/games/back-4-blood-physical-edition
Fate Grand Order Beta Edition,Xbox,,No,2019,Sports,No,https://example.com/games/fate-grand-order-beta-edition
Sekiro Special Edition,Xbox,8,No,2021,Shooter;Action,No,https://example.com/games/sekiro-special-edition
Dirty Bomb Omega Edition 2,PC;PS5;Xbox,8,No,2015,Simulation,Yes,https://example.com/games/dirty-bomb-omega-edition-2
H1Z1 Omega Edition 5,PC;Switch,4,No,2007,RPG;Action,No,https://example.com/games/h1z1-omega-edition-5
Planet Coaster Omega Edition 4,PC;PS4;Xbox;Switch,4,Yes,2014,Sports,No,https://example.com/games/planet-coaster-omega-edition-4
0 AD Anniversary Edition,PS5;Xbox,4,No,2009,Survival;Horror,No,https://example.com/games/0-ad-anniversary-edition
Overwatch Omega Edition 5,PC,2,Yes,2019,Shooter;Action,No,https://example.com/games/overwatch-omega-edition-5
Army of Two Omega Edition 4,PC,4,No,2003,Survival;Sandbox,No,https://example.com/games/army-of-two-omega-edition-4
Gwent 3,PC;PS4;Xbox;Switch,,No,2003,Sports,No,https://example.com/games/gwent-3
The Cursed Island Special Edition,PC,6,Yes,2003,Casual;Party,Yes,https://example.com/games/the-cursed-island-special-edition
Spyro Limited Edition,PC;PS5;Xbox;Switch,6,Yes,2026,Survival;Sandbox,No,https://example.com/games/spyro-limited-edition
Factorio 4,PC;Xbox,8,Yes,2020,Action;Platformer,No,https://example.com/games/factorio-4
Gundam Versus Standard Edition,PC;PS4;Xbox;Switch,2,No,2001,Survival;Sandbox,Yes,https://example.com/games/gundam-versus-standard-edition
Breathedge Omega Edition 3,PC;Switch,8,No,2025,Action;Adventure,No,https://example.com/games/breathedge-omega-edition-3
Natural Selection Omega Edition 5,PC;Switch,6,No,2022,4X;Strategy,No,https://example.com/games/natural-selection-omega-edition-5
Shapez Omega Edition 3,Xbox,6,No,2021,MOBA;Strategy,No,https://example.com/games/shapez-omega-edition-3
Phoenix Point 2,PC;PS4;Xbox,3,Yes,2011,Strategy;RTS,No,https://example.com/games/phoenix-point-2
Dyson Sphere Program Special Edition,PC;Switch,4,No,2008,Shooter;RPG,No,https://example.com/games/dyson-sphere-program-special-edition
Saints Row Omega Edition 3,PC;PS5;Xbox;Switch,4,No,2017,Sandbox,Yes,https://example.com/games/saints-row-omega-edition-3
Mini Motorways 3,PC,4,No,2015,Strategy;RTS,No,https://example.com/games/mini-motorways-3
Gundam Battle Universe Omega Edition 3,PC;PS4;Xbox;Switch,8,Yes,2001,Sandbox,Yes,https://example.com/games/gundam-battle-universe-omega-edition-3
Warhammer Fantasy Premium Edition,PC;PS5;Xbox,,Yes,2010,Strategy;RTS,Yes,https://example.com/games/warhammer-fantasy-premium-edition
Rise of Kingdoms Collector's Edition,PC;Switch,4,No,2016,Grand Strategy;Strategy,No,https://example.com/games/rise-of-kingdoms-collector-s-edition
Deliver Us Moon 4,PC;Xbox,4,No,2020,Action;Adventure,No,https://example.com/games/deliver-us-moon-4
Forza Motorsport Complete Edition,PC;Switch,8,No,2008,Sports,No,https://example.com/games/forza-motorsport-complete-edition
Warcraft Omega Edition 5,PS5;Xbox,,Yes,2026,Simulation,Yes,https://example.com/games/warcraft-omega-edition-5
Call of Duty Limited Edition,Xbox,,Yes,2016,Racing,No,https://example.com/games/call-of-duty-limited-edition
Moving Out Limited Edition,PC,,No,2013,Shooter;Action,No,https://example.com/games/moving-out-limited-edition
Before We Leave Omega Edition 4,PC,3,No,2000,Strategy;RTS,No,https://example.com/games/before-we-leave-omega-edition-4
Dead Rising Alpha Edition,PS5;Xbox,,No,2008,Shooter;RPG,No,https://example.com/games/dead-rising-alpha-edition
Blazing Souls Digital Edition,PC;Switch,2,No,2010,Survival;Horror,No,https://example.com/games/blazing-souls-digital-edition
Zombie Army Physical Edition,PC,Many,No,2006,Party;Action,Yes,https://example.com/games/zombie-army-physical-edition
NMRiH Remake,Xbox,4,No,2013,Simulation,No,https://example.com/games/nmrih-remake
Catherine 4,PC;PS5;Xbox,4,Yes,2023,Sports,No,https://example.com/games/catherine-4
Gundam Seed Battle Assault 4 Limited Edition,PC;PS4;Xbox;Switch,4,No,2014,Survival;Horror,No,https://example.com/games/gundam-seed-battle-assault-4-limited-edition
Motorstorm Enhanced Edition,Xbox,,No,2019,Sandbox,No,https://example.com/games/motorstorm-enhanced-edition
Log Horizon Standard Edition,PC;Switch,,No,2018,MOBA;Strategy,No,https://example.com/games/log-horizon-standard-edition
Lawbreakers Final Edition,PC;PS4;Xbox,,No,2020,MOBA;Strategy,Yes,https://example.com/games/lawbreakers-final-edition
Shapez Game of the Year Edition,Xbox,4,No,2009,Party;Action,No,https://example.com/games/shapez-game-of-the-year-edition
The Cursed Island Alpha Edition,PC;Switch,,Yes,2025,Sports,No,https://example.com/games/the-cursed-island-alpha-edition
Mafia Complete Edition,PC;PS5,,No,2022,Sports,No,https://example.com/games/mafia-complete-edition
Overlord Omega Edition 2,PC;PS5;Xbox,4,Yes,2017,Tactical;Shooter,Yes,https://example.com/games/overlord-omega-edition-2
Gundam Wing Battle 5,PC;PS4;Xbox;Switch,Many,Yes,2007,Grand Strategy;Strategy,Yes,https://example.com/games/gundam-wing-battle-5
Albion Online Deluxe Edition,PC,2,No,2000,Sports,No,https://example.com/games/albion-online-deluxe-edition
Palworld Complete Edition,PS5;Xbox,,No,2025,4X;Strategy,No,https://example.com/games/palworld-complete-edition
Sekiro Collector's Edition,Xbox,,No,2017,Action;Adventure,Yes,https://example.com/games/sekiro-collector-s-edition
Chorus 3,PC;Xbox,,Yes,2023,Puzzle;Adventure,No,https://example.com/games/chorus-3
Heroes of the Storm Omega Edition 2,PC;PS5;Xbox,Many,Yes,2013,Action;Adventure,No,https://example.com/games/heroes-of-the-storm-omega-edition-2
Traffic Rider 4,PS5;Xbox,,No,2010,Strategy;RTS,No,https://example.com/games/traffic-rider-4
One Punch Man Game of the Year Edition,PC,3,No,2025,Survival;Horror,No,https://example.com/games/one-punch-man-game-of-the-year-edition
No Man's Sky Last Edition,PC,Many,No,2009,Action;Platformer,No,https://example.com/games/no-man-s-sky-last-edition
Killing Floor Legendary Edition,Xbox,,Yes,2006,Shooter;RPG,No,https://example.com/games/killing-floor-legendary-edition
No Man's Sky Remake,PC,,Yes,2013,Tactical;Shooter,No,https://example.com/games/no-man-s-sky-remake
Township 5,PC;PS4;Xbox;Switch,Many,No,2006,Casual;Party,No,https://example.com/games/township-5
Battletech Remastered,Xbox,,Yes,2013,Sports,No,https://example.com/games/battletech-remastered
God of War Omega Edition 5,Xbox,,No,2007,Casual;Party,No,https://example.com/games/god-of-war-omega-edition-5
One Piece Bounty Rush Ultimate Edition,PS5;Xbox,,No,2007,Shooter;Action,No,https://example.com/games/one-piece-bounty-rush-ultimate-edition
Borderlands Omega Edition 4,PC;Switch,4,No,2022,Tactical;Shooter,No,https://example.com/games/borderlands-omega-edition-4
Disco Elysium Limited Edition,PC;Switch,,No,2025,Racing,No,https://example.com/games/disco-elysium-limited-edition
Factorio Digital Edition,Xbox,,Yes,2001,Casual;Party,No,https://example.com/games/factorio-digital-edition
Age of Wonders Omega Edition 2,PS5;Xbox,2,Yes,2008,Casual;Party,No,https://example.com/games/age-of-wonders-omega-edition-2
They Are Billions Complete Edition,PC;PS5,6,No,2007,Survival;Sandbox,No,https://example.com/games/they-are-billions-complete-edition
Empire Four Kingdoms Last Edition,PC;Xbox,,Yes,2013,Simulation;Sandbox,No,https://example.com/games/empire-four-kingdoms-last-edition
Saints Row Digital Edition,PC;Xbox,,No,2020,RPG;Action,No,https://example.com/games/saints-row-digital-edition
Front Mission 3 Legendary Edition,PC;PS4;Xbox,3,Yes,2023,Strategy;Turn-Based,No,https://example.com/games/front-mission-3-legendary-edition
Doom Anniversary Edition,PC;Switch,,Yes,2014,Sandbox,No,https://example.com/games/doom-anniversary-edition
Observer Last Edition,PC;PS4;Xbox,,No,2008,Sandbox,No,https://example.com/games/observer-last-edition
SimCity BuildIt Premium Edition,PS5;Xbox,4,No,2026,Tactical;Shooter,No,https://example.com/games/simcity-buildit-premium-edition
Rollercoaster Tycoon Final Edition,PC,,Yes,2022,RPG;Action,No,https://example.com/games/rollercoaster-tycoon-final-edition
Warhammer 40K Mechanicus Game of the Year Edition,PC;Xbox,,Yes,2005,Shooter;Action,No,https://example.com/games/warhammer-40k-mechanicus-game-of-the-year-edition
Majin Tensei Game of the Year Edition,PC,4,No,2015,Puzzle;Adventure,No,https://example.com/games/majin-tensei-game-of-the-year-edition
Tyranny 4,PC;PS5;Xbox,,Yes,2012,Grand Strategy;Strategy,No,https://example.com/games/tyranny-4
Granblue Fantasy 2,PC;PS4;Xbox;Switch,4,No,2008,Action;Platformer,No,https://example.com/games/granblue-fantasy-2
Vanquish Beta Edition,PC;Xbox,,Yes,2025,Action;Platformer,No,https://example.com/games/vanquish-beta-edition
Dragon Ball Z Dokkan Standard Edition,PC;PS4;Xbox,4,Yes,2008,Battle Royale;Shooter,Yes,https://example.com/games/dragon-ball-z-dokkan-standard-edition
Counter-Strike Enhanced Edition,PC;PS5,3,No,2001,RPG;Action,Yes,https://example.com/games/counter-strike-enhanced-edition
Counter-Strike 3,PC;PS5,4,Yes,2017,Survival;Horror,No,https://example.com/games/counter-strike-3
Blazing Souls First Edition,PC,,No,2024,Shooter;RPG,No,https://example.com/games/blazing-souls-first-edition
Human Fall Flat Standard Edition,Xbox,,Yes,2022,Racing,No,https://example.com/games/human-fall-flat-standard-edition
Jujutsu Kaisen Enhanced Edition,Xbox,,Yes,2026,Party;Action,No,https://example.com/games/jujutsu-kaisen-enhanced-edition
Men of War Physical Edition,PC;PS5;Xbox;Switch,,Yes,2020,Strategy;Turn-Based,No,https://example.com/games/men-of-war-physical-edition
UFO 50 Enhanced Edition,PC,,No,2018,Simulation;Sandbox,Yes,https://example.com/games/ufo-50-enhanced-edition
Konosuba Limited Edition,PC;PS4;Xbox;Switch,,Yes,2020,Grand Strategy;Strategy,No,https://example.com/games/konosuba-limited-edition
Before We Leave Deluxe Edition,PC;Switch,,No,2012,Survival;Sandbox,No,https://example.com/games/before-we-leave-deluxe-edition
Supreme Commander Alpha Edition,PC;PS5,3,No,2016,Battle Royale;Shooter,No,https://example.com/games/supreme-commander-alpha-edition
Front Mission Online Omega Edition,PC;PS4;Xbox;Switch,4,Yes,2005,Racing,No,https://example.com/games/front-mission-online-omega-edition
Darkest Dungeon Omega Edition 4,PC;PS4;Xbox,Many,Yes,2011,Strategy;RTS,No,https://example.com/games/darkest-dungeon-omega-edition-4
Enlisted Beta Edition,PS5;Xbox,4,No,2023,Simulation,No,https://example.com/games/enlisted-beta-edition
Factorio Definitive Edition,Xbox,,Yes,2012,Party;Action,Yes,https://example.com/games/factorio-definitive-edition
Spyro Beta Edition,PC,,No,2001,Battle Royale;Shooter,No,https://example.com/games/spyro-beta-edition
Medal of Honor Alpha Edition,PC;Xbox,6,No,2004,Tactical;Shooter,Yes,https://example.com/games/medal-of-honor-alpha-edition
Total Warhammer,PC;PS4;Xbox;Switch,4,Yes,2016,Strategy;Turn-Based,Yes,https://example.com/games/total-warhammer
Castlevania Omega Edition 5,PC;Switch,3,Yes,2015,Grand Strategy;Strategy,No,https://example.com/games/castlevania-omega-edition-5
Rime 5,PC;PS5;Xbox;Switch,4,No,2017,Strategy;RTS,Yes,https://example.com/games/rime-5
Fast RMX Remastered,PC;PS5,4,No,2014,4X;Strategy,No,https://example.com/games/fast-rmx-remastered
Quake Collector's Edition,PC;PS4;Xbox;Switch,,No,2002,Shooter;Action,No,https://example.com/games/quake-collector-s-edition
Chorus Limited Edition,PC;Xbox,8,No,2003,4X;Strategy,No,https://example.com/games/chorus-limited-edition
Dynasty Warriors 4,PS5;Xbox,Many,Yes,2021,Survival;Sandbox,No,https://example.com/games/dynasty-warriors-4
Age of Wonders Last Edition,PC;PS5,6,Yes,2002,Simulation;Sandbox,No,https://example.com/games/age-of-wonders-last-edition
Azur Lane Standard Edition,PC,4,No,2020,Tactical;Shooter,No,https://example.com/games/azur-lane-standard-edition
Battletech,PC;Xbox,Many,Yes,2024,4X;Strategy,No,https://example.com/games/battletech
Overcooked 3,PC;PS5;Xbox;Switch,,Yes,2017,Shooter;Action,No,https://example.com/games/overcooked-3
Deep Rock Galactic Omega Edition 2,Xbox,,No,2021,4X;Strategy,No,https://example.com/games/deep-rock-galactic-omega-edition-2
Blazing Souls Remake,PC;Switch,3,No,2007,Shooter;Action,No,https://example.com/games/blazing-souls-remake
Gears Tactics Omega Edition 5,PC;Xbox,4,No,2021,4X;Strategy,Yes,https://example.com/games/gears-tactics-omega-edition-5
Inscryption Remastered,PC;PS4;Xbox;Switch,8,Yes,2018,Strategy;RTS,Yes,https://example.com/games/inscryption-remastered
Civilization Definitive Edition,PC;Xbox,8,No,2015,Sandbox,No,https://example.com/games/civilization-definitive-edition
Enemy Territory Beta Edition,PC,,No,2007,Grand Strategy;Strategy,No,https://example.com/games/enemy-territory-beta-edition
Deliver Us Mars 4,PC;PS5;Xbox;Switch,8,No,2003,4X;Strategy,No,https://example.com/games/deliver-us-mars-4
Zombie Army Premium Edition,Xbox,,Yes,2026,Sandbox,No,https://example.com/games/zombie-army-premium-edition
Skul Digital Edition,PC;Switch,2,No,2003,Simulation,No,https://example.com/games/skul-digital-edition
Persona 5,PS5;Xbox,4,No,2026,Sandbox,Yes,https://example.com/games/persona-5
Rainbow Six Omega Edition 2,PC;PS5;Xbox,Many,No,2004,Survival;Horror,No,https://example.com/games/rainbow-six-omega-edition-2
Stronghold Anniversary Edition,PC;PS4;Xbox;Switch,,Yes,2002,Tactical;Shooter,No,https://example.com/games/stronghold-anniversary-edition
Battle Brothers Remastered,PC;PS5;Xbox;Switch,3,Yes,2017,Survival;Sandbox,No,https://example.com/games/battle-brothers-remastered
Tyranny Deluxe Edition,PS5;Xbox,,No,2008,Survival;Horror,No,https://example.com/games/tyranny-deluxe-edition
Astral Chain Physical Edition,PS5;Xbox,,No,2021,Survival;Horror,No,https://example.com/games/astral-chain-physical-edition
Bleeding Edge Ultimate Edition,PC;PS4;Xbox,,No,2000,Party;Action,Yes,https://example.com/games/bleeding-edge-ultimate-edition
Mini Motorways Special Edition,PC;PS5,,No,2016,Sandbox,No,https://example.com/games/mini-motorways-special-edition
Chain Chronicle Omega Edition,Xbox,,No,2017,Tactical;Shooter,No,https://example.com/games/chain-chronicle-omega-edition
Danganronpa 3,PC,,No,2013,Sandbox,No,https://example.com/games/danganronpa-3
War Front Final Edition,PC;PS4;Xbox;Switch,3,No,2009,Puzzle;Adventure,Yes,https://example.com/games/war-front-final-edition
Gundam Versus 5,PC;PS5;Xbox;Switch,,No,2002,Sports,No,https://example.com/games/gundam-versus-5
Arknights 3,PC;PS5;Xbox,,No,2000,Survival;Horror,No,https://example.com/games/arknights-3
Red Dead Collector's Edition,PC;Switch,6,No,2010,Survival;Sandbox,No,https://example.com/games/red-dead-collector-s-edition
Men of War Alpha Edition,PS5;Xbox,Many,No,2010,Tactical;Shooter,No,https://example.com/games/men-of-war-alpha-edition
Arknights Physical Edition,PC;PS5,8,No,2021,Simulation;Sandbox,No,https://example.com/games/arknights-physical-edition
Mudrunner 4,PC;Switch,4,Yes,2008,Survival;Sandbox,No,https://example.com/games/mudrunner-4
End of Nations Standard Edition,PC;Xbox,,Yes,2008,MOBA;Strategy,No,https://example.com/games/end-of-nations-standard-edition
Dead Cells,Xbox,3,No,2014,Simulation;Sandbox,No,https://example.com/games/dead-cells
Flower Remastered,PC,4,No,2018,Casual;Party,No,https://example.com/games/flower-remastered
God of War Limited Edition,PC,4,No,2013,MOBA;Strategy,No,https://example.com/games/god-of-war-limited-edition
Rocket League Omega Edition 4,PC;Xbox,,Yes,2012,Simulation,No,https://example.com/games/rocket-league-omega-edition-4
Mordheim Deluxe Edition,PC,8,No,2022,Puzzle;Adventure,No,https://example.com/games/mordheim-deluxe-edition
Boom Beach Beta Edition,PC;PS4;Xbox,,No,2002,MOBA;Strategy,No,https://example.com/games/boom-beach-beta-edition
Tropico Omega Edition,PS5;Xbox,,No,2014,Party;Action,No,https://example.com/games/tropico-omega-edition
Arknights 4,PS5;Xbox,,Yes,2026,Survival;Horror,No,https://example.com/games/arknights-4
Squad Enhanced Edition,PC;PS5,,No,2017,Battle Royale;Shooter,No,https://example.com/games/squad-enhanced-edition
Gundam Seed Battle Assault 6 4,PC;PS5,4,Yes,2006,4X;Strategy,No,https://example.com/games/gundam-seed-battle-assault-6-4
Gears Tactics Game of the Year Edition,PC;PS5;Xbox,,No,2010,Casual;Party,No,https://example.com/games/gears-tactics-game-of-the-year-edition
Homeworld Deserts of Kharak 5,PC;Switch,3,Yes,2021,Grand Strategy;Strategy,No,https://example.com/games/homeworld-deserts-of-kharak-5
Homeworld Deserts of Kharak,PC;PS5;Xbox,,Yes,2009,MOBA;Strategy,No,https://example.com/games/homeworld-deserts-of-kharak
Necromunda Special Edition,PC;Switch,4,Yes,2017,Simulation;Sandbox,No,https://example.com/games/necromunda-special-edition
Mafia Standard Edition,PS5;Xbox,,Yes,2013,Party;Action,No,https://example.com/games/mafia-standard-edition
Kingdom 3,Xbox,3,No,2002,4X;Strategy,No,https://example.com/games/kingdom-3
H1Z1 Premium Edition,PC;PS5,,No,2016,Simulation,Yes,https://example.com/games/h1z1-premium-edition
Seven Deadly Sins Alpha Edition,PC,,No,2011,Sandbox,No,https://example.com/games/seven-deadly-sins-alpha-edition
Jujutsu Kaisen 3,PC;PS5;Xbox,Many,Yes,2002,Shooter;RPG,No,https://example.com/games/jujutsu-kaisen-3
Curse of the Dead Gods Omega Edition 4,PC;PS4;Xbox;Switch,6,Yes,2007,Survival;Sandbox,Yes,https://example.com/games/curse-of-the-dead-gods-omega-edition-4
Baja Remastered,PS5;Xbox,4,Yes,2016,RPG;Action,No,https://example.com/games/baja-remastered
Star Ocean Omega Edition 2,PC;PS4;Xbox;Switch,Many,No,2002,Shooter;Action,No,https://example.com/games/star-ocean-omega-edition-2
Pummel Party Final Edition,PC;PS5;Xbox,,No,2003,Strategy;Turn-Based,No,https://example.com/games/pummel-party-final-edition
Ninja Gaiden Omega Edition 5,PC;PS4;Xbox;Switch,Many,Yes,2016,MOBA;Strategy,Yes,https://example.com/games/ninja-gaiden-omega-edition-5
Call to Arms 5,Xbox,4,Yes,2015,Tactical;Shooter,Yes,https://example.com/games/call-to-arms-5
Boom Beach Special Edition,PC;PS5;Xbox,,No,2023,Sports,No,https://example.com/games/boom-beach-special-edition
StarCraft Remastered,PC,,Yes,2023,Action;Platformer,Yes,https://example.com/games/starcraft-remastered
Rainbow Six Complete Edition,PC;PS5,3,No,2015,RPG;Action,No,https://example.com/games/rainbow-six-complete-edition
Gundam Seed Battle Chronicle Alpha Edition,PC,,No,2019,Sandbox,No,https://example.com/games/gundam-seed-battle-chronicle-alpha-edition
Doom Limited Edition,PC;PS5;Xbox,,Yes,2017,Action;Adventure,No,https://example.com/games/doom-limited-edition
Silent Hill Collector's Edition,PC,2,No,2007,Racing,Yes,https://example.com/games/silent-hill-collector-s-edition
Slay the Spire Final Edition,Xbox,,No,2020,Simulation;Sandbox,No,https://example.com/games/slay-the-spire-final-edition
BeamNG Physical Edition,PC,4,No,2005,Tactical;Shooter,No,https://example.com/games/beamng-physical-edition
Farmville Game of the Year Edition,PC;PS5;Xbox,3,No,2025,4X;Strategy,No,https://example.com/games/farmville-game-of-the-year-edition
The Walking Dead 5,Xbox,Many,No,2014,Racing,No,https://example.com/games/the-walking-dead-5
Pokemon Unite Definitive Edition,PC;PS4;Xbox,4,No,2005,Action;Adventure,No,https://example.com/games/pokemon-unite-definitive-edition
Outlast Beta Edition,PC;PS5;Xbox,3,No,2005,Sandbox,No,https://example.com/games/outlast-beta-edition
World in Conflict Digital Edition,PC;Switch,6,No,2002,Shooter;RPG,Yes,https://example.com/games/world-in-conflict-digital-edition
Tiny Tina Alpha Edition,PC;PS4;Xbox;Switch,6,No,2009,Tactical;Shooter,No,https://example.com/games/tiny-tina-alpha-edition
Zenless Zone Zero 2,PC;PS4;Xbox;Switch,8,Yes,2025,Survival;Horror,No,https://example.com/games/zenless-zone-zero-2
Dragon Ball Legends Last Edition,PC;PS5;Xbox,,No,2021,Simulation;Sandbox,No,https://example.com/games/dragon-ball-legends-last-edition
Path of Exile Remastered,PC,6,No,2018,Simulation;Sandbox,No,https://example.com/games/path-of-exile-remastered
Motorstorm First Edition,PC;PS4;Xbox,8,Yes,2020,Sandbox,No,https://example.com/games/motorstorm-first-edition
Hyrule Warriors,PC;Switch,,No,2025,Survival;Horror,No,https://example.com/games/hyrule-warriors
Nioh Limited Edition,PC;PS5;Xbox;Switch,4,No,2018,Racing,Yes,https://example.com/games/nioh-limited-edition
Live a Live Omega Edition 4,PC,8,No,2005,Party;Action,No,https://example.com/games/live-a-live-omega-edition-4
Bleeding Edge Standard Edition,PC;PS5;Xbox;Switch,6,No,2014,Simulation,No,https://example.com/games/bleeding-edge-standard-edition
Jak and Daxter,PC;PS5,4,No,2002,Simulation;Sandbox,Yes,https://example.com/games/jak-and-daxter
Two Point Hospital Limited Edition,PC;PS5,Many,Yes,2007,Puzzle;Adventure,No,https://example.com/games/two-point-hospital-limited-edition
Real Racing Physical Edition,PC;PS5;Xbox;Switch,,Yes,2012,Action;Platformer,No,https://example.com/games/real-racing-physical-edition
Overlord,PC;PS5;Xbox;Switch,,No,2014,Puzzle;Adventure,Yes,https://example.com/games/overlord
Bleeding Edge Collector's Edition,PC;Xbox,6,Yes,2017,4X;Strategy,No,https://example.com/games/bleeding-edge-collector-s-edition
Destruction Derby Alpha Edition,PC;PS4;Xbox,6,Yes,2018,Survival;Horror,No,https://example.com/games/destruction-derby-alpha-edition
Skul Special Edition,PC;PS5;Xbox,4,Yes,2021,Grand Strategy;Strategy,No,https://example.com/games/skul-special-edition
Sins of a Solar Empire Remastered,PC;PS5;Xbox;Switch,8,No,2022,Puzzle;Adventure,Yes,https://example.com/games/sins-of-a-solar-empire-remastered
Puzzle Quest Standard Edition,PC,,No,2020,Strategy;Turn-Based,Yes,https://example.com/games/puzzle-quest-standard-edition
Last Shelter Survival First Edition,PC;PS5;Xbox,,No,2001,Action;Platformer,Yes,https://example.com/games/last-shelter-survival-first-edition
Celeste Omega Edition 2,PC;PS4;Xbox;Switch,,Yes,2008,Sports,No,https://example.com/games/celeste-omega-edition-2
Puzzle and Dragons Ultimate Edition,PC;PS5;Xbox;Switch,4,No,2009,Tactical;Shooter,No,https://example.com/games/puzzle-and-dragons-ultimate-edition
Binding of Isaac Premium Edition,PC;PS5;Xbox,,No,2001,Party;Action,No,https://example.com/games/binding-of-isaac-premium-edition
Project Zomboid Game of the Year Edition,PC;PS4;Xbox;Switch,,Yes,2002,Simulation;Sandbox,No,https://example.com/games/project-zomboid-game-of-the-year-edition
Etrian Odyssey 2,PC;Xbox,2,No,2009,Grand Strategy;Strategy,No,https://example.com/games/etrian-odyssey-2
World of Tanks Special Edition,PC;PS5;Xbox;Switch,,No,2009,Survival;Sandbox,No,https://example.com/games/world-of-tanks-special-edition
Gundam Battle Beta Edition,PC;PS5,Many,No,2009,Shooter;Action,Yes,https://example.com/games/gundam-battle-beta-edition
Scarlet Nexus Enhanced Edition,PC;PS5;Xbox,4,No,2017,Sandbox,Yes,https://example.com/games/scarlet-nexus-enhanced-edition
Hell Let Loose Final Edition,PC;PS5;Xbox,6,No,2009,Shooter;RPG,No,https://example.com/games/hell-let-loose-final-edition
Banner Saga 5,PC,,No,2026,Sandbox,No,https://example.com/games/banner-saga-5
Destruction Derby Deluxe Edition,PC;PS4;Xbox;Switch,,No,2014,Casual;Party,No,https://example.com/games/destruction-derby-deluxe-edition
Observer Digital Edition,PC;PS5;Xbox;Switch,3,Yes,2012,Party;Action,No,https://example.com/games/observer-digital-edition
Attack on Titan Complete Edition,PC;PS4;Xbox,2,No,2013,Grand Strategy;Strategy,No,https://example.com/games/attack-on-titan-complete-edition
Destiny Premium Edition,PC;PS4;Xbox,8,No,2017,Simulation;Sandbox,No,https://example.com/games/destiny-premium-edition
Heretic Collector's Edition,PC;Switch,8,No,2014,Casual;Party,Yes,https://example.com/games/heretic-collector-s-edition
Curse of the Dead Gods Definitive Edition,PC;PS5;Xbox;Switch,,No,2016,Shooter;Action,Yes,https://example.com/games/curse-of-the-dead-gods-definitive-edition
Black Clover 5,PC,4,No,2022,Sandbox,No,https://example.com/games/black-clover-5
Persona Q 4,PS5;Xbox,4,No,2011,Shooter;RPG,No,https://example.com/games/persona-q-4
NMRiH Final Edition,PC;PS5;Xbox;Switch,Many,Yes,2024,Battle Royale;Shooter,No,https://example.com/games/nmrih-final-edition
Mini Metro Omega Edition 4,PC;Switch,4,No,2012,Sandbox,No,https://example.com/games/mini-metro-omega-edition-4
Sky Children of the Light 4,PC;PS4;Xbox;Switch,Many,No,2024,Simulation,Yes,https://example.com/games/sky-children-of-the-light-4
Chain Chronicle,PC;PS4;Xbox;Switch,,Yes,2008,Simulation,No,https://example.com/games/chain-chronicle
Sniper Elite Final Edition,PC;PS5;Xbox;Switch,,No,2014,Party;Action,Yes,https://example.com/games/sniper-elite-final-edition
Astroneer Remake,PC;PS5,4,No,2009,Grand Strategy;Strategy,No,https://example.com/games/astroneer-remake
Real Racing Beta Edition,Xbox,2,No,2010,Racing,No,https://example.com/games/real-racing-beta-edition
Front Mission Alternative Omega Edition 3,PS5;Xbox,4,No,2020,Action;Adventure,Yes,https://example.com/games/front-mission-alternative-omega-edition-3
Gundam Seed Battle Assault 9 Physical Edition,Xbox,,No,2010,Survival;Horror,No,https://example.com/games/gundam-seed-battle-assault-9-physical-edition
Clash of Clans Omega Edition 4,PC;Xbox,Many,Yes,2016,Shooter;Action,No,https://example.com/games/clash-of-clans-omega-edition-4
Heroes of the Storm Remake,PC;PS5;Xbox,Many,No,2003,Action;Adventure,No,https://example.com/games/heroes-of-the-storm-remake
Gundam Battle Chronicle Collector's Edition,Xbox,,No,2014,Shooter;Action,Yes,https://example.com/games/gundam-battle-chronicle-collector-s-edition
Warhammer Fantasy 4,PC;PS4;Xbox;Switch,6,No,2017,Strategy;RTS,No,https://example.com/games/warhammer-fantasy-4
Tales of Phantasia Deluxe Edition,PC;PS5;Xbox,3,No,2022,Simulation;Sandbox,No,https://example.com/games/tales-of-phantasia-deluxe-edition
Flower Final Edition,PS5;Xbox,,Yes,2019,Shooter;RPG,Yes,https://example.com/games/flower-final-edition
Transport Fever Enhanced Edition,PC;PS5;Xbox,4,No,2019,Survival;Sandbox,No,https://example.com/games/transport-fever-enhanced-edition
Civilization Deluxe Edition,PC;PS4;Xbox,,No,2008,Simulation,No,https://example.com/games/civilization-deluxe-edition
Quake Definitive Edition,Xbox,6,No,2004,MOBA;Strategy,No,https://example.com/games/quake-definitive-edition
Killing Floor Remastered,PC;Xbox,6,No,2000,Simulation;Sandbox,No,https://example.com/games/killing-floor-remastered
Phoenix Point 5,PC,,No,2020,Survival;Horror,No,https://example.com/games/phoenix-point-5
Shadowrun Enhanced Edition,PC;PS5,,No,2006,Shooter;RPG,No,https://example.com/games/shadowrun-enhanced-edition
Rise of Kingdoms Final Edition,PC;Xbox,,Yes,2017,Battle Royale;Shooter,No,https://example.com/games/rise-of-kingdoms-final-edition
Kingdom Remastered,PS5;Xbox,4,No,2004,Action;Adventure,No,https://example.com/games/kingdom-remastered
Captain of Industry Deluxe Edition,PC;PS5;Xbox,,Yes,2010,Simulation,No,https://example.com/games/captain-of-industry-deluxe-edition
Overlord Anniversary Edition,PC;PS4;Xbox,,Yes,2018,Action;Platformer,Yes,https://example.com/games/overlord-anniversary-edition
Spintires Enhanced Edition,PS5;Xbox,,Yes,2006,Battle Royale;Shooter,Yes,https://example.com/games/spintires-enhanced-edition
Diablo Physical Edition,PC;PS5,,No,2024,Casual;Party,No,https://example.com/games/diablo-physical-edition
Jurassic World Evolution Omega Edition,PC;PS4;Xbox;Switch,8,No,2010,Shooter;Action,No,https://example.com/games/jurassic-world-evolution-omega-edition
Evolve Remastered,PC;Xbox,4,Yes,2015,Sports,No,https://example.com/games/evolve-remastered
Kena Remake,PC;PS5;Xbox;Switch,,No,2022,Simulation;Sandbox,No,https://example.com/games/kena-remake
Need for Speed Alpha Edition,PC;PS4;Xbox;Switch,,No,2017,Strategy;Turn-Based,No,https://example.com/games/need-for-speed-alpha-edition
Metroid Legendary Edition,PC;PS5;Xbox,,No,2012,Racing,No,https://example.com/games/metroid-legendary-edition
Gundam Seed Battle Assault 5 Deluxe Edition,PC;PS5;Xbox,,Yes,2004,Simulation;Sandbox,No,https://example.com/games/gundam-seed-battle-assault-5-deluxe-edition
Traffic Rider Omega Edition 5,PC;PS5;Xbox,,No,2010,Strategy;Turn-Based,No,https://example.com/games/traffic-rider-omega-edition-5
Nioh Last Edition,PC;PS4;Xbox;Switch,,No,2004,Shooter;Action,No,https://example.com/games/nioh-last-edition
Resident Evil Beta Edition,PC;PS4;Xbox;Switch,8,No,2003,Racing,Yes,https://example.com/games/resident-evil-beta-edition
Another Century's Episode Ultimate Edition,PC;PS5,,No,2026,Sandbox,No,https://example.com/games/another-century-s-episode-ultimate-edition
Factorio Deluxe Edition,PS5;Xbox,,Yes,2017,Grand Strategy;Strategy,No,https://example.com/games/factorio-deluxe-edition
Clash of Kings Standard Edition,PC,,No,2026,Strategy;RTS,No,https://example.com/games/clash-of-kings-standard-edition
Green Hell 5,PC;PS5;Xbox,,No,2001,Shooter;RPG,No,https://example.com/games/green-hell-5
Warhammer 40K Mechanicus Remake,PC;PS4;Xbox;Switch,3,No,2020,Simulation;Sandbox,No,https://example.com/games/warhammer-40k-mechanicus-remake
Crusader Kings Digital Edition,PC;PS5,,Yes,2026,Survival;Sandbox,No,https://example.com/games/crusader-kings-digital-edition
Heroes of the Storm Limited Edition,PC;Xbox,,No,2023,Sandbox,Yes,https://example.com/games/heroes-of-the-storm-limited-edition
XCOM,PC;PS5,4,Yes,2015,MOBA;Strategy,Yes,https://example.com/games/xcom
Motorstorm Alpha Edition,Xbox,4,Yes,2017,Tactical;Shooter,No,https://example.com/games/motorstorm-alpha-edition
Catherine Complete Edition,PC,4,Yes,2021,Racing,Yes,https://example.com/games/catherine-complete-edition
Sven Co-op Premium Edition,PS5;Xbox,,No,2026,Strategy;RTS,No,https://example.com/games/sven-co-op-premium-edition
Project Zomboid Remake,PC,,Yes,2011,Strategy;Turn-Based,Yes,https://example.com/games/project-zomboid-remake
Wonderful 101 2,PC;PS5;Xbox;Switch,4,Yes,2002,Sandbox,Yes,https://example.com/games/wonderful-101-2
World of Demons Digital Edition,PC,,No,2019,Shooter;Action,No,https://example.com/games/world-of-demons-digital-edition
Apex Legends Alpha Edition,PC,3,No,2003,4X;Strategy,No,https://example.com/games/apex-legends-alpha-edition
Enemy Territory Legendary Edition,PC;PS5,,Yes,2025,MOBA;Strategy,No,https://example.com/games/enemy-territory-legendary-edition
Jak and Daxter Omega Edition 5,PC;PS4;Xbox;Switch,2,Yes,2022,Action;Adventure,No,https://example.com/games/jak-and-daxter-omega-edition-5
Call of Duty Omega Edition 2,PC;PS5;Xbox,4,Yes,2010,MOBA;Strategy,No,https://example.com/games/call-of-duty-omega-edition-2
Civilization 2,PC;PS5,2,No,2004,Battle Royale;Shooter,No,https://example.com/games/civilization-2
Saints Row Beta Edition,PC;Xbox,,Yes,2010,Action;Adventure,No,https://example.com/games/saints-row-beta-edition
Madden NFL Enhanced Edition,PC;PS5;Xbox,,Yes,2024,Strategy;Turn-Based,Yes,https://example.com/games/madden-nfl-enhanced-edition
Deus Ex Premium Edition,PC;PS4;Xbox;Switch,6,Yes,2025,Simulation,No,https://example.com/games/deus-ex-premium-edition
13 Sentinels Final Edition,PC,,No,2012,Simulation,No,https://example.com/games/13-sentinels-final-edition
Warcraft Remake,PC;PS5,8,No,2016,Strategy;RTS,No,https://example.com/games/warcraft-remake
Everspace 2 Beta Edition,PC;PS5;Xbox;Switch,6,No,2024,MOBA;Strategy,No,https://example.com/games/everspace-2-beta-edition
Sol Cresta Final Edition,PC,4,Yes,2006,Tactical;Shooter,Yes,https://example.com/games/sol-cresta-final-edition
Operation Tango Omega Edition 5,PS5;Xbox,,Yes,2010,Casual;Party,No,https://example.com/games/operation-tango-omega-edition-5
Risk of Rain 3,PC;PS4;Xbox;Switch,4,No,2001,Tactical;Shooter,No,https://example.com/games/risk-of-rain-3
Wolfenstein Alpha Edition,PC;PS5,8,No,2016,Strategy;RTS,No,https://example.com/games/wolfenstein-alpha-edition
Arma Anniversary Edition,Xbox,3,No,2018,Action;Platformer,No,https://example.com/games/arma-anniversary-edition
Dying Light Deluxe Edition,PC,6,No,2000,Grand Strategy;Strategy,No,https://example.com/games/dying-light-deluxe-edition
Madden NFL Ultimate Edition,PC;PS5;Xbox;Switch,Many,No,2013,Racing,Yes,https://example.com/games/madden-nfl-ultimate-edition
Banner Saga Definitive Edition,Xbox,,Yes,2012,Strategy;Turn-Based,No,https://example.com/games/banner-saga-definitive-edition
Sunset Overdrive Omega Edition 2,PC;PS5;Xbox;Switch,Many,No,2017,Strategy;Turn-Based,No,https://example.com/games/sunset-overdrive-omega-edition-2
Sky Children of the Light Physical Edition,PC,,Yes,2009,Simulation,No,https://example.com/games/sky-children-of-the-light-physical-edition
Clash of Kings Deluxe Edition,PC;Switch,4,No,2012,Racing,Yes,https://example.com/games/clash-of-kings-deluxe-edition
Gris Collector's Edition,PC;Xbox,4,No,2009,Shooter;RPG,Yes,https://example.com/games/gris-collector-s-edition
Homefront Enhanced Edition,PC;PS5,4,Yes,2020,Tactical;Shooter,No,https://example.com/games/homefront-enhanced-edition
SOMA 4,PC;Xbox,8,No,2000,Simulation;Sandbox,No,https://example.com/games/soma-4
Empires Mod Omega Edition,PC;PS5;Xbox;Switch,,No,2013,Survival;Sandbox,No,https://example.com/games/empires-mod-omega-edition
Endzone 5,PC;Xbox,,Yes,2024,Shooter;RPG,No,https://example.com/games/endzone-5
Nioh Game of the Year Edition,PC;PS4;Xbox;Switch,,No,2002,RPG;Action,No,https://example.com/games/nioh-game-of-the-year-edition
SimCity Alpha Edition,PC;PS4;Xbox,3,No,2013,Sports,No,https://example.com/games/simcity-alpha-edition
Subnautica Deluxe Edition,PC;Switch,,No,2006,Party;Action,No,https://example.com/games/subnautica-deluxe-edition
Two Point Hospital Anniversary Edition,PS5;Xbox,4,No,2019,Casual;Party,No,https://example.com/games/two-point-hospital-anniversary-edition
Scarlet Nexus Game of the Year Edition,PC;PS5,,Yes,2000,Survival;Horror,No,https://example.com/games/scarlet-nexus-game-of-the-year-edition
SCUM First Edition,PC;Switch,4,No,2023,Strategy;Turn-Based,No,https://example.com/games/scum-first-edition
New World Deluxe Edition,PC;PS4;Xbox,2,Yes,2003,Simulation,Yes,https://example.com/games/new-world-deluxe-edition
Red Dead Premium Edition,PC;PS5;Xbox,3,Yes,2004,Shooter;Action,Yes,https://example.com/games/red-dead-premium-edition
Persona First Edition,PC;PS5,4,No,2014,Survival;Sandbox,No,https://example.com/games/persona-first-edition
SCUM Digital Edition,Xbox,,Yes,2020,Action;Adventure,No,https://example.com/games/scum-digital-edition
Observer Game of the Year Edition,PC;Xbox,2,No,2023,Shooter;RPG,No,https://example.com/games/observer-game-of-the-year-edition
Jackbox Legendary Edition,PC;PS4;Xbox;Switch,,Yes,2010,Simulation;Sandbox,No,https://example.com/games/jackbox-legendary-edition
Saints Row Last Edition,PC;PS5,4,No,2015,Puzzle;Adventure,No,https://example.com/games/saints-row-last-edition
Titan Quest Last Edition,PC;Xbox,2,No,2014,Simulation;Sandbox,No,https://example.com/games/titan-quest-last-edition
Empire Four Kingdoms Special Edition,Xbox,,Yes,2019,Shooter;RPG,Yes,https://example.com/games/empire-four-kingdoms-special-edition
Devil May Cry 5,PC;PS5,,No,2009,Survival;Sandbox,No,https://example.com/games/devil-may-cry-5
Monogatari 4,PC;PS4;Xbox,4,Yes,2017,Simulation;Sandbox,No,https://example.com/games/monogatari-4
Rocket League Game of the Year Edition,PC;PS4;Xbox;Switch,8,No,2017,Racing,Yes,https://example.com/games/rocket-league-game-of-the-year-edition
Minecraft Story Mode Deluxe Edition,Xbox,,No,2015,Shooter;RPG,Yes,https://example.com/games/minecraft-story-mode-deluxe-edition
Fairy Tail Collector's Edition,PC;PS4;Xbox;Switch,6,No,2022,Simulation;Sandbox,No,https://example.com/games/fairy-tail-collector-s-edition
Subnautica Special Edition,PC;PS4;Xbox;Switch,,No,2009,4X;Strategy,Yes,https://example.com/games/subnautica-special-edition
Dead Rising Collector's Edition,Xbox,4,No,2001,Shooter;RPG,Yes,https://example.com/games/dead-rising-collector-s-edition
Brothers in Arms Deluxe Edition,Xbox,4,No,2024,Shooter;Action,No,https://example.com/games/brothers-in-arms-deluxe-edition
Fez Omega Edition,PC;PS4;Xbox,4,Yes,2023,Simulation,No,https://example.com/games/fez-omega-edition
Total War Limited Edition,PC,,Yes,2004,Strategy;Turn-Based,No,https://example.com/games/total-war-limited-edition
Forza Last Edition,PC;PS5,,No,2008,Battle Royale;Shooter,No,https://example.com/games/forza-last-edition
Gran Turismo 3,PC;PS5;Xbox;Switch,2,No,2017,Sports,Yes,https://example.com/games/gran-turismo-3
Etrian Odyssey Beta Edition,PC;PS4;Xbox,,Yes,2007,Action;Adventure,Yes,https://example.com/games/etrian-odyssey-beta-edition
BeamNG 5,Xbox,6,No,2014,Shooter;Action,No,https://example.com/games/beamng-5
Zombie Panic Omega Edition 2,PC;PS4;Xbox;Switch,3,No,2012,Strategy;RTS,Yes,https://example.com/games/zombie-panic-omega-edition-2
Samurai Warriors Standard Edition,PS5;Xbox,3,No,2020,RPG;Action,No,https://example.com/games/samurai-warriors-standard-edition
Black Desert Standard Edition,PC;PS4;Xbox;Switch,,Yes,2017,Simulation,No,https://example.com/games/black-desert-standard-edition
The Wolf Among Us Deluxe Edition,PS5;Xbox,8,Yes,2026,Battle Royale;Shooter,No,https://example.com/games/the-wolf-among-us-deluxe-edition
Baten Kaitos Beta Edition,Xbox,4,Yes,2010,4X;Strategy,No,https://example.com/games/baten-kaitos-beta-edition
Grounded Limited Edition,PC;PS4;Xbox,,Yes,2026,Sports,No,https://example.com/games/grounded-limited-edition
Rainbow Six Special Edition,PC;PS5,2,No,2022,Action;Platformer,No,https://example.com/games/rainbow-six-special-edition
Platinum Games Omega Edition,PC;Xbox,Many,Yes,2007,Sports,No,https://example.com/games/platinum-games-omega-edition
Total War 5,PC;PS5,,No,2005,Racing,No,https://example.com/games/total-war-5
Green Hell First Edition,PC,4,No,2006,Survival;Horror,No,https://example.com/games/green-hell-first-edition
Aven Colony Collector's Edition,PC;PS4;Xbox;Switch,Many,No,2016,Survival;Horror,No,https://example.com/games/aven-colony-collector-s-edition
DayZ Digital Edition,PC;PS5,4,No,2010,Tactical;Shooter,No,https://example.com/games/dayz-digital-edition
Zero Escape Omega Edition 5,PS5;Xbox,4,No,2006,Strategy;RTS,No,https://example.com/games/zero-escape-omega-edition-5
Battlefield Standard Edition,PC;Xbox,4,Yes,2010,Survival;Sandbox,Yes,https://example.com/games/battlefield-standard-edition
Mechwarrior Special Edition,PC;PS4;Xbox,,Yes,2009,Grand Strategy;Strategy,No,https://example.com/games/mechwarrior-special-edition
Gundam Battle Operation Final Edition,PS5;Xbox,4,No,2005,Action;Adventure,No,https://example.com/games/gundam-battle-operation-final-edition
H1Z1 4,PS5;Xbox,4,No,2009,Strategy;Turn-Based,No,https://example.com/games/h1z1-4
Seven Deadly Sins Omega Edition 4,PC;PS4;Xbox;Switch,4,No,2006,4X;Strategy,No,https://example.com/games/seven-deadly-sins-omega-edition-4
Mordheim Omega Edition,PC;PS5;Xbox,Many,Yes,2024,Action;Adventure,No,https://example.com/games/mordheim-omega-edition
Muramasa Beta Edition,PC;PS4;Xbox,,No,2014,RPG;Action,Yes,https://example.com/games/muramasa-beta-edition
Two Point 4,PC;PS5;Xbox;Switch,,No,2000,Survival;Horror,Yes,https://example.com/games/two-point-4
Grip Combat Racing Standard Edition,Xbox,Many,No,2003,Simulation,Yes,https://example.com/games/grip-combat-racing-standard-edition
Satisfactory Omega Edition 3,PC;Xbox,,No,2010,Strategy;RTS,No,https://example.com/games/satisfactory-omega-edition-3
Front Mission 3 5,PC;PS5,4,No,2005,Racing,No,https://example.com/games/front-mission-3-5
Baten Kaitos Deluxe Edition,PC;PS5;Xbox,2,Yes,2012,Action;Adventure,No,https://example.com/games/baten-kaitos-deluxe-edition
Shin Megami Tensei Omega Edition,PC;Xbox,,No,2018,Casual;Party,Yes,https://example.com/games/shin-megami-tensei-omega-edition
Final Fantasy XIV Remastered,PC;PS5;Xbox,4,No,2000,Simulation,Yes,https://example.com/games/final-fantasy-xiv-remastered
Scarlet Nexus Omega Edition 5,PC;PS5,,No,2023,Simulation;Sandbox,No,https://example.com/games/scarlet-nexus-omega-edition-5
Real Racing Legendary Edition,PC,,Yes,2017,Strategy;Turn-Based,Yes,https://example.com/games/real-racing-legendary-edition
Dead by Daylight Limited Edition,PC;PS4;Xbox,,No,2018,Survival;Sandbox,No,https://example.com/games/dead-by-daylight-limited-edition
Planet Coaster 2,PC;PS4;Xbox;Switch,,Yes,2025,Battle Royale;Shooter,Yes,https://example.com/games/planet-coaster-2
Gundam Wing Battle Beta Edition,PS5;Xbox,8,Yes,2008,Survival;Horror,No,https://example.com/games/gundam-wing-battle-beta-edition
Rollercoaster Tycoon Limited Edition,PC;PS5;Xbox,3,Yes,2026,Survival;Horror,No,https://example.com/games/rollercoaster-tycoon-limited-edition
No More Room in Hell Alpha Edition,PS5;Xbox,,No,2001,Strategy;RTS,No,https://example.com/games/no-more-room-in-hell-alpha-edition
Persona Q Standard Edition,PC;PS5,,No,2001,Tactical;Shooter,Yes,https://example.com/games/persona-q-standard-edition
Killing Floor 3,PC;Switch,8,No,2011,Action;Platformer,No,https://example.com/games/killing-floor-3
Metal Gear Rising 4,PS5;Xbox,,Yes,2011,Battle Royale;Shooter,No,https://example.com/games/metal-gear-rising-4
War Thunder Anniversary Edition,PC,6,No,2014,Shooter;RPG,No,https://example.com/games/war-thunder-anniversary-edition
Empires Mod Omega Edition 2,PC;Xbox,Many,No,2004,Racing,No,https://example.com/games/empires-mod-omega-edition-2
Planetary Annihilation Legendary Edition,PC;PS5,Many,No,2007,Simulation;Sandbox,No,https://example.com/games/planetary-annihilation-legendary-edition
Terraria Digital Edition,PC;PS4;Xbox,4,No,2000,Grand Strategy;Strategy,Yes,https://example.com/games/terraria-digital-edition
Cities Game of the Year Edition,PC;PS5;Xbox,4,No,2015,Action;Platformer,No,https://example.com/games/cities-game-of-the-year-edition
Transport Fever Omega Edition 3,PC;PS5;Xbox;Switch,,Yes,2010,Grand Strategy;Strategy,No,https://example.com/games/transport-fever-omega-edition-3
Motorstorm Complete Edition,Xbox,4,No,2023,Battle Royale;Shooter,No,https://example.com/games/motorstorm-complete-edition
Northgard Legendary Edition,PC;PS4;Xbox;Switch,,No,2026,Grand Strategy;Strategy,No,https://example.com/games/northgard-legendary-edition
Last Bible Omega Edition,PC;PS4;Xbox,6,No,2013,MOBA;Strategy,No,https://example.com/games/last-bible-omega-edition
Shapez First Edition,Xbox,8,No,2002,Sandbox,No,https://example.com/games/shapez-first-edition
Tower of God Definitive Edition,PC,4,Yes,2023,Strategy;RTS,No,https://example.com/games/tower-of-god-definitive-edition
Tales of Arise Game of the Year Edition,Xbox,8,No,2016,Strategy;RTS,No,https://example.com/games/tales-of-arise-game-of-the-year-edition
Fast RMX Omega Edition 2,PC;Switch,,No,2000,Party;Action,Yes,https://example.com/games/fast-rmx-omega-edition-2
BioShock Anniversary Edition,PC,4,No,2024,Shooter;Action,No,https://example.com/games/bioshock-anniversary-edition
Evochron Deluxe Edition,PC,4,No,2009,Puzzle;Adventure,No,https://example.com/games/evochron-deluxe-edition
Cities Skylines Physical Edition,PC;Xbox,4,Yes,2018,Shooter;Action,No,https://example.com/games/cities-skylines-physical-edition
BeamNG Collector's Edition,PC,,Yes,2016,Sandbox,No,https://example.com/games/beamng-collector-s-edition
Life is Strange 5,PC;PS5,4,No,2013,Simulation,No,https://example.com/games/life-is-strange-5
Tropico Legendary Edition,PC,4,No,2023,4X;Strategy,Yes,https://example.com/games/tropico-legendary-edition
Endzone 2,PC;Switch,,No,2004,Tactical;Shooter,No,https://example.com/games/endzone-2
Resident Evil Game of the Year Edition,PC;PS4;Xbox,2,No,2015,Strategy;RTS,No,https://example.com/games/resident-evil-game-of-the-year-edition
Blood Special Edition,PC;PS5,4,Yes,2023,Grand Strategy;Strategy,No,https://example.com/games/blood-special-edition
Homeworld Deserts of Kharak First Edition,Xbox,4,No,2016,Racing,No,https://example.com/games/homeworld-deserts-of-kharak-first-edition
Gundam Battle Universe Digital Edition,PC;Xbox,6,No,2015,Casual;Party,Yes,https://example.com/games/gundam-battle-universe-digital-edition
Back 4 Blood Remastered,PC,4,Yes,2024,Battle Royale;Shooter,No,https://example.com/games/back-4-blood-remastered
Synergy 2,PS5;Xbox,4,No,2015,Survival;Sandbox,No,https://example.com/games/synergy-2
Hearts of Iron Last Edition,PC,4,Yes,2002,Survival;Horror,No,https://example.com/games/hearts-of-iron-last-edition
Doom Complete Edition,PC;Xbox,,No,2026,Tactical;Shooter,No,https://example.com/games/doom-complete-edition
Stardew Valley Beta Edition,PS5;Xbox,,Yes,2008,Action;Platformer,No,https://example.com/games/stardew-valley-beta-edition
Far Cry Last Edition,PC;Switch,8,No,2019,Strategy;RTS,No,https://example.com/games/far-cry-last-edition
That Time I Got Reincarnated Definitive Edition,PC;PS5;Xbox;Switch,Many,Yes,2001,Simulation,Yes,https://example.com/games/that-time-i-got-reincarnated-definitive-edition
Sniper Elite,PC;Xbox,3,No,2000,Strategy;Turn-Based,No,https://example.com/games/sniper-elite
Grey Goo Premium Edition,PC;PS5,2,No,2022,4X;Strategy,No,https://example.com/games/grey-goo-premium-edition
Nikke Complete Edition,PS5;Xbox,,Yes,2013,Sports,No,https://example.com/games/nikke-complete-edition
Wreckfest 5,Xbox,,No,2016,Racing,No,https://example.com/games/wreckfest-5
Fallout Tactics Standard Edition,PC;PS5,Many,Yes,2021,Racing,No,https://example.com/games/fallout-tactics-standard-edition
Evolve Digital Edition,PC;PS4;Xbox;Switch,,Yes,2002,Survival;Horror,No,https://example.com/games/evolve-digital-edition
No Game No Life 3,PC;Xbox,,Yes,2007,Strategy;RTS,No,https://example.com/games/no-game-no-life-3
Lawbreakers First Edition,PC;PS5;Xbox,Many,No,2017,Racing,No,https://example.com/games/lawbreakers-first-edition
Warcraft Omega Edition 4,PC;PS4;Xbox,,No,2000,Survival;Sandbox,No,https://example.com/games/warcraft-omega-edition-4
Hearts of Iron Deluxe Edition,PC;PS5;Xbox,4,No,2024,Party;Action,No,https://example.com/games/hearts-of-iron-deluxe-edition
Banner Saga 4,PC;PS5;Xbox;Switch,,Yes,2000,Grand Strategy;Strategy,No,https://example.com/games/banner-saga-4
Chrono Trigger Remastered,PS5;Xbox,,Yes,2010,Shooter;RPG,No,https://example.com/games/chrono-trigger-remastered
Nikke 3,PC;PS4;Xbox;Switch,4,Yes,2020,Sports,No,https://example.com/games/nikke-3
God of War Ultimate Edition,PC;PS5;Xbox,,Yes,2015,Action;Adventure,No,https://example.com/games/god-of-war-ultimate-edition
Flower Special Edition,PC;Xbox,Many,Yes,2009,Survival;Horror,No,https://example.com/games/flower-special-edition
Rust Physical Edition,PC;Switch,,No,2020,MOBA;Strategy,Yes,https://example.com/games/rust-physical-edition
Griftlands Last Edition,Xbox,4,No,2010,RPG;Action,No,https://example.com/games/griftlands-last-edition
Trine Legendary Edition,Xbox,4,No,2009,Strategy;RTS,No,https://example.com/games/trine-legendary-edition
Homeworld Beta Edition,PC;PS5;Xbox;Switch,4,Yes,2000,Strategy;RTS,Yes,https://example.com/games/homeworld-beta-edition
Rollercoaster Tycoon Remastered,PC;PS5;Xbox;Switch,,Yes,2015,Action;Platformer,No,https://example.com/games/rollercoaster-tycoon-remastered
Total War Complete Edition,PC,3,No,2022,Battle Royale;Shooter,No,https://example.com/games/total-war-complete-edition
Party Animals Ultimate Edition,PC;Switch,,Yes,2022,Casual;Party,No,https://example.com/games/party-animals-ultimate-edition
Borderlands Beta Edition,PC;PS5;Xbox;Switch,4,No,2017,Survival;Horror,No,https://example.com/games/borderlands-beta-edition
Gundam Seed Battle Assault 8 Final Edition,PS5;Xbox,Many,No,2026,Shooter;RPG,No,https://example.com/games/gundam-seed-battle-assault-8-final-edition
Berserk Musou 5,PC,6,No,2020,Simulation,No,https://example.com/games/berserk-musou-5
Zero Escape Remastered,PC;PS4;Xbox,4,No,2006,Sports,No,https://example.com/games/zero-escape-remastered
Jujutsu Kaisen Omega Edition 5,PC;PS4;Xbox;Switch,3,No,2018,RPG;Action,No,https://example.com/games/jujutsu-kaisen-omega-edition-5
The Long Dark Game of the Year Edition,PC,Many,No,2021,RPG;Action,No,https://example.com/games/the-long-dark-game-of-the-year-edition
Planet Coaster Anniversary Edition,PC;PS5,8,Yes,2023,Grand Strategy;Strategy,No,https://example.com/games/planet-coaster-anniversary-edition
SimCity BuildIt Omega Edition 5,PC;PS4;Xbox,4,Yes,2007,Strategy;Turn-Based,No,https://example.com/games/simcity-buildit-omega-edition-5
Her Story Omega Edition 4,PC;Xbox,2,Yes,2021,Casual;Party,No,https://example.com/games/her-story-omega-edition-4
Minecraft Story Mode Omega Edition 4,PC,6,Yes,2010,Action;Platformer,No,https://example.com/games/minecraft-story-mode-omega-edition-4
The Forest Digital Edition,PC,4,No,2012,Shooter;Action,No,https://example.com/games/the-forest-digital-edition
Medal of Honor 2,PC;PS5,,Yes,2010,Shooter;Action,Yes,https://example.com/games/medal-of-honor-2
Mafia Remake,Xbox,4,No,2016,Sandbox,No,https://example.com/games/mafia-remake
Slay the Spire Premium Edition,PC;PS4;Xbox,2,No,2015,Casual;Party,No,https://example.com/games/slay-the-spire-premium-edition
Party Animals Omega Edition 2,PC;PS5;Xbox;Switch,,Yes,2018,Simulation,No,https://example.com/games/party-animals-omega-edition-2
Gundam Seed Battle Assault Collector's Edition,PC;PS5,6,No,2024,Strategy;Turn-Based,No,https://example.com/games/gundam-seed-battle-assault-collector-s-edition
Terraria First Edition,PC;PS4;Xbox,6,No,2001,Battle Royale;Shooter,No,https://example.com/games/terraria-first-edition
Binary Domain Collector's Edition,PC;PS4;Xbox;Switch,4,No,2015,Survival;Horror,Yes,https://example.com/games/binary-domain-collector-s-edition
Grip Combat Racing Omega Edition,PC;PS4;Xbox,4,Yes,2012,Strategy;RTS,No,https://example.com/games/grip-combat-racing-omega-edition
Operation Tango Omega Edition 4,PC;Switch,,No,2002,Strategy;RTS,No,https://example.com/games/operation-tango-omega-edition-4
Curse of the Dead Gods Last Edition,PS5;Xbox,4,No,2014,Shooter;RPG,No,https://example.com/games/curse-of-the-dead-gods-last-edition
Chorus Omega Edition,PC;Xbox,Many,No,2005,Simulation;Sandbox,No,https://example.com/games/chorus-omega-edition
The Forest Special Edition,PC;PS5;Xbox;Switch,,Yes,2003,Sandbox,Yes,https://example.com/games/the-forest-special-edition
Real Racing Omega Edition 2,PC;PS5;Xbox,3,No,2014,Shooter;RPG,Yes,https://example.com/games/real-racing-omega-edition-2
Hexen Ultimate Edition,Xbox,,No,2010,Racing,Yes,https://example.com/games/hexen-ultimate-edition
Granblue Fantasy Omega Edition 5,PC,,Yes,2015,Grand Strategy;Strategy,No,https://example.com/games/granblue-fantasy-omega-edition-5
Gundam Seed Battle Universe Collector's Edition,Xbox,4,Yes,2004,Action;Adventure,No,https://example.com/games/gundam-seed-battle-universe-collector-s-edition
Clash of Kings,Xbox,,Yes,2018,Survival;Horror,No,https://example.com/games/clash-of-kings
Gundam Seed Battle Assault 7 Limited Edition,PC;PS4;Xbox;Switch,,Yes,2013,Tactical;Shooter,No,https://example.com/games/gundam-seed-battle-assault-7-limited-edition
Evolve Limited Edition,PC;Xbox,,Yes,2003,Racing,No,https://example.com/games/evolve-limited-edition
Torchlight Deluxe Edition,PS5;Xbox,6,No,2006,Casual;Party,Yes,https://example.com/games/torchlight-deluxe-edition
Sly Cooper 4,PC;Xbox,2,No,2021,Simulation,No,https://example.com/games/sly-cooper-4
Tales of Destiny Ultimate Edition,PC;PS5;Xbox;Switch,,No,2002,Simulation;Sandbox,Yes,https://example.com/games/tales-of-destiny-ultimate-edition
Anno Definitive Edition,PC;PS5;Xbox;Switch,Many,Yes,2009,Battle Royale;Shooter,No,https://example.com/games/anno-definitive-edition
Shield Hero Last Edition,PC;PS5;Xbox;Switch,,No,2001,Simulation,No,https://example.com/games/shield-hero-last-edition
Goblin Slayer Game of the Year Edition,PC;PS5,4,Yes,2014,Sports,No,https://example.com/games/goblin-slayer-game-of-the-year-edition
Tower of Fantasy Omega Edition 5,PC;PS5;Xbox;Switch,3,No,2018,Sports,No,https://example.com/games/tower-of-fantasy-omega-edition-5
Grand Theft Auto Remake,PC;Switch,6,Yes,2019,Action;Adventure,Yes,https://example.com/games/grand-theft-auto-remake
Gundam Battle Operation Ultimate Edition,PC;PS4;Xbox;Switch,8,No,2000,Strategy;Turn-Based,Yes,https://example.com/games/gundam-battle-operation-ultimate-edition
Gang Beasts Anniversary Edition,PC;PS5;Xbox,6,No,2012,Party;Action,Yes,https://example.com/games/gang-beasts-anniversary-edition
Watch Dogs Limited Edition,PC;Switch,,Yes,2015,MOBA;Strategy,No,https://example.com/games/watch-dogs-limited-edition
Chrono Cross 3,PC;Switch,8,No,2022,Simulation;Sandbox,No,https://example.com/games/chrono-cross-3
Gundam Seed Battle Universe Deluxe Edition,PC;PS5;Xbox;Switch,,Yes,2015,Tactical;Shooter,No,https://example.com/games/gundam-seed-battle-universe-deluxe-edition
Gloomhaven Beta Edition,PC,,No,2003,Survival;Sandbox,No,https://example.com/games/gloomhaven-beta-edition
No Man's Sky Collector's Edition,PC;PS5;Xbox,4,No,2022,Battle Royale;Shooter,No,https://example.com/games/no-man-s-sky-collector-s-edition
Torchlight Ultimate Edition,PC;PS5;Xbox,,No,2018,Sandbox,No,https://example.com/games/torchlight-ultimate-edition
Grey Goo Omega Edition,PS5;Xbox,4,No,2021,4X;Strategy,No,https://example.com/games/grey-goo-omega-edition
Call of Duty Remake,PC;PS5,3,No,2026,Survival;Sandbox,Yes,https://example.com/games/call-of-duty-remake
Chrono Cross Omega Edition 2,Xbox,4,Yes,2018,Action;Platformer,Yes,https://example.com/games/chrono-cross-omega-edition-2
Last Epoch Ultimate Edition,PC;PS5;Xbox;Switch,2,Yes,2001,Grand Strategy;Strategy,No,https://example.com/games/last-epoch-ultimate-edition
Star Ocean Limited Edition,PC;PS5;Xbox,8,Yes,2011,Survival;Sandbox,Yes,https://example.com/games/star-ocean-limited-edition
Rogue Legacy Physical Edition,PC;Xbox,,Yes,2015,Tactical;Shooter,No,https://example.com/games/rogue-legacy-physical-edition
Deliver Us Mars Physical Edition,PC;Switch,,Yes,2004,Sandbox,No,https://example.com/games/deliver-us-mars-physical-edition
Warhammer 40K Chaos Gate First Edition,PC,,Yes,2022,Puzzle;Adventure,Yes,https://example.com/games/warhammer-40k-chaos-gate-first-edition
City Island Omega Edition 3,PC;PS4;Xbox,6,No,2005,Grand Strategy;Strategy,No,https://example.com/games/city-island-omega-edition-3
Tell Me Why Beta Edition,PC;PS4;Xbox,,No,2006,4X;Strategy,No,https://example.com/games/tell-me-why-beta-edition
Zero Escape Omega Edition 3,PC;PS5;Xbox;Switch,2,Yes,2026,RPG;Action,No,https://example.com/games/zero-escape-omega-edition-3
Deus Ex Collector's Edition,PS5;Xbox,,Yes,2009,Sports,No,https://example.com/games/deus-ex-collector-s-edition
Planet Coaster Physical Edition,PC;Switch,4,Yes,2015,4X;Strategy,No,https://example.com/games/planet-coaster-physical-edition
Factorio Limited Edition,PC,4,No,2002,Party;Action,Yes,https://example.com/games/factorio-limited-edition
Gundam ZZ Battle,PC;Xbox,2,Yes,2011,Grand Strategy;Strategy,Yes,https://example.com/games/gundam-zz-battle
NBA 2K 2,PC,4,No,2001,Action;Adventure,No,https://example.com/games/nba-2k-2
The Division 5,PC;PS4;Xbox;Switch,,Yes,2022,Battle Royale;Shooter,No,https://example.com/games/the-division-5
Company of Heroes Physical Edition,PC;PS4;Xbox,4,No,2017,Shooter;RPG,Yes,https://example.com/games/company-of-heroes-physical-edition
Invisible Inc,PC;PS4;Xbox,,Yes,2010,Action;Platformer,No,https://example.com/games/invisible-inc
Redout Remake,Xbox,8,No,2008,Party;Action,No,https://example.com/games/redout-remake
Dark Souls 2,Xbox,,No,2009,Strategy;Turn-Based,No,https://example.com/games/dark-souls-2
Wolfenstein First Edition,Xbox,,Yes,2002,Grand Strategy;Strategy,Yes,https://example.com/games/wolfenstein-first-edition
Baten Kaitos Last Edition,PS5;Xbox,8,Yes,2004,RPG;Action,No,https://example.com/games/baten-kaitos-last-edition
Valheim Definitive Edition,PC;PS5;Xbox,4,No,2001,Tactical;Shooter,No,https://example.com/games/valheim-definitive-edition
Wonderful 101 Collector's Edition,PC;PS4;Xbox;Switch,4,Yes,2005,RPG;Action,Yes,https://example.com/games/wonderful-101-collector-s-edition
Devil May Cry Omega Edition 3,PS5;Xbox,4,Yes,2014,Strategy;RTS,No,https://example.com/games/devil-may-cry-omega-edition-3
Satisfactory Standard Edition,PC;PS5;Xbox,4,No,2003,RPG;Action,No,https://example.com/games/satisfactory-standard-edition
Cosmic Star Heroine,PC;PS5,3,No,2015,Simulation;Sandbox,No,https://example.com/games/cosmic-star-heroine
Gloomhaven Final Edition,PC;Switch,Many,No,2006,MOBA;Strategy,No,https://example.com/games/gloomhaven-final-edition
Book of Travels Beta Edition,PC;PS4;Xbox;Switch,Many,No,2002,Puzzle;Adventure,No,https://example.com/games/book-of-travels-beta-edition
Marvel's Midnight Suns Physical Edition,PC;PS5;Xbox;Switch,,Yes,2006,Survival;Sandbox,Yes,https://example.com/games/marvel-s-midnight-suns-physical-edition
Amnesia Premium Edition,PC;PS4;Xbox;Switch,Many,No,2005,Action;Platformer,No,https://example.com/games/amnesia-premium-edition
Sudden Strike Premium Edition,PC;PS5;Xbox;Switch,6,No,2021,Strategy;RTS,No,https://example.com/games/sudden-strike-premium-edition
Fallout 3,PC;PS4;Xbox,4,Yes,2025,4X;Strategy,No,https://example.com/games/fallout-3
The Last of Us 3,PC;PS5;Xbox;Switch,3,No,2003,Grand Strategy;Strategy,Yes,https://example.com/games/the-last-of-us-3
Shin Megami Tensei Premium Edition,PC;PS4;Xbox,Many,Yes,2017,Strategy;RTS,No,https://example.com/games/shin-megami-tensei-premium-edition
Invisible Inc Limited Edition,PC;PS5,,Yes,2022,Grand Strategy;Strategy,No,https://example.com/games/invisible-inc-limited-edition
Total War Arena Beta Edition,PC;Xbox,4,Yes,2006,Survival;Horror,No,https://example.com/games/total-war-arena-beta-edition
Endless Space 4,PC;Xbox,6,Yes,2024,Strategy;RTS,No,https://example.com/games/endless-space-4
Blue Protocol Omega Edition 3,PS5;Xbox,,Yes,2013,Survival;Sandbox,No,https://example.com/games/blue-protocol-omega-edition-3
Gundam Battle Chronicle Anniversary Edition,PC;Switch,,Yes,2012,Battle Royale;Shooter,No,https://example.com/games/gundam-battle-chronicle-anniversary-edition
Terraria Omega Edition,PC;PS5,,Yes,2000,Party;Action,Yes,https://example.com/games/terraria-omega-edition
Tales of Phantasia Enhanced Edition,PC;PS5;Xbox;Switch,,No,2007,Sports,No,https://example.com/games/tales-of-phantasia-enhanced-edition
Gears Tactics Special Edition,PC;Xbox,2,No,2015,Simulation,No,https://example.com/games/gears-tactics-special-edition
Gundam Versus Definitive Edition,PC;Xbox,4,No,2020,Shooter;RPG,No,https://example.com/games/gundam-versus-definitive-edition
Ronduine Remake,PC;PS5,Many,No,2000,Racing,No,https://example.com/games/ronduine-remake
Sekiro Omega Edition 3,PC;PS4;Xbox;Switch,3,No,2003,Party;Action,No,https://example.com/games/sekiro-omega-edition-3
Bad North Limited Edition,Xbox,,Yes,2001,Shooter;Action,Yes,https://example.com/games/bad-north-limited-edition
Need for Speed Remastered,PC;PS5,,Yes,2020,Puzzle;Adventure,Yes,https://example.com/games/need-for-speed-remastered
Northgard Game of the Year Edition,PC;Xbox,,Yes,2024,Battle Royale;Shooter,No,https://example.com/games/northgard-game-of-the-year-edition
Braid 5,PC;PS4;Xbox;Switch,,Yes,2026,Action;Adventure,Yes,https://example.com/games/braid-5
Stronghold Premium Edition,PC;Switch,4,No,2015,4X;Strategy,No,https://example.com/games/stronghold-premium-edition
Surviving Mars Digital Edition,PC;Xbox,,Yes,2006,Survival;Sandbox,Yes,https://example.com/games/surviving-mars-digital-edition
Traffic Rider Omega Edition 4,Xbox,2,No,2006,Sandbox,No,https://example.com/games/traffic-rider-omega-edition-4
Radical Dreamers 5,PC;PS5;Xbox;Switch,8,Yes,2012,Survival;Sandbox,No,https://example.com/games/radical-dreamers-5
Cities First Edition,PC;Switch,4,No,2001,Strategy;RTS,No,https://example.com/games/cities-first-edition
Return of the Obra Dinn Complete Edition,PC;PS5,8,No,2014,Racing,No,https://example.com/games/return-of-the-obra-dinn-complete-edition
Saints Row Complete Edition,PC;PS5;Xbox,Many,Yes,2004,Simulation,Yes,https://example.com/games/saints-row-complete-edition
World of Tanks Standard Edition,PC;PS5;Xbox,,No,2010,Sandbox,No,https://example.com/games/world-of-tanks-standard-edition
Overlord Collector's Edition,PC;PS5,Many,No,2005,Action;Adventure,No,https://example.com/games/overlord-collector-s-edition
DayZ Omega Edition,PC;PS5;Xbox,,Yes,2004,Party;Action,No,https://example.com/games/dayz-omega-edition
Sleeping Dogs Game of the Year Edition,PC;PS5,2,Yes,2022,Battle Royale;Shooter,Yes,https://example.com/games/sleeping-dogs-game-of-the-year-edition
Necromunda Anniversary Edition,PC;PS5;Xbox,,Yes,2016,MOBA;Strategy,Yes,https://example.com/games/necromunda-anniversary-edition
Captain of Industry Remastered,PC;PS4;Xbox,Many,No,2026,Sandbox,No,https://example.com/games/captain-of-industry-remastered
Night Call Omega Edition 3,PC;PS4;Xbox;Switch,4,No,2022,Sandbox,No,https://example.com/games/night-call-omega-edition-3
Platinum Games Ultimate Edition,PC;PS4;Xbox,4,No,2002,Casual;Party,No,https://example.com/games/platinum-games-ultimate-edition
Goblin Slayer Enhanced Edition,Xbox,6,No,2016,Shooter;RPG,Yes,https://example.com/games/goblin-slayer-enhanced-edition
Griftlands Collector's Edition,Xbox,6,No,2006,RPG;Action,No,https://example.com/games/griftlands-collector-s-edition
Steins Gate 5,PC;PS5;Xbox,,Yes,2007,Simulation,No,https://example.com/games/steins-gate-5
Mechwarrior 4,PC;PS4;Xbox;Switch,8,No,2026,Strategy;Turn-Based,No,https://example.com/games/mechwarrior-4
Surviving Mars Enhanced Edition,PC;PS5;Xbox;Switch,3,Yes,2017,Shooter;RPG,No,https://example.com/games/surviving-mars-enhanced-edition
Gundam Battle Operation,Xbox,Many,Yes,2008,RPG;Action,No,https://example.com/games/gundam-battle-operation
Half-Life Omega Edition 5,PC;PS4;Xbox;Switch,,No,2015,Sandbox,No,https://example.com/games/half-life-omega-edition-5
Monogatari Complete Edition,PC;PS4;Xbox,,No,2004,Survival;Sandbox,Yes,https://example.com/games/monogatari-complete-edition
Tunic 5,PC;PS4;Xbox;Switch,,No,2002,RPG;Action,No,https://example.com/games/tunic-5
Hollow Knight Omega Edition 2,PC;PS5,4,No,2026,Grand Strategy;Strategy,No,https://example.com/games/hollow-knight-omega-edition-2
Flatout Collector's Edition,PC,Many,No,2000,Simulation;Sandbox,No,https://example.com/games/flatout-collector-s-edition
Gundam Seed Battle Assault 9 Remake,PC;PS5,4,No,2014,Simulation,No,https://example.com/games/gundam-seed-battle-assault-9-remake
Bread and Fred Omega Edition 5,PC;PS4;Xbox,Many,No,2013,4X;Strategy,No,https://example.com/games/bread-and-fred-omega-edition-5
Empire Earth Definitive Edition,PC;PS5;Xbox;Switch,8,No,2008,4X;Strategy,No,https://example.com/games/empire-earth-definitive-edition
Call to Arms Omega Edition 3,PC;PS5;Xbox,4,Yes,2002,4X;Strategy,No,https://example.com/games/call-to-arms-omega-edition-3
Warhammer 40K Inquisitor Enhanced Edition,PS5;Xbox,,No,2003,RPG;Action,Yes,https://example.com/games/warhammer-40k-inquisitor-enhanced-edition
Steins Gate Standard Edition,PC;PS4;Xbox;Switch,,No,2014,Racing,No,https://example.com/games/steins-gate-standard-edition
Hearts of Iron Enhanced Edition,PC;PS5,,Yes,2026,Action;Platformer,No,https://example.com/games/hearts-of-iron-enhanced-edition
Tetris Remake,PS5;Xbox,,Yes,2007,Action;Adventure,No,https://example.com/games/tetris-remake
Sniper Elite Last Edition,PC;Xbox,,No,2010,Casual;Party,No,https://example.com/games/sniper-elite-last-edition
Tower of Fantasy 3,PC;PS4;Xbox;Switch,4,No,2021,Sports,No,https://example.com/games/tower-of-fantasy-3
Dragon Ball Legends Final Edition,PC;Switch,6,Yes,2004,Casual;Party,No,https://example.com/games/dragon-ball-legends-final-edition
Shadow Warrior Omega Edition 4,PC;PS4;Xbox,6,No,2005,MOBA;Strategy,No,https://example.com/games/shadow-warrior-omega-edition-4
Disco Elysium Premium Edition,PC;Switch,,Yes,2022,Puzzle;Adventure,No,https://example.com/games/disco-elysium-premium-edition
Skul Remastered,PS5;Xbox,,No,2017,Racing,No,https://example.com/games/skul-remastered
Ashes of the Singularity Remastered,PC;PS4;Xbox,Many,No,2009,Survival;Sandbox,Yes,https://example.com/games/ashes-of-the-singularity-remastered
Devil May Cry Anniversary Edition,PC;PS5,Many,Yes,2019,Shooter;RPG,No,https://example.com/games/devil-may-cry-anniversary-edition
Until Dawn Deluxe Edition,PC;PS4;Xbox;Switch,4,No,2016,Sports,Yes,https://example.com/games/until-dawn-deluxe-edition
Cloudpunk Enhanced Edition,PS5;Xbox,,No,2012,MOBA;Strategy,No,https://example.com/games/cloudpunk-enhanced-edition
Frostpunk,PC;Switch,,No,2010,Survival;Horror,No,https://example.com/games/frostpunk
Overwatch Limited Edition,PC;PS4;Xbox,4,No,2009,Survival;Sandbox,No,https://example.com/games/overwatch-limited-edition
Kena,Xbox,2,No,2014,Puzzle;Adventure,No,https://example.com/games/kena
Sven Co-op Beta Edition,PC;Switch,,No,2025,Battle Royale;Shooter,No,https://example.com/games/sven-co-op-beta-edition
Mini Motorways Complete Edition,PC;Switch,4,No,2005,Party;Action,No,https://example.com/games/mini-motorways-complete-edition
Arena of Valor Anniversary Edition,PC;PS4;Xbox,4,No,2021,Survival;Horror,No,https://example.com/games/arena-of-valor-anniversary-edition
Dr Mario Deluxe Edition,PS5;Xbox,Many,Yes,2001,Puzzle;Adventure,Yes,https://example.com/games/dr-mario-deluxe-edition
Trials Anniversary Edition,PC;PS4;Xbox,6,No,2000,RPG;Action,Yes,https://example.com/games/trials-anniversary-edition
Skul Omega Edition 3,PC;Switch,4,Yes,2004,Party;Action,No,https://example.com/games/skul-omega-edition-3
Grand Theft Auto Omega Edition 3,PC;PS4;Xbox,8,No,2010,Battle Royale;Shooter,No,https://example.com/games/grand-theft-auto-omega-edition-3
Enlisted Remastered,PS5;Xbox,2,No,2004,4X;Strategy,Yes,https://example.com/games/enlisted-remastered
Starsector Omega Edition,Xbox,8,No,2023,Shooter;RPG,No,https://example.com/games/starsector-omega-edition
Puzzle and Dragons Remake,PC;PS5;Xbox,,Yes,2004,4X;Strategy,No,https://example.com/games/puzzle-and-dragons-remake
Fairy Tail Remake,PC;PS4;Xbox,,No,2001,Strategy;RTS,No,https://example.com/games/fairy-tail-remake
Unrailed Omega Edition 5,PC;PS5;Xbox;Switch,4,No,2013,4X;Strategy,No,https://example.com/games/unrailed-omega-edition-5
The Wolf Among Us,PC;PS5;Xbox;Switch,8,No,2012,Grand Strategy;Strategy,No,https://example.com/games/the-wolf-among-us
Cities Skylines First Edition,PC;PS5,4,No,2006,Strategy;RTS,No,https://example.com/games/cities-skylines-first-edition
Rust Deluxe Edition,Xbox,,Yes,2020,Survival;Sandbox,No,https://example.com/games/rust-deluxe-edition
New World Enhanced Edition,PC;PS5;Xbox,8,Yes,2007,Party;Action,No,https://example.com/games/new-world-enhanced-edition
Dead Rising Standard Edition,PC;PS5,,Yes,2009,Sports,No,https://example.com/games/dead-rising-standard-edition
Gundam Seed Battle Assault 2 Omega Edition 4,PC;PS5;Xbox,,Yes,2011,MOBA;Strategy,No,https://example.com/games/gundam-seed-battle-assault-2-omega-edition-4
Heroes of the Storm Game of the Year Edition,PC;PS4;Xbox,6,Yes,2008,Survival;Horror,No,https://example.com/games/heroes-of-the-storm-game-of-the-year-edition
Wolfenstein,PC;PS4;Xbox,Many,Yes,2009,Strategy;Turn-Based,No,https://example.com/games/wolfenstein
Gundam Battle Assault Physical Edition,PC;PS5;Xbox;Switch,,No,2018,Racing,No,https://example.com/games/gundam-battle-assault-physical-edition
Left 4 Dead Omega Edition 2,PC,,Yes,2008,Sandbox,No,https://example.com/games/left-4-dead-omega-edition-2
Wolfenstein Enhanced Edition,PC;PS5;Xbox;Switch,4,No,2021,Grand Strategy;Strategy,No,https://example.com/games/wolfenstein-enhanced-edition
The Division Remastered,PC;PS5;Xbox;Switch,,No,2009,Strategy;Turn-Based,No,https://example.com/games/the-division-remastered
Satisfactory Final Edition,PC,6,No,2012,Sports,No,https://example.com/games/satisfactory-final-edition
Catherine Definitive Edition,PS5;Xbox,Many,Yes,2001,Casual;Party,Yes,https://example.com/games/catherine-definitive-edition
Life is Feudal 5,PC;Switch,Many,Yes,2018,Shooter;RPG,No,https://example.com/games/life-is-feudal-5
Chain Chronicle Game of the Year Edition,PC;PS5,4,No,2005,Action;Adventure,No,https://example.com/games/chain-chronicle-game-of-the-year-edition
Planet Zoo Deluxe Edition,PC;PS4;Xbox,4,No,2017,Action;Platformer,No,https://example.com/games/planet-zoo-deluxe-edition
Dirt Enhanced Edition,PC;PS4;Xbox;Switch,,Yes,2005,Action;Platformer,No,https://example.com/games/dirt-enhanced-edition
Transport Fever Omega Edition,PC;PS5,4,No,2000,Simulation;Sandbox,No,https://example.com/games/transport-fever-omega-edition
Observer Omega Edition 2,PC;Switch,,Yes,2004,Sports,No,https://example.com/games/observer-omega-edition-2
Wuthering Waves First Edition,PC;PS5,4,No,2008,Tactical;Shooter,No,https://example.com/games/wuthering-waves-first-edition
Dead Cells Omega Edition 5,PC;PS4;Xbox;Switch,4,No,2008,Shooter;Action,No,https://example.com/games/dead-cells-omega-edition-5
Elite Dangerous 3,PC;Xbox,2,No,2016,Grand Strategy;Strategy,No,https://example.com/games/elite-dangerous-3
Gwent Alpha Edition,PC;PS4;Xbox,4,No,2026,Strategy;RTS,Yes,https://example.com/games/gwent-alpha-edition
Nioh Final Edition,PC;Xbox,2,Yes,2020,Sandbox,No,https://example.com/games/nioh-final-edition
Unturned Definitive Edition,PS5;Xbox,4,No,2004,Casual;Party,No,https://example.com/games/unturned-definitive-edition
Persona 5 Strikers Digital Edition,PC;PS5,2,No,2023,Shooter;Action,No,https://example.com/games/persona-5-strikers-digital-edition
Madden NFL Beta Edition,PC;Switch,,No,2024,MOBA;Strategy,No,https://example.com/games/madden-nfl-beta-edition
Everspace Last Edition,PC;Switch,Many,No,2004,Casual;Party,No,https://example.com/games/everspace-last-edition
Sons of the Forest Game of the Year Edition,PC,4,No,2005,Simulation,Yes,https://example.com/games/sons-of-the-forest-game-of-the-year-edition
Gundam Seed Battle Universe Complete Edition,PS5;Xbox,,No,2003,4X;Strategy,No,https://example.com/games/gundam-seed-battle-universe-complete-edition
Endless Legend Legendary Edition,Xbox,,Yes,2018,Tactical;Shooter,Yes,https://example.com/games/endless-legend-legendary-edition
Re Zero Remastered,PC;Xbox,4,No,2002,Tactical;Shooter,No,https://example.com/games/re-zero-remastered
Prison Architect Remastered,PC;PS4;Xbox;Switch,4,No,2013,Battle Royale;Shooter,No,https://example.com/games/prison-architect-remastered
Army of Two Remastered,PS5;Xbox,,No,2015,Casual;Party,No,https://example.com/games/army-of-two-remastered
Hades Alpha Edition,Xbox,,No,2003,Casual;Party,No,https://example.com/games/hades-alpha-edition
Killing Floor Digital Edition,Xbox,6,Yes,2021,RPG;Action,No,https://example.com/games/killing-floor-digital-edition
RimWorld Standard Edition,PC;PS4;Xbox;Switch,,No,2007,RPG;Action,No,https://example.com/games/rimworld-standard-edition
Digital Devil Saga First Edition,PC,4,No,2016,Casual;Party,No,https://example.com/games/digital-devil-saga-first-edition
Cities Skylines 2,PC;Switch,3,Yes,2000,Shooter;Action,No,https://example.com/games/cities-skylines-2
War Front Remastered,PC;PS5;Xbox;Switch,3,Yes,2003,Grand Strategy;Strategy,No,https://example.com/games/war-front-remastered
Poker Night First Edition,PC;Xbox,6,No,2024,Grand Strategy;Strategy,No,https://example.com/games/poker-night-first-edition
Doom Enhanced Edition,PC;Xbox,2,No,2003,Puzzle;Adventure,No,https://example.com/games/doom-enhanced-edition
Back 4 Blood 4,PC;PS5,4,No,2001,Battle Royale;Shooter,No,https://example.com/games/back-4-blood-4
Wasteland Game of the Year Edition,PC;Xbox,,Yes,2010,RPG;Action,No,https://example.com/games/wasteland-game-of-the-year-edition
Resident Evil 3,PC;PS5;Xbox,,No,2003,RPG;Action,No,https://example.com/games/resident-evil-3
Ultimate Chicken Horse Final Edition,PC;Switch,4,No,2008,Simulation,No,https://example.com/games/ultimate-chicken-horse-final-edition
Night Call 5,PC;Xbox,6,No,2015,Action;Adventure,No,https://example.com/games/night-call-5
Odin Sphere Physical Edition,PC;Xbox,6,No,2004,Battle Royale;Shooter,No,https://example.com/games/odin-sphere-physical-edition
Eternal Card Game Special Edition,PC;PS4;Xbox,2,No,2013,Sports,Yes,https://example.com/games/eternal-card-game-special-edition
They Are Billions Beta Edition,Xbox,3,No,2024,Puzzle;Adventure,No,https://example.com/games/they-are-billions-beta-edition
Gundam Seed Battle Assault 4 Physical Edition,PC;PS5;Xbox;Switch,,No,2015,Shooter;Action,No,https://example.com/games/gundam-seed-battle-assault-4-physical-edition
Sleeping Dogs Standard Edition,PS5;Xbox,,No,2026,RPG;Action,Yes,https://example.com/games/sleeping-dogs-standard-edition
Tales of Graces First Edition,Xbox,8,No,2024,Casual;Party,No,https://example.com/games/tales-of-graces-first-edition
SimCity BuildIt Remake,PC;PS5;Xbox;Switch,,No,2008,Action;Adventure,Yes,https://example.com/games/simcity-buildit-remake
Remnant 3,PC;Switch,4,No,2011,Puzzle;Adventure,No,https://example.com/games/remnant-3
Titanfall Remastered,PC;Switch,8,No,2017,Strategy;RTS,Yes,https://example.com/games/titanfall-remastered
Dirty Bomb Game of the Year Edition,PC;PS5;Xbox,,Yes,2001,Survival;Sandbox,Yes,https://example.com/games/dirty-bomb-game-of-the-year-edition
Duke Nukem First Edition,Xbox,6,No,2018,Grand Strategy;Strategy,No,https://example.com/games/duke-nukem-first-edition
Sly Cooper Standard Edition,PC;Switch,,No,2009,Simulation,No,https://example.com/games/sly-cooper-standard-edition
Men of War Omega Edition 5,PC;PS4;Xbox;Switch,,Yes,2025,Tactical;Shooter,No,https://example.com/games/men-of-war-omega-edition-5
Fallout Omega Edition 2,PS5;Xbox,,No,2005,Strategy;Turn-Based,No,https://example.com/games/fallout-omega-edition-2
Muramasa Remastered,PC;Switch,4,No,2017,Sports,Yes,https://example.com/games/muramasa-remastered
Gundam Versus Remake,PC;PS5;Xbox;Switch,8,No,2010,Battle Royale;Shooter,No,https://example.com/games/gundam-versus-remake
Majin Tensei 3,PC;PS5;Xbox;Switch,,No,2008,Sandbox,No,https://example.com/games/majin-tensei-3
Tools Up Omega Edition 5,PC,4,No,2001,Battle Royale;Shooter,Yes,https://example.com/games/tools-up-omega-edition-5
World in Conflict Last Edition,Xbox,,No,2015,Racing,No,https://example.com/games/world-in-conflict-last-edition
Puzzle Quest Ultimate Edition,PC;PS5;Xbox;Switch,4,No,2001,Survival;Horror,No,https://example.com/games/puzzle-quest-ultimate-edition
Quake,PC;PS5,4,No,2014,Simulation,No,https://example.com/games/quake
Divinity Remake,PC;PS4;Xbox,4,No,2014,Tactical;Shooter,Yes,https://example.com/games/divinity-remake
Warhammer 40K Mechanicus Omega Edition 3,PC;Xbox,8,No,2006,Sandbox,No,https://example.com/games/warhammer-40k-mechanicus-omega-edition-3
Lunar 4,PC;PS4;Xbox;Switch,,Yes,2004,Sandbox,No,https://example.com/games/lunar-4
Tokyo Ghoul Omega Edition,PC,4,No,2012,Action;Platformer,No,https://example.com/games/tokyo-ghoul-omega-edition
Stacklands Premium Edition,PC;Switch,,No,2011,Simulation,No,https://example.com/games/stacklands-premium-edition
Poker Night Physical Edition,PS5;Xbox,4,No,2012,Strategy;RTS,No,https://example.com/games/poker-night-physical-edition
Homeworld Definitive Edition,PC;PS4;Xbox,4,No,2024,Racing,No,https://example.com/games/homeworld-definitive-edition
Planet Zoo Legendary Edition,PS5;Xbox,3,No,2010,4X;Strategy,No,https://example.com/games/planet-zoo-legendary-edition
Warhammer 40K Mechanicus 4,PC;Xbox,4,No,2000,MOBA;Strategy,No,https://example.com/games/warhammer-40k-mechanicus-4
Next Car Game Premium Edition,PC;PS5,4,No,2018,Shooter;Action,No,https://example.com/games/next-car-game-premium-edition
Real Racing Remake,PC;PS4;Xbox;Switch,,Yes,2026,Racing,No,https://example.com/games/real-racing-remake
Steins Gate Omega Edition 4,PC;PS4;Xbox;Switch,2,Yes,2003,Shooter;RPG,No,https://example.com/games/steins-gate-omega-edition-4
Reckless Racing 2,PC;Xbox,3,Yes,2014,Tactical;Shooter,No,https://example.com/games/reckless-racing-2
Hearthstone Remake,PC;Switch,4,Yes,2010,Tactical;Shooter,No,https://example.com/games/hearthstone-remake
Front Mission 2087 3,PC,4,Yes,2014,Casual;Party,No,https://example.com/games/front-mission-2087-3
Flower Omega Edition 3,Xbox,,No,2006,Puzzle;Adventure,No,https://example.com/games/flower-omega-edition-3
Fate Grand Order Remake,Xbox,,No,2024,Shooter;Action,Yes,https://example.com/games/fate-grand-order-remake
Gundam Seed Battle Assault 7 Physical Edition,PC;PS5;Xbox,4,No,2009,Shooter;Action,No,https://example.com/games/gundam-seed-battle-assault-7-physical-edition
Layers of Fear 3,PC;PS5;Xbox;Switch,Many,Yes,2013,Action;Adventure,No,https://example.com/games/layers-of-fear-3
Danganronpa Alpha Edition,PC;PS4;Xbox;Switch,,No,2009,RPG;Action,No,https://example.com/games/danganronpa-alpha-edition
Endless Space First Edition,PC;PS4;Xbox,,Yes,2021,Action;Platformer,No,https://example.com/games/endless-space-first-edition
Phoenix Point Alpha Edition,PC;Xbox,,No,2000,Puzzle;Adventure,No,https://example.com/games/phoenix-point-alpha-edition
Killing Floor Omega Edition 3,PS5;Xbox,,Yes,2014,Action;Platformer,No,https://example.com/games/killing-floor-omega-edition-3
Pioneer 5,PC;PS4;Xbox;Switch,,Yes,2017,Strategy;RTS,No,https://example.com/games/pioneer-5
Iron Harvest Collector's Edition,PC;PS4;Xbox;Switch,Many,Yes,2017,Action;Platformer,No,https://example.com/games/iron-harvest-collector-s-edition
Dishonored Anniversary Edition,PC;PS5;Xbox;Switch,Many,No,2011,Racing,No,https://example.com/games/dishonored-anniversary-edition
Crash Team Racing Legendary Edition,PC;PS5;Xbox,4,Yes,2022,Sports,No,https://example.com/games/crash-team-racing-legendary-edition
Bulletstorm Ultimate Edition,PC;PS5;Xbox,3,No,2003,Casual;Party,No,https://example.com/games/bulletstorm-ultimate-edition
Stellaris Remastered,PC,Many,Yes,2015,4X;Strategy,No,https://example.com/games/stellaris-remastered
Hollow Knight Legendary Edition,PS5;Xbox,4,No,2018,4X;Strategy,Yes,https://example.com/games/hollow-knight-legendary-edition
Anno Alpha Edition,PC;PS4;Xbox,3,No,2018,Shooter;Action,No,https://example.com/games/anno-alpha-edition
Fez Digital Edition,PC;Switch,,Yes,2020,Action;Adventure,Yes,https://example.com/games/fez-digital-edition
Elite Dangerous Enhanced Edition,PC;Switch,4,No,2009,Puzzle;Adventure,No,https://example.com/games/elite-dangerous-enhanced-edition
Tiny Tina Special Edition,PC,6,Yes,2024,MOBA;Strategy,Yes,https://example.com/games/tiny-tina-special-edition
Inside Omega Edition 4,Xbox,,No,2016,Survival;Sandbox,No,https://example.com/games/inside-omega-edition-4
Crash Team Racing Omega Edition 5,PC;PS5,4,No,2000,Tactical;Shooter,Yes,https://example.com/games/crash-team-racing-omega-edition-5
Traffic Rider 3,PS5;Xbox,,No,2021,Sports,No,https://example.com/games/traffic-rider-3
Sunset Overdrive First Edition,PC;PS5,4,No,2013,Party;Action,No,https://example.com/games/sunset-overdrive-first-edition
The Dark Pictures Game of the Year Edition,Xbox,4,Yes,2000,Strategy;RTS,No,https://example.com/games/the-dark-pictures-game-of-the-year-edition
Rime Enhanced Edition,PC,3,No,2012,Shooter;Action,No,https://example.com/games/rime-enhanced-edition
Tales of Berseria Standard Edition,PC;PS5;Xbox;Switch,,No,2016,Casual;Party,No,https://example.com/games/tales-of-berseria-standard-edition
Gundam Versus 3,PC,,Yes,2002,Strategy;RTS,No,https://example.com/games/gundam-versus-3
UFO Enemy Unknown Final Edition,Xbox,,Yes,2002,Strategy;RTS,No,https://example.com/games/ufo-enemy-unknown-final-edition
Age of Wonders Physical Edition,PC;PS5;Xbox,,Yes,2020,Sports,Yes,https://example.com/games/age-of-wonders-physical-edition
Shapez Remake,Xbox,2,No,2008,Party;Action,No,https://example.com/games/shapez-remake
Sins of a Solar Empire Collector's Edition,PC;PS5,,No,2019,Survival;Horror,No,https://example.com/games/sins-of-a-solar-empire-collector-s-edition
Blazing Souls Physical Edition,PC;Switch,2,No,2001,Racing,No,https://example.com/games/blazing-souls-physical-edition
Until Dawn Last Edition,PC;PS5;Xbox;Switch,6,No,2024,Action;Platformer,No,https://example.com/games/until-dawn-last-edition
Raft 3,PC;PS4;Xbox,,Yes,2000,Shooter;Action,No,https://example.com/games/raft-3
Age of Wonders,PC;Xbox,,No,2003,Party;Action,No,https://example.com/games/age-of-wonders
Goblin Slayer Legendary Edition,PC;PS5,,No,2002,Action;Adventure,No,https://example.com/games/goblin-slayer-legendary-edition
Warhammer 40K Beta Edition,PC;PS4;Xbox,,Yes,2018,Casual;Party,No,https://example.com/games/warhammer-40k-beta-edition
Ronduine Remastered,PC;PS5,4,Yes,2021,Casual;Party,No,https://example.com/games/ronduine-remastered
Friday the 13th Beta Edition,PC;Switch,4,Yes,2002,Strategy;Turn-Based,No,https://example.com/games/friday-the-13th-beta-edition
New World Game of the Year Edition,PC,,Yes,2026,Survival;Sandbox,No,https://example.com/games/new-world-game-of-the-year-edition
Painkiller Remake,PC;PS5,,Yes,2015,Strategy;Turn-Based,No,https://example.com/games/painkiller-remake
Gloomhaven Omega Edition 3,PC;Xbox,6,Yes,2011,4X;Strategy,No,https://example.com/games/gloomhaven-omega-edition-3
Legends of Runeterra Enhanced Edition,Xbox,6,No,2017,RPG;Action,No,https://example.com/games/legends-of-runeterra-enhanced-edition
Planet Zoo Omega Edition 2,PC;PS4;Xbox;Switch,4,No,2005,Sports,No,https://example.com/games/planet-zoo-omega-edition-2
One Piece Bounty Rush Digital Edition,PC;PS5;Xbox,Many,Yes,2011,MOBA;Strategy,No,https://example.com/games/one-piece-bounty-rush-digital-edition
Radical Dreamers Complete Edition,Xbox,8,Yes,2011,Strategy;Turn-Based,Yes,https://example.com/games/radical-dreamers-complete-edition
SimCity BuildIt Anniversary Edition,PC;PS4;Xbox;Switch,Many,No,2014,4X;Strategy,No,https://example.com/games/simcity-buildit-anniversary-edition
Fire Force Omega Edition 4,PC;Xbox,4,Yes,2013,Survival;Horror,No,https://example.com/games/fire-force-omega-edition-4
The Cursed Island Game of the Year Edition,PC;Xbox,6,Yes,2021,Casual;Party,Yes,https://example.com/games/the-cursed-island-game-of-the-year-edition
MX vs ATV Complete Edition,PC,4,No,2009,Shooter;RPG,Yes,https://example.com/games/mx-vs-atv-complete-edition
Quake Complete Edition,PS5;Xbox,,Yes,2022,MOBA;Strategy,Yes,https://example.com/games/quake-complete-edition
Front Mission Online Remastered,PS5;Xbox,4,No,2017,Action;Platformer,No,https://example.com/games/front-mission-online-remastered
Legends of Runeterra Anniversary Edition,PC;PS4;Xbox;Switch,Many,Yes,2008,Shooter;Action,No,https://example.com/games/legends-of-runeterra-anniversary-edition
Endless Legend Beta Edition,PC,3,No,2012,Strategy;RTS,No,https://example.com/games/endless-legend-beta-edition
No Man's Sky 5,PC;PS4;Xbox,,No,2013,Survival;Sandbox,No,https://example.com/games/no-man-s-sky-5
Sly Cooper Final Edition,PS5;Xbox,6,No,2006,Party;Action,No,https://example.com/games/sly-cooper-final-edition
Poker Night 3,Xbox,Many,No,2019,MOBA;Strategy,No,https://example.com/games/poker-night-3
Sky Children of the Light Omega Edition 4,PS5;Xbox,,No,2021,Simulation,No,https://example.com/games/sky-children-of-the-light-omega-edition-4
StarCraft Premium Edition,PC;PS5;Xbox,,Yes,2023,Shooter;RPG,No,https://example.com/games/starcraft-premium-edition
Iron Harvest Alpha Edition,PC;Switch,4,No,2009,Shooter;Action,No,https://example.com/games/iron-harvest-alpha-edition
Dragon Ball Z Dokkan 4,PS5;Xbox,,Yes,2025,Sandbox,No,https://example.com/games/dragon-ball-z-dokkan-4
Guardians of the Galaxy Telltale 3,PC;Switch,4,No,2022,Strategy;RTS,No,https://example.com/games/guardians-of-the-galaxy-telltale-3
Tales of Arise Omega Edition 2,Xbox,,Yes,2020,Simulation,No,https://example.com/games/tales-of-arise-omega-edition-2
Kena Legendary Edition,PC;Xbox,6,No,2005,Tactical;Shooter,No,https://example.com/games/kena-legendary-edition
Celeste Omega Edition,PC;PS4;Xbox;Switch,Many,No,2006,Grand Strategy;Strategy,Yes,https://example.com/games/celeste-omega-edition
Gundam Versus 4,PC;PS4;Xbox,,Yes,2014,4X;Strategy,No,https://example.com/games/gundam-versus-4
Codename Panzers Digital Edition,PC;Xbox,4,No,2021,Sandbox,No,https://example.com/games/codename-panzers-digital-edition
Evolve Omega Edition,PC;PS4;Xbox;Switch,4,No,2018,Survival;Horror,No,https://example.com/games/evolve-omega-edition
Returnal Limited Edition,PC;PS5;Xbox;Switch,4,No,2025,Action;Platformer,No,https://example.com/games/returnal-limited-edition
Gundam Battle Universe Beta Edition,PC;PS4;Xbox;Switch,,Yes,2018,Party;Action,No,https://example.com/games/gundam-battle-universe-beta-edition
Rollercoaster Tycoon Deluxe Edition,Xbox,3,Yes,2021,Strategy;Turn-Based,No,https://example.com/games/rollercoaster-tycoon-deluxe-edition
Last Epoch 4,Xbox,4,No,2020,Tactical;Shooter,Yes,https://example.com/games/last-epoch-4
State of Survival First Edition,Xbox,4,No,2013,4X;Strategy,No,https://example.com/games/state-of-survival-first-edition
Ultimate Chicken Horse Remake,Xbox,,Yes,2019,Survival;Sandbox,Yes,https://example.com/games/ultimate-chicken-horse-remake
Attack on Titan Final Edition,Xbox,4,Yes,2018,Sandbox,No,https://example.com/games/attack-on-titan-final-edition
Front Mission Remake,PC;PS5;Xbox;Switch,6,No,2013,Action;Platformer,No,https://example.com/games/front-mission-remake
Jurassic World Evolution Remake,PC;PS4;Xbox,,No,2025,Party;Action,No,https://example.com/games/jurassic-world-evolution-remake
Star Citizen Final Edition,PC;Xbox,4,Yes,2014,Sports,No,https://example.com/games/star-citizen-final-edition
Vanquish 4,PC;Switch,,No,2020,Survival;Horror,Yes,https://example.com/games/vanquish-4
Warhammer 40K Chaos Gate 2,PS5;Xbox,8,Yes,2009,Simulation,No,https://example.com/games/warhammer-40k-chaos-gate-2
Forza Horizon Remake,PC;PS5;Xbox;Switch,2,No,2002,Tactical;Shooter,No,https://example.com/games/forza-horizon-remake
Batman Telltale Limited Edition,PC;PS5,4,No,2001,MOBA;Strategy,No,https://example.com/games/batman-telltale-limited-edition
Frostpunk Remastered,PC;Switch,6,No,2017,Puzzle;Adventure,No,https://example.com/games/frostpunk-remastered
Phoenix Point Standard Edition,PC;PS5,4,No,2010,4X;Strategy,No,https://example.com/games/phoenix-point-standard-edition
FIFA Remake,PC;PS5,6,No,2014,Survival;Horror,No,https://example.com/games/fifa-remake
Ratchet and Clank Standard Edition,PC;PS5,2,No,2021,Survival;Horror,No,https://example.com/games/ratchet-and-clank-standard-edition
Fire Emblem Warriors Omega Edition 5,PC;PS4;Xbox,4,No,2009,Survival;Sandbox,Yes,https://example.com/games/fire-emblem-warriors-omega-edition-5
Book of Travels 5,PC;PS4;Xbox,4,No,2023,Sandbox,Yes,https://example.com/games/book-of-travels-5
Pokemon Unite Omega Edition 2,PC;PS4;Xbox,,No,2012,Survival;Sandbox,No,https://example.com/games/pokemon-unite-omega-edition-2
Sven Co-op First Edition,PC;PS5,4,No,2013,Shooter;RPG,Yes,https://example.com/games/sven-co-op-first-edition
Everspace Enhanced Edition,PC;PS4;Xbox,4,No,2021,Strategy;RTS,No,https://example.com/games/everspace-enhanced-edition
Colin McRae Special Edition,PC;Switch,,Yes,2004,Shooter;Action,Yes,https://example.com/games/colin-mcrae-special-edition
Hill Climb Racing Beta Edition,PC;Xbox,2,No,2004,4X;Strategy,No,https://example.com/games/hill-climb-racing-beta-edition
Left 4 Dead Last Edition,PC;PS5;Xbox;Switch,,No,2020,Battle Royale;Shooter,Yes,https://example.com/games/left-4-dead-last-edition
Escape Dead Island Beta Edition,PC;PS5;Xbox,8,Yes,2020,Simulation,No,https://example.com/games/escape-dead-island-beta-edition
Lords Mobile Enhanced Edition,PC;PS5,4,Yes,2000,Simulation,Yes,https://example.com/games/lords-mobile-enhanced-edition
Bad North Omega Edition 3,PS5;Xbox,,Yes,2019,Strategy;RTS,No,https://example.com/games/bad-north-omega-edition-3
Monogatari Alpha Edition,PC;Switch,2,Yes,2025,Sandbox,No,https://example.com/games/monogatari-alpha-edition
Colin McRae Remastered,PC;PS4;Xbox;Switch,3,No,2004,Sports,No,https://example.com/games/colin-mcrae-remastered
Return of the Obra Dinn Enhanced Edition,PC;PS5,3,No,2018,4X;Strategy,No,https://example.com/games/return-of-the-obra-dinn-enhanced-edition
Red Dead 5,PC;Switch,Many,No,2007,Racing,No,https://example.com/games/red-dead-5
Cosmic Star Heroine Complete Edition,PC;Switch,,No,2026,Puzzle;Adventure,No,https://example.com/games/cosmic-star-heroine-complete-edition
Divinity Digital Edition,PC;Xbox,,Yes,2013,Strategy;Turn-Based,Yes,https://example.com/games/divinity-digital-edition
Gears of War Standard Edition,PC;PS5;Xbox,,Yes,2020,Grand Strategy;Strategy,No,https://example.com/games/gears-of-war-standard-edition
Cities Legendary Edition,PC;PS5,,No,2016,Shooter;Action,No,https://example.com/games/cities-legendary-edition
Pokemon Unite 2,PC;PS5;Xbox,4,No,2003,RPG;Action,No,https://example.com/games/pokemon-unite-2
Rust,PC;PS4;Xbox;Switch,6,Yes,2002,Shooter;Action,No,https://example.com/games/rust
Warhammer,PC;PS5;Xbox,8,No,2003,Action;Adventure,No,https://example.com/games/warhammer
Age of Wonders Legendary Edition,PC;PS4;Xbox;Switch,4,No,2004,Simulation,No,https://example.com/games/age-of-wonders-legendary-edition
Conan Exiles Remake,PC;PS5;Xbox;Switch,3,No,2026,Simulation;Sandbox,No,https://example.com/games/conan-exiles-remake
Red Orchestra,PS5;Xbox,,No,2009,Puzzle;Adventure,No,https://example.com/games/red-orchestra
Medal of Honor Standard Edition,PC;PS4;Xbox,,No,2009,RPG;Action,No,https://example.com/games/medal-of-honor-standard-edition
Chainsaw Man Omega Edition 5,Xbox,,Yes,2005,Battle Royale;Shooter,No,https://example.com/games/chainsaw-man-omega-edition-5
Project Zomboid 2,Xbox,8,Yes,2021,Shooter;Action,No,https://example.com/games/project-zomboid-2
Path of Exile Game of the Year Edition,PS5;Xbox,,Yes,2014,Shooter;RPG,No,https://example.com/games/path-of-exile-game-of-the-year-edition
Madden NFL Game of the Year Edition,PC;Xbox,4,No,2023,Survival;Horror,Yes,https://example.com/games/madden-nfl-game-of-the-year-edition
Baten Kaitos 5,PC;PS5;Xbox,2,No,2015,Survival;Horror,No,https://example.com/games/baten-kaitos-5
The Forest 4,PC;Xbox,,No,2018,Strategy;RTS,No,https://example.com/games/the-forest-4
SaGa,PC;Switch,,Yes,2013,Strategy;Turn-Based,No,https://example.com/games/saga
DayZ Remake,PC;Switch,,No,2003,MOBA;Strategy,No,https://example.com/games/dayz-remake
Gundam Battle Assault Special Edition,PS5;Xbox,,Yes,2007,Shooter;RPG,Yes,https://example.com/games/gundam-battle-assault-special-edition
Elder Scrolls Online Omega Edition,PC;PS4;Xbox,Many,No,2013,Strategy;Turn-Based,No,https://example.com/games/elder-scrolls-online-omega-edition
Aven Colony Omega Edition 4,PC;PS5;Xbox,,Yes,2014,Casual;Party,No,https://example.com/games/aven-colony-omega-edition-4
Counter-Strike Standard Edition,PC;PS5;Xbox,3,Yes,2004,Puzzle;Adventure,No,https://example.com/games/counter-strike-standard-edition
Disco Elysium Standard Edition,PC;Xbox,4,No,2003,Sports,Yes,https://example.com/games/disco-elysium-standard-edition
Unrailed 5,PS5;Xbox,,No,2023,Sandbox,No,https://example.com/games/unrailed-5
Wolfenstein Limited Edition,PC;PS5;Xbox,4,No,2008,Shooter;RPG,Yes,https://example.com/games/wolfenstein-limited-edition
Banner Saga Game of the Year Edition,PC;PS5;Xbox,,No,2013,Grand Strategy;Strategy,No,https://example.com/games/banner-saga-game-of-the-year-edition
Deus Ex First Edition,PC,3,Yes,2000,MOBA;Strategy,No,https://example.com/games/deus-ex-first-edition
Endless Space Standard Edition,PC;PS4;Xbox;Switch,,No,2017,Grand Strategy;Strategy,No,https://example.com/games/endless-space-standard-edition
Gundam Seed Battle Assault 4 4,PC;PS4;Xbox,3,No,2024,Party;Action,No,https://example.com/games/gundam-seed-battle-assault-4-4
Mortal Online Standard Edition,PC;Switch,2,No,2013,Survival;Horror,No,https://example.com/games/mortal-online-standard-edition
Minecraft Alpha Edition,PC;Switch,3,No,2025,Battle Royale;Shooter,No,https://example.com/games/minecraft-alpha-edition
Fire Force Enhanced Edition,PC;PS4;Xbox;Switch,4,No,2009,Strategy;RTS,No,https://example.com/games/fire-force-enhanced-edition
Sky Children of the Light Legendary Edition,PC;PS5,4,Yes,2007,Battle Royale;Shooter,No,https://example.com/games/sky-children-of-the-light-legendary-edition
Farmville Collector's Edition,PC;PS4;Xbox,,Yes,2026,Party;Action,No,https://example.com/games/farmville-collector-s-edition
Gears Tactics Omega Edition 2,PC;PS5;Xbox,,Yes,2016,Casual;Party,No,https://example.com/games/gears-tactics-omega-edition-2
Remnant,PC;Switch,4,No,2005,Racing,No,https://example.com/games/remnant
Gundam Wing Battle 3,PC;Xbox,4,No,2015,Party;Action,Yes,https://example.com/games/gundam-wing-battle-3
Twisted Metal Limited Edition,PC;Switch,2,No,2004,Simulation;Sandbox,No,https://example.com/games/twisted-metal-limited-edition
Granblue Fantasy Omega Edition 2,Xbox,6,No,2006,Action;Platformer,No,https://example.com/games/granblue-fantasy-omega-edition-2
King of Avalon Physical Edition,PC,3,No,2023,Grand Strategy;Strategy,Yes,https://example.com/games/king-of-avalon-physical-edition
Zill O'll Premium Edition,PC;PS5;Xbox,,Yes,2001,Shooter;Action,No,https://example.com/games/zill-o-ll-premium-edition
Persona 5 Strikers Collector's Edition,PC;Xbox,,No,2020,Racing,No,https://example.com/games/persona-5-strikers-collector-s-edition
Starsector Definitive Edition,PC;PS5;Xbox,,No,2017,Shooter;Action,Yes,https://example.com/games/starsector-definitive-edition
Chorus Remastered,PC;PS5;Xbox;Switch,Many,Yes,2011,Grand Strategy;Strategy,No,https://example.com/games/chorus-remastered
Tales of Symphonia 4,PC,2,No,2005,4X;Strategy,No,https://example.com/games/tales-of-symphonia-4
Miscreated Omega Edition,PC,,Yes,2007,Strategy;RTS,Yes,https://example.com/games/miscreated-omega-edition
Black Clover Standard Edition,PC;Switch,4,Yes,2019,Shooter;RPG,Yes,https://example.com/games/black-clover-standard-edition
Hades Enhanced Edition,PC;Switch,6,No,2025,Survival;Sandbox,No,https://example.com/games/hades-enhanced-edition
Gundam Battle Chronicle Omega Edition 5,PC,,Yes,2012,Grand Strategy;Strategy,No,https://example.com/games/gundam-battle-chronicle-omega-edition-5
Wartales 4,PC;Switch,2,No,2025,Strategy;RTS,No,https://example.com/games/wartales-4
Traffic Rider Remake,PC;Switch,Many,No,2004,Puzzle;Adventure,No,https://example.com/games/traffic-rider-remake
Escape Dead Island Omega Edition 4,PC;PS4;Xbox,Many,Yes,2025,Battle Royale;Shooter,No,https://example.com/games/escape-dead-island-omega-edition-4
Mad Max 4,PC,,Yes,2000,Shooter;RPG,Yes,https://example.com/games/mad-max-4
Age of Empires Collector's Edition,PC;PS5;Xbox,Many,Yes,2000,Action;Adventure,No,https://example.com/games/age-of-empires-collector-s-edition
Tales of Vesperia Game of the Year Edition,PC;PS4;Xbox;Switch,,No,2026,Strategy;Turn-Based,No,https://example.com/games/tales-of-vesperia-game-of-the-year-edition
Front Mission Online Physical Edition,PC;PS5;Xbox,,Yes,2012,Sports,No,https://example.com/games/front-mission-online-physical-edition
Gundam Seed Battle Assault 6 Legendary Edition,PC;Xbox,8,Yes,2011,4X;Strategy,No,https://example.com/games/gundam-seed-battle-assault-6-legendary-edition
Wreckfest Standard Edition,PC;PS5;Xbox,6,No,2026,Action;Platformer,No,https://example.com/games/wreckfest-standard-edition
Abzu Special Edition,PC;PS4;Xbox;Switch,4,No,2023,Strategy;Turn-Based,No,https://example.com/games/abzu-special-edition
Stranded Deep Final Edition,Xbox,,No,2025,Sandbox,No,https://example.com/games/stranded-deep-final-edition
Tales of Arise Digital Edition,PC;Switch,4,Yes,2025,Simulation,Yes,https://example.com/games/tales-of-arise-digital-edition
SimCity Complete Edition,PC;PS5;Xbox;Switch,,No,2014,Action;Adventure,No,https://example.com/games/simcity-complete-edition
Hearts of Iron Omega Edition 5,PC;Xbox,,No,2021,Sports,No,https://example.com/games/hearts-of-iron-omega-edition-5
Gundam Seed Battle 4,PC;PS5;Xbox,2,No,2009,Action;Platformer,No,https://example.com/games/gundam-seed-battle-4
Armored Core Ultimate Edition,PC;Switch,8,No,2019,Party;Action,No,https://example.com/games/armored-core-ultimate-edition
Bulletstorm 2,PC;Switch,2,No,2007,Puzzle;Adventure,Yes,https://example.com/games/bulletstorm-2
World in Conflict Omega Edition 2,Xbox,,Yes,2014,4X;Strategy,No,https://example.com/games/world-in-conflict-omega-edition-2
Rainbow Six Omega Edition,PC;PS5;Xbox,3,No,2021,Survival;Sandbox,No,https://example.com/games/rainbow-six-omega-edition
Deliver Us Mars 5,PC;PS5,4,No,2012,4X;Strategy,No,https://example.com/games/deliver-us-mars-5
Anno Enhanced Edition,PS5;Xbox,4,No,2007,Sandbox,Yes,https://example.com/games/anno-enhanced-edition
Lunar Physical Edition,PC;PS4;Xbox;Switch,6,No,2007,Action;Platformer,Yes,https://example.com/games/lunar-physical-edition
Slay the Spire Omega Edition 5,PS5;Xbox,,Yes,2010,Shooter;Action,No,https://example.com/games/slay-the-spire-omega-edition-5
Returnal Remastered,PC;Xbox,Many,No,2009,Puzzle;Adventure,No,https://example.com/games/returnal-remastered
Tales of Symphonia Alpha Edition,PC;Switch,,No,2004,Party;Action,No,https://example.com/games/tales-of-symphonia-alpha-edition
Grounded,PC;PS4;Xbox,2,Yes,2024,Shooter;RPG,Yes,https://example.com/games/grounded
Dishonored Limited Edition,PC;PS4;Xbox,,No,2009,Survival;Horror,Yes,https://example.com/games/dishonored-limited-edition
Stellaris 5,Xbox,3,No,2018,Party;Action,Yes,https://example.com/games/stellaris-5
Burnout Remastered,PC,4,No,2017,Battle Royale;Shooter,No,https://example.com/games/burnout-remastered
Northgard Omega Edition,PS5;Xbox,4,Yes,2022,RPG;Action,No,https://example.com/games/northgard-omega-edition
Insurgency Co-op Legendary Edition,PC;Xbox,,Yes,2001,Strategy;Turn-Based,No,https://example.com/games/insurgency-co-op-legendary-edition
Two Point Beta Edition,Xbox,4,Yes,2002,Battle Royale;Shooter,No,https://example.com/games/two-point-beta-edition
The Crew Omega Edition,Xbox,,Yes,2012,Survival;Horror,No,https://example.com/games/the-crew-omega-edition
Miscreated Enhanced Edition,PC,,Yes,2022,Simulation;Sandbox,No,https://example.com/games/miscreated-enhanced-edition
Observer 4,PC;PS4;Xbox,Many,No,2018,Casual;Party,No,https://example.com/games/observer-4
Fire Force Omega Edition,PC;PS4;Xbox;Switch,,No,2011,Simulation;Sandbox,No,https://example.com/games/fire-force-omega-edition
Wasteland Ultimate Edition,PC,,No,2007,Party;Action,No,https://example.com/games/wasteland-ultimate-edition
Age of Wonders Digital Edition,Xbox,Many,No,2015,Strategy;RTS,No,https://example.com/games/age-of-wonders-digital-edition
Life is Feudal Standard Edition,PS5;Xbox,4,No,2010,4X;Strategy,Yes,https://example.com/games/life-is-feudal-standard-edition
Overlord Omega Edition 5,PC;Switch,Many,No,2026,Simulation;Sandbox,Yes,https://example.com/games/overlord-omega-edition-5
Madden NFL Remastered,PC;PS5,6,No,2019,Shooter;RPG,Yes,https://example.com/games/madden-nfl-remastered
Fire Force First Edition,PC;PS4;Xbox;Switch,,No,2021,Strategy;Turn-Based,No,https://example.com/games/fire-force-first-edition
Vanillaware Final Edition,PC;PS4;Xbox,4,Yes,2019,Sandbox,Yes,https://example.com/games/vanillaware-final-edition
Empires Mod Ultimate Edition,PC;PS4;Xbox;Switch,8,Yes,2022,Action;Adventure,No,https://example.com/games/empires-mod-ultimate-edition
Jurassic World Evolution Final Edition,PC;PS5;Xbox;Switch,4,No,2006,Strategy;RTS,Yes,https://example.com/games/jurassic-world-evolution-final-edition
Tales of Berseria Anniversary Edition,PC;PS5,4,No,2017,Simulation,Yes,https://example.com/games/tales-of-berseria-anniversary-edition
Danganronpa Complete Edition,PC;PS5,8,Yes,2016,Sandbox,No,https://example.com/games/danganronpa-complete-edition
Chrono Trigger Collector's Edition,Xbox,,Yes,2007,Racing,Yes,https://example.com/games/chrono-trigger-collector-s-edition
Frontlines Digital Edition,PC;Xbox,,Yes,2000,Puzzle;Adventure,No,https://example.com/games/frontlines-digital-edition
Dead Rising Deluxe Edition,PC,3,No,2000,Racing,Yes,https://example.com/games/dead-rising-deluxe-edition
Quake Final Edition,Xbox,Many,No,2016,Simulation,No,https://example.com/games/quake-final-edition
Black Desert 4,PC,,Yes,2018,Tactical;Shooter,No,https://example.com/games/black-desert-4
Majin Tensei 2,PS5;Xbox,6,Yes,2002,Party;Action,No,https://example.com/games/majin-tensei-2
Book of Travels Limited Edition,PC;PS4;Xbox,8,No,2000,RPG;Action,No,https://example.com/games/book-of-travels-limited-edition
Star Ocean First Edition,PC;Xbox,,No,2018,Strategy;Turn-Based,Yes,https://example.com/games/star-ocean-first-edition
World of Warships Definitive Edition,PC;Xbox,,No,2022,Casual;Party,No,https://example.com/games/world-of-warships-definitive-edition
Sword Art Online Digital Edition,PC;PS5,4,No,2021,Shooter;Action,No,https://example.com/games/sword-art-online-digital-edition
Civilization Omega Edition 5,PC;PS4;Xbox;Switch,8,No,2023,Strategy;RTS,No,https://example.com/games/civilization-omega-edition-5
Grand Theft Auto First Edition,PC;PS5;Xbox;Switch,,No,2024,Grand Strategy;Strategy,No,https://example.com/games/grand-theft-auto-first-edition
Dishonored 5,PC;PS4;Xbox;Switch,6,No,2017,4X;Strategy,No,https://example.com/games/dishonored-5
Shadow Warrior Remake,Xbox,,Yes,2003,Sports,No,https://example.com/games/shadow-warrior-remake
Ninja Gaiden Enhanced Edition,Xbox,4,Yes,2021,Action;Platformer,No,https://example.com/games/ninja-gaiden-enhanced-edition
World of Tanks 3,Xbox,,No,2015,Survival;Sandbox,No,https://example.com/games/world-of-tanks-3
Titan Quest Omega Edition 3,PC;Switch,,No,2008,Racing,No,https://example.com/games/titan-quest-omega-edition-3
Beach Buggy Racing Physical Edition,PC;PS4;Xbox;Switch,Many,No,2015,Shooter;RPG,No,https://example.com/games/beach-buggy-racing-physical-edition
Trine Anniversary Edition,PC;PS5,3,Yes,2001,Grand Strategy;Strategy,No,https://example.com/games/trine-anniversary-edition
Aetheris Omega Edition 3,PC;PS4;Xbox;Switch,Many,No,2019,Survival;Sandbox,No,https://example.com/games/aetheris-omega-edition-3
Tower of Fantasy Digital Edition,PC;PS4;Xbox;Switch,6,No,2011,Casual;Party,No,https://example.com/games/tower-of-fantasy-digital-edition
Shadow Warrior Limited Edition,PC;Xbox,,No,2003,Party;Action,No,https://example.com/games/shadow-warrior-limited-edition
Gundam Battle Omega Edition 2,PC;PS5,,Yes,2006,Strategy;RTS,No,https://example.com/games/gundam-battle-omega-edition-2
13 Sentinels 5,PC;PS5;Xbox,2,Yes,2025,Action;Adventure,No,https://example.com/games/13-sentinels-5
Counter-Strike Complete Edition,PC;PS5;Xbox,8,Yes,2003,Action;Adventure,No,https://example.com/games/counter-strike-complete-edition
Fate Grand Order Physical Edition,PC;PS5;Xbox,,Yes,2010,Casual;Party,No,https://example.com/games/fate-grand-order-physical-edition
Persona 5 Strikers Omega Edition 4,PC;PS5,3,Yes,2020,Party;Action,Yes,https://example.com/games/persona-5-strikers-omega-edition-4
SD Gundam Remake,PC;Xbox,2,No,2011,Shooter;Action,Yes,https://example.com/games/sd-gundam-remake
Planet Coaster Omega Edition 3,PC;Switch,,No,2004,Action;Adventure,No,https://example.com/games/planet-coaster-omega-edition-3
Deep Rock Galactic Standard Edition,PC;PS4;Xbox;Switch,,Yes,2009,Puzzle;Adventure,Yes,https://example.com/games/deep-rock-galactic-standard-edition
Gundam Seed Battle Assault 7,PC;PS4;Xbox;Switch,,Yes,2006,Casual;Party,No,https://example.com/games/gundam-seed-battle-assault-7
Spelunky Omega Edition 4,PC;Switch,2,No,2005,RPG;Action,No,https://example.com/games/spelunky-omega-edition-4
Poker Night Alpha Edition,PC;PS5;Xbox,2,No,2009,Grand Strategy;Strategy,Yes,https://example.com/games/poker-night-alpha-edition
Vanquish Omega Edition 2,PS5;Xbox,,Yes,2026,MOBA;Strategy,Yes,https://example.com/games/vanquish-omega-edition-2
Destiny Legendary Edition,PC;Xbox,4,No,2000,Strategy;Turn-Based,No,https://example.com/games/destiny-legendary-edition
Warhammer Omega Edition 2,PC;PS4;Xbox,,No,2012,Sandbox,No,https://example.com/games/warhammer-omega-edition-2
The Long Dark 2,PC;PS5;Xbox;Switch,6,No,2005,Simulation,No,https://example.com/games/the-long-dark-2
Ninja Gaiden Remastered,PC;PS4;Xbox;Switch,,Yes,2012,Action;Platformer,No,https://example.com/games/ninja-gaiden-remastered
Act of War Remake,PC;PS4;Xbox,,No,2020,Strategy;RTS,Yes,https://example.com/games/act-of-war-remake
Insurgency Game of the Year Edition,Xbox,8,No,2016,Tactical;Shooter,No,https://example.com/games/insurgency-game-of-the-year-edition
Gwent Omega Edition 5,PC;PS5;Xbox,,Yes,2009,Sports,Yes,https://example.com/games/gwent-omega-edition-5
Last Epoch Final Edition,PC;PS4;Xbox;Switch,,No,2000,4X;Strategy,Yes,https://example.com/games/last-epoch-final-edition
Chainsaw Man Deluxe Edition,Xbox,3,No,2017,Simulation,No,https://example.com/games/chainsaw-man-deluxe-edition
Deep Rock Galactic 2,PC;PS5,,Yes,2024,Grand Strategy;Strategy,No,https://example.com/games/deep-rock-galactic-2
Risk of Rain Deluxe Edition,PC;PS5,,Yes,2004,Casual;Party,No,https://example.com/games/risk-of-rain-deluxe-edition
Gundam Seed Battle Operation Remastered,PC;PS4;Xbox;Switch,,No,2023,Puzzle;Adventure,No,https://example.com/games/gundam-seed-battle-operation-remastered
Wreckfest Omega Edition,PC,,Yes,2022,Sports,No,https://example.com/games/wreckfest-omega-edition
Two Point 3,PC;Xbox,4,No,2016,Racing,No,https://example.com/games/two-point-3
Madden NFL 5,PC,2,Yes,2013,Party;Action,No,https://example.com/games/madden-nfl-5
Chrono Trigger Remake,PC,,No,2016,Survival;Horror,No,https://example.com/games/chrono-trigger-remake
Asphalt Remastered,PC;PS4;Xbox,,No,2007,Tactical;Shooter,No,https://example.com/games/asphalt-remastered
Gundam Seed Battle Chronicle Collector's Edition,PC;Switch,3,Yes,2000,Strategy;RTS,No,https://example.com/games/gundam-seed-battle-chronicle-collector-s-edition
Borderlands 4,PC;PS4;Xbox;Switch,3,No,2002,Casual;Party,No,https://example.com/games/borderlands-4
Dishonored Legendary Edition,Xbox,4,No,2019,Tactical;Shooter,No,https://example.com/games/dishonored-legendary-edition
FIFA Omega Edition 2,Xbox,6,No,2022,Racing,Yes,https://example.com/games/fifa-omega-edition-2
The Dark Pictures Omega Edition 2,PC,4,No,2003,Survival;Sandbox,No,https://example.com/games/the-dark-pictures-omega-edition-2
Planet Coaster 3,PC;PS5;Xbox;Switch,,Yes,2012,Shooter;Action,No,https://example.com/games/planet-coaster-3
DayZ 4,PC;PS5,4,No,2005,MOBA;Strategy,No,https://example.com/games/dayz-4
RimWorld Last Edition,PC,6,Yes,2014,Puzzle;Adventure,Yes,https://example.com/games/rimworld-last-edition
Inside Ultimate Edition,PC;PS5,,Yes,2017,4X;Strategy,No,https://example.com/games/inside-ultimate-edition
Shadow Warrior Ultimate Edition,PC;Switch,4,Yes,2003,Grand Strategy;Strategy,No,https://example.com/games/shadow-warrior-ultimate-edition
Subnautica Remastered,Xbox,,No,2022,Shooter;Action,No,https://example.com/games/subnautica-remastered
Remnant Anniversary Edition,PC;PS5;Xbox,2,No,2001,Survival;Sandbox,Yes,https://example.com/games/remnant-anniversary-edition
Call of Duty Legendary Edition,PC;PS4;Xbox,6,No,2022,4X;Strategy,No,https://example.com/games/call-of-duty-legendary-edition
Brothers in Arms Complete Edition,Xbox,2,No,2007,MOBA;Strategy,Yes,https://example.com/games/brothers-in-arms-complete-edition
Madden NFL Omega Edition 4,PC;PS4;Xbox;Switch,,Yes,2018,Sandbox,Yes,https://example.com/games/madden-nfl-omega-edition-4
Colin McRae Collector's Edition,PC;PS4;Xbox,4,No,2024,4X;Strategy,Yes,https://example.com/games/colin-mcrae-collector-s-edition
Stardew Valley 4,PS5;Xbox,Many,Yes,2009,Survival;Horror,No,https://example.com/games/stardew-valley-4
Grimgir Final Edition,PC;Xbox,4,No,2023,MOBA;Strategy,No,https://example.com/games/grimgir-final-edition
Next Car Game 4,PC;Xbox,4,Yes,2025,4X;Strategy,No,https://example.com/games/next-car-game-4
Persona 2,PC;PS4;Xbox;Switch,,Yes,2021,Sports,No,https://example.com/games/persona-2
Arknights Legendary Edition,PC;PS5;Xbox,4,Yes,2019,Battle Royale;Shooter,No,https://example.com/games/arknights-legendary-edition
Marvel's Midnight Suns Game of the Year Edition,PC;PS5;Xbox;Switch,6,Yes,2023,Simulation,No,https://example.com/games/marvel-s-midnight-suns-game-of-the-year-edition
Team Fortress Limited Edition,PC;PS5;Xbox,4,Yes,2004,Party;Action,No,https://example.com/games/team-fortress-limited-edition
Grim Dawn Special Edition,PC;PS5;Xbox,Many,No,2004,Shooter;RPG,No,https://example.com/games/grim-dawn-special-edition
Grandia Remastered,PS5;Xbox,Many,No,2011,Simulation,No,https://example.com/games/grandia-remastered
Skul 3,PC;Switch,,Yes,2010,Casual;Party,No,https://example.com/games/skul-3
Unrailed 2,PC,6,Yes,2001,Shooter;RPG,No,https://example.com/games/unrailed-2
Persona Q Last Edition,PC;PS4;Xbox,4,Yes,2011,Action;Platformer,No,https://example.com/games/persona-q-last-edition
Enemy Territory 3,PC;Xbox,Many,Yes,2018,Shooter;RPG,No,https://example.com/games/enemy-territory-3
Paladins Limited Edition,Xbox,4,No,2023,Puzzle;Adventure,No,https://example.com/games/paladins-limited-edition
Red Orchestra Physical Edition,PC;PS5;Xbox;Switch,6,Yes,2018,Racing,No,https://example.com/games/red-orchestra-physical-edition
Empires Mod Game of the Year Edition,PC;PS5;Xbox;Switch,,Yes,2000,Shooter;Action,No,https://example.com/games/empires-mod-game-of-the-year-edition
Tales of Arise 5,PC;PS4;Xbox;Switch,,Yes,2001,Party;Action,No,https://example.com/games/tales-of-arise-5
Fire Force Limited Edition,PC;PS4;Xbox,,No,2009,Grand Strategy;Strategy,Yes,https://example.com/games/fire-force-limited-edition
Red Orchestra Alpha Edition,PC;PS5,4,No,2012,RPG;Action,No,https://example.com/games/red-orchestra-alpha-edition
Grimgir 3,PC;PS5;Xbox;Switch,4,No,2013,Party;Action,Yes,https://example.com/games/grimgir-3
Sniper Elite Remastered,PC;PS5,,Yes,2004,Tactical;Shooter,No,https://example.com/games/sniper-elite-remastered
SimCity Final Edition,PC;Switch,8,Yes,2022,Casual;Party,No,https://example.com/games/simcity-final-edition
Clash of Clans Limited Edition,PS5;Xbox,,Yes,2010,Simulation,No,https://example.com/games/clash-of-clans-limited-edition
Frontlines 4,PC;PS5;Xbox,,Yes,2008,MOBA;Strategy,Yes,https://example.com/games/frontlines-4
Black Clover Anniversary Edition,PC;PS5;Xbox,4,Yes,2014,Shooter;RPG,No,https://example.com/games/black-clover-anniversary-edition
Gundam Battle Operation Legendary Edition,PC;Switch,,No,2012,Tactical;Shooter,No,https://example.com/games/gundam-battle-operation-legendary-edition
Stronghold Ultimate Edition,PC;Switch,,Yes,2017,Battle Royale;Shooter,No,https://example.com/games/stronghold-ultimate-edition
RimWorld Remake,PC;PS5,,Yes,2009,Strategy;RTS,No,https://example.com/games/rimworld-remake
Crash Team Racing 3,PS5;Xbox,4,No,2000,Casual;Party,Yes,https://example.com/games/crash-team-racing-3
Zone of the Enders Omega Edition 5,PC;PS5;Xbox;Switch,,Yes,2015,Racing,No,https://example.com/games/zone-of-the-enders-omega-edition-5
Nioh Omega Edition,PC,3,No,2006,Shooter;RPG,No,https://example.com/games/nioh-omega-edition
We Were Here Enhanced Edition,PC;PS4;Xbox,,No,2012,Simulation;Sandbox,No,https://example.com/games/we-were-here-enhanced-edition
State of Survival Special Edition,PC;PS4;Xbox,,Yes,2020,Sandbox,No,https://example.com/games/state-of-survival-special-edition
Frostpunk Ultimate Edition,PC;PS5;Xbox;Switch,Many,No,2026,4X;Strategy,No,https://example.com/games/frostpunk-ultimate-edition
Townscaper Omega Edition,PC;PS4;Xbox;Switch,,Yes,2010,4X;Strategy,No,https://example.com/games/townscaper-omega-edition
Super Robot Wars Omega Edition 2,PC;Switch,4,No,2002,Sandbox,No,https://example.com/games/super-robot-wars-omega-edition-2
Metroid 4,Xbox,3,No,2023,Sandbox,No,https://example.com/games/metroid-4
Burnout Game of the Year Edition,PC;Switch,2,Yes,2014,4X;Strategy,No,https://example.com/games/burnout-game-of-the-year-edition
Brothers in Arms,PC;Switch,6,Yes,2014,Shooter;Action,No,https://example.com/games/brothers-in-arms
Half-Life Deluxe Edition,PC;PS5,,Yes,2021,Strategy;RTS,No,https://example.com/games/half-life-deluxe-edition
Front Mission 3 2,PC,,No,2012,Strategy;Turn-Based,No,https://example.com/games/front-mission-3-2
SimCity BuildIt Physical Edition,PC;PS5,8,No,2003,Casual;Party,No,https://example.com/games/simcity-buildit-physical-edition
God of War Deluxe Edition,PC;Switch,,No,2025,Survival;Sandbox,No,https://example.com/games/god-of-war-deluxe-edition
Book of Travels Special Edition,PC,4,No,2012,Casual;Party,No,https://example.com/games/book-of-travels-special-edition
Oxygen Not Included Anniversary Edition,Xbox,,Yes,2008,Puzzle;Adventure,No,https://example.com/games/oxygen-not-included-anniversary-edition
Bad North Complete Edition,Xbox,,Yes,2023,Action;Adventure,No,https://example.com/games/bad-north-complete-edition
Endzone Definitive Edition,PC;PS5,4,Yes,2004,Action;Adventure,No,https://example.com/games/endzone-definitive-edition
Outriders,PC;Xbox,4,No,2014,Casual;Party,No,https://example.com/games/outriders
Tomb Raider Complete Edition,PC;PS5,,No,2016,Action;Platformer,No,https://example.com/games/tomb-raider-complete-edition
Asphalt Digital Edition,PC;PS4;Xbox,Many,No,2010,Casual;Party,No,https://example.com/games/asphalt-digital-edition
Warcraft Collector's Edition,PC;PS4;Xbox;Switch,6,No,2019,Party;Action,No,https://example.com/games/warcraft-collector-s-edition
Tomb Raider Deluxe Edition,Xbox,,No,2012,MOBA;Strategy,No,https://example.com/games/tomb-raider-deluxe-edition
The Cursed Island Deluxe Edition,Xbox,8,Yes,2006,RPG;Action,No,https://example.com/games/the-cursed-island-deluxe-edition
Naruto First Edition,PS5;Xbox,4,Yes,2020,Strategy;RTS,No,https://example.com/games/naruto-first-edition
Konosuba 4,PC;PS5;Xbox;Switch,4,No,2001,Simulation;Sandbox,Yes,https://example.com/games/konosuba-4
Zenless Zone Zero Digital Edition,PC;PS4;Xbox,4,Yes,2018,MOBA;Strategy,Yes,https://example.com/games/zenless-zone-zero-digital-edition
Anno Complete Edition,PC;Switch,8,No,2011,Sports,No,https://example.com/games/anno-complete-edition
Boom Beach,PC;PS4;Xbox;Switch,Many,No,2013,Action;Adventure,No,https://example.com/games/boom-beach
Wuthering Waves Omega Edition 2,PC;PS5,4,No,2011,Casual;Party,No,https://example.com/games/wuthering-waves-omega-edition-2
Gloomhaven Omega Edition,PC;PS5;Xbox;Switch,,Yes,2026,Strategy;RTS,No,https://example.com/games/gloomhaven-omega-edition
Friday the 13th Game of the Year Edition,Xbox,,Yes,2019,Simulation;Sandbox,No,https://example.com/games/friday-the-13th-game-of-the-year-edition
Wasteland Physical Edition,Xbox,4,No,2019,Simulation,No,https://example.com/games/wasteland-physical-edition
Dead Island Omega Edition 3,PC;Switch,8,No,2000,Shooter;Action,No,https://example.com/games/dead-island-omega-edition-3
Dorfromantik Remastered,Xbox,4,Yes,2020,Sports,No,https://example.com/games/dorfromantik-remastered
Township Complete Edition,PC,4,Yes,2003,Sandbox,Yes,https://example.com/games/township-complete-edition
Baten Kaitos Anniversary Edition,PC;PS5;Xbox;Switch,Many,No,2024,Strategy;RTS,No,https://example.com/games/baten-kaitos-anniversary-edition
Ronduine Omega Edition,PC,,No,2003,Shooter;Action,No,https://example.com/games/ronduine-omega-edition
Gundam Battle Assault Last Edition,PC;PS5,,Yes,2000,Puzzle;Adventure,No,https://example.com/games/gundam-battle-assault-last-edition
Portal,PC;Xbox,3,Yes,2004,MOBA;Strategy,No,https://example.com/games/portal
Medal of Honor,PC;PS5;Xbox,,No,2004,Survival;Horror,No,https://example.com/games/medal-of-honor
Heroes of the Storm Special Edition,PC;Switch,,Yes,2023,Action;Platformer,No,https://example.com/games/heroes-of-the-storm-special-edition
SCUM Special Edition,PC;PS5;Xbox;Switch,3,No,2015,Racing,No,https://example.com/games/scum-special-edition
Civilization Digital Edition,PC;PS4;Xbox,2,No,2012,Sandbox,No,https://example.com/games/civilization-digital-edition
Seven Deadly Sins Last Edition,Xbox,,Yes,2002,Sports,Yes,https://example.com/games/seven-deadly-sins-last-edition
Attack on Titan Game of the Year Edition,PC;PS5,,Yes,2001,Tactical;Shooter,No,https://example.com/games/attack-on-titan-game-of-the-year-edition
Romancing SaGa Final Edition,PC;Xbox,3,No,2020,Casual;Party,No,https://example.com/games/romancing-saga-final-edition
Dragon Ball Legends Physical Edition,PC;PS5;Xbox,4,Yes,2022,Action;Adventure,Yes,https://example.com/games/dragon-ball-legends-physical-edition
Atlas 4,PC,Many,No,2024,Strategy;RTS,Yes,https://example.com/games/atlas-4
Back 4 Blood Enhanced Edition,PC;PS5,Many,No,2021,MOBA;Strategy,No,https://example.com/games/back-4-blood-enhanced-edition
Torchlight Omega Edition,PC;PS5,3,No,2017,Casual;Party,No,https://example.com/games/torchlight-omega-edition
Starsector Final Edition,PC;PS4;Xbox;Switch,8,No,2020,Survival;Horror,No,https://example.com/games/starsector-final-edition
Sonic Racing Deluxe Edition,PC;PS4;Xbox,,No,2013,RPG;Action,No,https://example.com/games/sonic-racing-deluxe-edition
Game of Thrones Conquest 5,PC;PS5;Xbox,,No,2008,Tactical;Shooter,Yes,https://example.com/games/game-of-thrones-conquest-5
Homeworld Deluxe Edition,PS5;Xbox,3,No,2019,Action;Platformer,No,https://example.com/games/homeworld-deluxe-edition
Painkiller Beta Edition,PC;PS5;Xbox;Switch,,No,2017,MOBA;Strategy,No,https://example.com/games/painkiller-beta-edition
WRC Anniversary Edition,PC;Xbox,,Yes,2001,MOBA;Strategy,No,https://example.com/games/wrc-anniversary-edition
Serious Sam Legendary Edition,PC;PS4;Xbox;Switch,,Yes,2010,Puzzle;Adventure,No,https://example.com/games/serious-sam-legendary-edition
Tales of Graces Complete Edition,PC;Xbox,4,No,2005,Sandbox,No,https://example.com/games/tales-of-graces-complete-edition
Tales from the Borderlands Omega Edition 3,PC;PS5;Xbox,6,Yes,2021,Strategy;Turn-Based,No,https://example.com/games/tales-from-the-borderlands-omega-edition-3
Sunset Overdrive Limited Edition,Xbox,,No,2008,Racing,No,https://example.com/games/sunset-overdrive-limited-edition
13 Sentinels Premium Edition,PC;PS4;Xbox,,Yes,2017,Shooter;Action,No,https://example.com/games/13-sentinels-premium-edition
Cult of the Lamb Omega Edition,PC;PS4;Xbox;Switch,,Yes,2001,Casual;Party,No,https://example.com/games/cult-of-the-lamb-omega-edition
Titan Quest Legendary Edition,PC;PS5,Many,No,2007,Strategy;Turn-Based,No,https://example.com/games/titan-quest-legendary-edition
Fire Force,PC;Switch,4,No,2024,Strategy;RTS,No,https://example.com/games/fire-force
Two Point First Edition,PC;Xbox,2,No,2011,Shooter;Action,Yes,https://example.com/games/two-point-first-edition
Hollow Knight Anniversary Edition,PC;PS5;Xbox;Switch,6,No,2011,Puzzle;Adventure,No,https://example.com/games/hollow-knight-anniversary-edition
Raft Alpha Edition,PC;PS5;Xbox;Switch,,Yes,2007,RPG;Action,No,https://example.com/games/raft-alpha-edition
No Game No Life Alpha Edition,PC;Switch,4,No,2007,Action;Platformer,No,https://example.com/games/no-game-no-life-alpha-edition
Stacklands Limited Edition,PC;PS5;Xbox,,No,2012,Survival;Sandbox,No,https://example.com/games/stacklands-limited-edition
Granblue Fantasy Digital Edition,PC;PS4;Xbox,8,No,2012,RPG;Action,Yes,https://example.com/games/granblue-fantasy-digital-edition
Metal Gear Enhanced Edition,PC;PS5;Xbox,Many,No,2008,Grand Strategy;Strategy,No,https://example.com/games/metal-gear-enhanced-edition
Banner Saga Limited Edition,PC;Xbox,3,No,2024,MOBA;Strategy,No,https://example.com/games/banner-saga-limited-edition
They Are Billions Omega Edition 4,PC;PS5;Xbox;Switch,4,No,2012,Sports,No,https://example.com/games/they-are-billions-omega-edition-4
Spintires 4,PC;PS4;Xbox,,No,2020,Strategy;Turn-Based,No,https://example.com/games/spintires-4
Lords Mobile Omega Edition,PC;PS5;Xbox,Many,No,2010,Shooter;RPG,No,https://example.com/games/lords-mobile-omega-edition
They Are Billions Alpha Edition,PC;PS5;Xbox,,No,2014,Survival;Sandbox,No,https://example.com/games/they-are-billions-alpha-edition
Gundam Seed Battle Assault 5 Legendary Edition,PC,6,Yes,2022,Shooter;RPG,No,https://example.com/games/gundam-seed-battle-assault-5-legendary-edition
Redout,PC;PS5;Xbox,4,Yes,2017,Sports,No,https://example.com/games/redout
Left 4 Dead Game of the Year Edition,PS5;Xbox,8,No,2017,Casual;Party,No,https://example.com/games/left-4-dead-game-of-the-year-edition
NBA 2K Deluxe Edition,PC;PS5;Xbox,,Yes,2025,Survival;Horror,No,https://example.com/games/nba-2k-deluxe-edition
Nioh Ultimate Edition,PC;Switch,6,Yes,2001,Racing,Yes,https://example.com/games/nioh-ultimate-edition
Dead Cells Premium Edition,PC;Xbox,,Yes,2005,MOBA;Strategy,No,https://example.com/games/dead-cells-premium-edition
Divinity Omega Edition,PC,Many,No,2002,Strategy;RTS,No,https://example.com/games/divinity-omega-edition
World in Conflict 4,PC;Xbox,4,No,2005,Puzzle;Adventure,No,https://example.com/games/world-in-conflict-4
Gears Tactics 2,PS5;Xbox,Many,No,2009,Shooter;Action,No,https://example.com/games/gears-tactics-2
Girls Frontline Alpha Edition,PC;PS5;Xbox,Many,No,2024,Casual;Party,No,https://example.com/games/girls-frontline-alpha-edition
Binary Domain Game of the Year Edition,PC;PS5,8,Yes,2023,Simulation,No,https://example.com/games/binary-domain-game-of-the-year-edition
0 AD Physical Edition,PC;PS5;Xbox;Switch,4,No,2021,Casual;Party,No,https://example.com/games/0-ad-physical-edition
Super Robot Wars Remastered,PC;PS5,2,Yes,2013,Grand Strategy;Strategy,No,https://example.com/games/super-robot-wars-remastered
Chrono Trigger Game of the Year Edition,PS5;Xbox,6,Yes,2024,Party;Action,No,https://example.com/games/chrono-trigger-game-of-the-year-edition
Warhammer 40K Mechanicus Anniversary Edition,PC;Switch,4,Yes,2003,Strategy;Turn-Based,No,https://example.com/games/warhammer-40k-mechanicus-anniversary-edition
Need for Speed Deluxe Edition,PC;PS5;Xbox,4,Yes,2015,Shooter;RPG,Yes,https://example.com/games/need-for-speed-deluxe-edition
NBA 2K Physical Edition,PC,,Yes,2017,Action;Adventure,Yes,https://example.com/games/nba-2k-physical-edition
Ashes of the Singularity 3,PC;PS4;Xbox,4,No,2022,Sandbox,No,https://example.com/games/ashes-of-the-singularity-3
Overwatch Remastered,PC;PS4;Xbox,,Yes,2015,Simulation;Sandbox,No,https://example.com/games/overwatch-remastered
Danganronpa Remastered,PC;Xbox,,Yes,2017,Survival;Sandbox,No,https://example.com/games/danganronpa-remastered
Hollow Knight Remake,PC;PS5;Xbox,4,No,2026,RPG;Action,No,https://example.com/games/hollow-knight-remake
Konosuba Legendary Edition,PC;PS5;Xbox,2,No,2009,4X;Strategy,No,https://example.com/games/konosuba-legendary-edition
Palworld Beta Edition,PC,,No,2018,Strategy;Turn-Based,No,https://example.com/games/palworld-beta-edition
Inside Omega Edition 2,PC;Xbox,Many,No,2012,Strategy;Turn-Based,No,https://example.com/games/inside-omega-edition-2
That Time I Got Reincarnated Deluxe Edition,PC;PS5;Xbox,,Yes,2005,Racing,No,https://example.com/games/that-time-i-got-reincarnated-deluxe-edition
Nikke Remake,PC;Xbox,2,Yes,2017,Strategy;Turn-Based,Yes,https://example.com/games/nikke-remake
Guild Wars Omega Edition 2,PC;PS5;Xbox,,No,2004,Sports,No,https://example.com/games/guild-wars-omega-edition-2
Killing Floor First Edition,PC;PS5;Xbox,4,No,2022,Strategy;Turn-Based,No,https://example.com/games/killing-floor-first-edition
Battletech Limited Edition,PS5;Xbox,3,No,2016,Shooter;RPG,No,https://example.com/games/battletech-limited-edition
Burnout Omega Edition 3,PC;PS5;Xbox;Switch,,Yes,2014,RPG;Action,No,https://example.com/games/burnout-omega-edition-3
Dishonored Digital Edition,PC;PS4;Xbox;Switch,,Yes,2004,Survival;Horror,No,https://example.com/games/dishonored-digital-edition
GTA Omega Edition 5,PC;Xbox,6,No,2006,Strategy;RTS,Yes,https://example.com/games/gta-omega-edition-5
Oxygen Not Included Omega Edition 3,PC;Xbox,3,No,2000,Sandbox,No,https://example.com/games/oxygen-not-included-omega-edition-3
Outriders Anniversary Edition,PC;Xbox,4,No,2023,MOBA;Strategy,No,https://example.com/games/outriders-anniversary-edition
Evochron Standard Edition,PC;Switch,4,No,2020,Grand Strategy;Strategy,No,https://example.com/games/evochron-standard-edition
Silent Hill Omega Edition 5,PC;PS5;Xbox,4,No,2016,Puzzle;Adventure,No,https://example.com/games/silent-hill-omega-edition-5
Zombie Master Definitive Edition,PS5;Xbox,,Yes,2007,Racing,No,https://example.com/games/zombie-master-definitive-edition
Spintires Omega Edition 2,PC;Switch,2,No,2000,Strategy;RTS,Yes,https://example.com/games/spintires-omega-edition-2
We Were Here Complete Edition,PC;PS5;Xbox,3,No,2012,Grand Strategy;Strategy,No,https://example.com/games/we-were-here-complete-edition
Trackmania First Edition,PC;Xbox,4,Yes,2016,4X;Strategy,Yes,https://example.com/games/trackmania-first-edition
Tales of Arise Omega Edition,PC;Switch,,No,2018,Sandbox,No,https://example.com/games/tales-of-arise-omega-edition
Black Desert Remake,PC;Xbox,8,No,2026,Simulation;Sandbox,No,https://example.com/games/black-desert-remake
Back 4 Blood Premium Edition,PC;Xbox,Many,No,2004,Strategy;Turn-Based,No,https://example.com/games/back-4-blood-premium-edition
Gundam Battle Operation Physical Edition,PS5;Xbox,,No,2005,Battle Royale;Shooter,Yes,https://example.com/games/gundam-battle-operation-physical-edition
Sins of a Solar Empire Deluxe Edition,PC;Switch,4,Yes,2024,Simulation,No,https://example.com/games/sins-of-a-solar-empire-deluxe-edition
Oxygen Not Included 5,PC;PS4;Xbox,,Yes,2005,Shooter;Action,No,https://example.com/games/oxygen-not-included-5
State of Decay Limited Edition,PC;PS4;Xbox;Switch,,No,2025,Simulation,No,https://example.com/games/state-of-decay-limited-edition
Boomerang Fu Legendary Edition,PC;PS4;Xbox;Switch,3,Yes,2024,Tactical;Shooter,No,https://example.com/games/boomerang-fu-legendary-edition
Dying Light 4,PC;PS4;Xbox;Switch,,Yes,2010,Action;Platformer,No,https://example.com/games/dying-light-4
Nikke Omega Edition 5,PC;PS4;Xbox,6,No,2023,Strategy;RTS,No,https://example.com/games/nikke-omega-edition-5
Aven Colony Game of the Year Edition,PC;PS5;Xbox,Many,No,2013,Strategy;RTS,No,https://example.com/games/aven-colony-game-of-the-year-edition
The Crew Digital Edition,PC;Switch,4,No,2014,Strategy;Turn-Based,No,https://example.com/games/the-crew-digital-edition
Sonic Racing Ultimate Edition,PS5;Xbox,6,No,2005,Battle Royale;Shooter,No,https://example.com/games/sonic-racing-ultimate-edition
Endless Space 2,PC,4,Yes,2007,Strategy;RTS,Yes,https://example.com/games/endless-space-2
Tales of Arise Premium Edition,PS5;Xbox,,No,2003,4X;Strategy,No,https://example.com/games/tales-of-arise-premium-edition
Pokemon Unite Anniversary Edition,PS5;Xbox,4,Yes,2023,4X;Strategy,No,https://example.com/games/pokemon-unite-anniversary-edition
World of Tanks Beta Edition,PC;PS4;Xbox;Switch,2,No,2013,Puzzle;Adventure,No,https://example.com/games/world-of-tanks-beta-edition
Book of Travels Remake,PC;PS5,3,No,2026,Strategy;RTS,No,https://example.com/games/book-of-travels-remake
Cosmic Star Heroine Legendary Edition,PC;Xbox,4,No,2012,Tactical;Shooter,Yes,https://example.com/games/cosmic-star-heroine-legendary-edition
Conan Exiles Final Edition,PC;PS5,,No,2001,Sandbox,Yes,https://example.com/games/conan-exiles-final-edition
Game of Thrones Conquest Omega Edition 4,PC,4,No,2011,Battle Royale;Shooter,No,https://example.com/games/game-of-thrones-conquest-omega-edition-4
Warhammer 40K Limited Edition,PC;PS4;Xbox,,Yes,2016,Casual;Party,Yes,https://example.com/games/warhammer-40k-limited-edition
Black Clover Collector's Edition,PC;Switch,2,No,2005,Grand Strategy;Strategy,Yes,https://example.com/games/black-clover-collector-s-edition
Monster Hunter Omega Edition,PC;PS5;Xbox;Switch,4,Yes,2016,Action;Adventure,No,https://example.com/games/monster-hunter-omega-edition
Return of the Obra Dinn Omega Edition 5,PC;PS5;Xbox,Many,No,2006,Puzzle;Adventure,Yes,https://example.com/games/return-of-the-obra-dinn-omega-edition-5
Factorio,PC;Xbox,,No,2002,Survival;Horror,No,https://example.com/games/factorio
Scarlet Nexus Legendary Edition,Xbox,4,No,2013,MOBA;Strategy,No,https://example.com/games/scarlet-nexus-legendary-edition
Disco Elysium Collector's Edition,PS5;Xbox,Many,No,2002,RPG;Action,No,https://example.com/games/disco-elysium-collector-s-edition
Granblue Fantasy,PC;PS5;Xbox;Switch,3,Yes,2005,RPG;Action,No,https://example.com/games/granblue-fantasy
Just Cause Omega Edition 4,PC;PS5;Xbox;Switch,6,No,2025,4X;Strategy,No,https://example.com/games/just-cause-omega-edition-4
Unravel Omega Edition 5,PC;Xbox,,Yes,2024,Strategy;RTS,No,https://example.com/games/unravel-omega-edition-5
Dead Island,Xbox,6,Yes,2003,Action;Platformer,Yes,https://example.com/games/dead-island
Banner Saga 2,PS5;Xbox,,Yes,2013,Sports,No,https://example.com/games/banner-saga-2
7 Days to Die Remake,PS5;Xbox,4,Yes,2013,Shooter;Action,Yes,https://example.com/games/7-days-to-die-remake
Xenonauts Remastered,PC;PS5;Xbox;Switch,4,No,2021,RPG;Action,No,https://example.com/games/xenonauts-remastered
Devil May Cry Limited Edition,PC;PS4;Xbox,4,No,2006,Simulation;Sandbox,No,https://example.com/games/devil-may-cry-limited-edition
Inscryption 3,PC;PS4;Xbox;Switch,2,No,2009,Survival;Sandbox,No,https://example.com/games/inscryption-3
Attack on Titan Definitive Edition,PC;Xbox,2,No,2011,Simulation;Sandbox,No,https://example.com/games/attack-on-titan-definitive-edition
Planet Coaster Last Edition,PC,,No,2025,Grand Strategy;Strategy,Yes,https://example.com/games/planet-coaster-last-edition
Goblin Slayer Physical Edition,PC;PS4;Xbox,4,No,2019,Grand Strategy;Strategy,No,https://example.com/games/goblin-slayer-physical-edition
Hay Day Anniversary Edition,PC,3,No,2001,Racing,No,https://example.com/games/hay-day-anniversary-edition
Gundam Seed Battle Assault 5 Game of the Year Edition,Xbox,Many,No,2017,Action;Adventure,Yes,https://example.com/games/gundam-seed-battle-assault-5-game-of-the-year-edition
Dragon Ball Z Dokkan Anniversary Edition,PC;PS4;Xbox;Switch,6,Yes,2022,MOBA;Strategy,Yes,https://example.com/games/dragon-ball-z-dokkan-anniversary-edition
We Were Here Limited Edition,PC;PS4;Xbox;Switch,,No,2007,Sandbox,Yes,https://example.com/games/we-were-here-limited-edition
Return of the Obra Dinn 4,PC,3,No,2001,Party;Action,No,https://example.com/games/return-of-the-obra-dinn-4
Breathedge Beta Edition,PS5;Xbox,,No,2017,Grand Strategy;Strategy,No,https://example.com/games/breathedge-beta-edition
Life is Feudal Beta Edition,PC,3,No,2014,Battle Royale;Shooter,No,https://example.com/games/life-is-feudal-beta-edition
Mobile Legends Digital Edition,PC,4,No,2008,Strategy;Turn-Based,No,https://example.com/games/mobile-legends-digital-edition
Sky Children of the Light Enhanced Edition,PC;Xbox,,Yes,2003,Shooter;Action,Yes,https://example.com/games/sky-children-of-the-light-enhanced-edition
Saints Row First Edition,PC;PS5,,No,2026,Simulation,No,https://example.com/games/saints-row-first-edition
Castlevania Game of the Year Edition,Xbox,4,No,2021,RPG;Action,No,https://example.com/games/castlevania-game-of-the-year-edition
Overwatch Alpha Edition,PC;Xbox,,Yes,2014,Action;Adventure,Yes,https://example.com/games/overwatch-alpha-edition
Dr Mario Game of the Year Edition,PC;Xbox,Many,No,2010,Action;Platformer,No,https://example.com/games/dr-mario-game-of-the-year-edition
Warhammer 40K Mechanicus Physical Edition,PC;Switch,Many,Yes,2003,Battle Royale;Shooter,No,https://example.com/games/warhammer-40k-mechanicus-physical-edition
Spelunky Legendary Edition,PC;Switch,8,No,2013,Grand Strategy;Strategy,No,https://example.com/games/spelunky-legendary-edition
Front Mission Ultimate Edition,PC;Xbox,6,Yes,2004,Sandbox,No,https://example.com/games/front-mission-ultimate-edition
Miscreated Physical Edition,PC;Switch,6,No,2002,MOBA;Strategy,No,https://example.com/games/miscreated-physical-edition
Transport Fever Digital Edition,PC;PS4;Xbox;Switch,3,Yes,2015,Grand Strategy;Strategy,No,https://example.com/games/transport-fever-digital-edition
Stacklands 4,PC,,No,2004,Strategy;Turn-Based,No,https://example.com/games/stacklands-4
That Time I Got Reincarnated Omega Edition 3,PC;PS5;Xbox,6,No,2026,Strategy;Turn-Based,No,https://example.com/games/that-time-i-got-reincarnated-omega-edition-3
Attack on Titan Physical Edition,PC;PS4;Xbox;Switch,4,No,2026,MOBA;Strategy,No,https://example.com/games/attack-on-titan-physical-edition
Banner Saga Digital Edition,PC;PS5;Xbox;Switch,4,No,2002,Sandbox,Yes,https://example.com/games/banner-saga-digital-edition
Deep Rock Galactic Premium Edition,Xbox,4,No,2016,Casual;Party,No,https://example.com/games/deep-rock-galactic-premium-edition
Fallout Shelter Final Edition,PC;PS5;Xbox,,Yes,2008,Battle Royale;Shooter,No,https://example.com/games/fallout-shelter-final-edition
Overlord Ultimate Edition,PC;Switch,,No,2008,Action;Adventure,No,https://example.com/games/overlord-ultimate-edition
Gundam Extreme Vs Last Edition,PC;PS5;Xbox,4,Yes,2026,Strategy;RTS,No,https://example.com/games/gundam-extreme-vs-last-edition
Borderlands Omega Edition 2,PC;Xbox,3,No,2018,Shooter;RPG,No,https://example.com/games/borderlands-omega-edition-2
Mafia Last Edition,PC,,Yes,2004,Simulation;Sandbox,Yes,https://example.com/games/mafia-last-edition
Empire Four Kingdoms Standard Edition,PC;PS5,8,No,2006,Shooter;Action,No,https://example.com/games/empire-four-kingdoms-standard-edition
RimWorld 3,PC;PS5;Xbox;Switch,4,No,2012,Casual;Party,No,https://example.com/games/rimworld-3
Blitzkrieg 3,PC;PS4;Xbox;Switch,,No,2013,Party;Action,No,https://example.com/games/blitzkrieg-3
Blue Protocol,PC;Xbox,,Yes,2019,Tactical;Shooter,No,https://example.com/games/blue-protocol
Endless Space Omega Edition 5,PC;PS5;Xbox;Switch,6,No,2007,4X;Strategy,No,https://example.com/games/endless-space-omega-edition-5
Twisted Metal Omega Edition,PS5;Xbox,8,Yes,2010,Shooter;RPG,No,https://example.com/games/twisted-metal-omega-edition
Gundam Battle Universe Premium Edition,PS5;Xbox,,Yes,2012,Grand Strategy;Strategy,No,https://example.com/games/gundam-battle-universe-premium-edition
Inscryption Definitive Edition,PC,4,No,2021,Racing,No,https://example.com/games/inscryption-definitive-edition
Night Call Premium Edition,Xbox,8,No,2004,Action;Adventure,No,https://example.com/games/night-call-premium-edition
We Were Here Remake,PC;PS4;Xbox,4,No,2002,Survival;Sandbox,No,https://example.com/games/we-were-here-remake
Battlefield Enhanced Edition,PS5;Xbox,4,No,2004,Sports,Yes,https://example.com/games/battlefield-enhanced-edition
Gundam ZZ Battle Remastered,PC;PS5;Xbox,,No,2011,Survival;Horror,Yes,https://example.com/games/gundam-zz-battle-remastered
Tools Up Premium Edition,PC;PS4;Xbox,4,Yes,2012,RPG;Action,No,https://example.com/games/tools-up-premium-edition
Real Racing Last Edition,PC;PS5,,No,2010,Action;Adventure,Yes,https://example.com/games/real-racing-last-edition
StarCraft Standard Edition,PC;PS5,4,No,2003,Strategy;RTS,No,https://example.com/games/starcraft-standard-edition
Planet Coaster Beta Edition,PC;PS5;Xbox,6,Yes,2000,Tactical;Shooter,No,https://example.com/games/planet-coaster-beta-edition
Homeworld Deserts of Kharak Remake,PC;Switch,,No,2024,Survival;Horror,No,https://example.com/games/homeworld-deserts-of-kharak-remake
Cities Last Edition,PC;Xbox,,No,2011,Simulation,No,https://example.com/games/cities-last-edition
FIFA Complete Edition,PS5;Xbox,,No,2012,Action;Platformer,No,https://example.com/games/fifa-complete-edition
Genshin Impact Standard Edition,PC;PS5;Xbox,,No,2010,Survival;Sandbox,No,https://example.com/games/genshin-impact-standard-edition
Samurai Warriors Last Edition,PC;PS5;Xbox;Switch,4,No,2026,Simulation;Sandbox,No,https://example.com/games/samurai-warriors-last-edition
Grip Combat Racing Premium Edition,PC;PS5,6,Yes,2002,Shooter;RPG,Yes,https://example.com/games/grip-combat-racing-premium-edition
World of Tanks Omega Edition 4,PC;PS5,2,No,2022,Action;Adventure,Yes,https://example.com/games/world-of-tanks-omega-edition-4
FIFA Omega Edition 5,PC;Xbox,4,No,2022,MOBA;Strategy,No,https://example.com/games/fifa-omega-edition-5
Rainbow Six Deluxe Edition,PC;PS4;Xbox,,Yes,2013,Shooter;RPG,No,https://example.com/games/rainbow-six-deluxe-edition
One Piece Bounty Rush Limited Edition,PC;PS4;Xbox,2,No,2018,Simulation;Sandbox,Yes,https://example.com/games/one-piece-bounty-rush-limited-edition
Empires Mod Complete Edition,PC;PS4;Xbox,2,No,2002,RPG;Action,No,https://example.com/games/empires-mod-complete-edition
Blitzkrieg Definitive Edition,PC;PS5,,No,2018,Shooter;Action,No,https://example.com/games/blitzkrieg-definitive-edition
BioShock Omega Edition 3,PC;PS5;Xbox,4,Yes,2026,Survival;Sandbox,No,https://example.com/games/bioshock-omega-edition-3
Rollercoaster Tycoon,Xbox,,No,2005,Sandbox,No,https://example.com/games/rollercoaster-tycoon
Kerbal Space Program 3,PC;PS4;Xbox,,Yes,2021,Survival;Horror,No,https://example.com/games/kerbal-space-program-3
Minecraft Story Mode Digital Edition,PC;PS4;Xbox,,No,2008,Simulation,No,https://example.com/games/minecraft-story-mode-digital-edition
Insurgency Co-op Definitive Edition,PC,8,No,2009,Strategy;RTS,No,https://example.com/games/insurgency-co-op-definitive-edition
Elder Scrolls Online Final Edition,PC;PS5;Xbox;Switch,,Yes,2025,Shooter;RPG,No,https://example.com/games/elder-scrolls-online-final-edition
RimWorld Physical Edition,PS5;Xbox,,Yes,2020,Survival;Sandbox,No,https://example.com/games/rimworld-physical-edition
Astroneer Last Edition,PS5;Xbox,3,No,2008,Puzzle;Adventure,No,https://example.com/games/astroneer-last-edition
Honkai Star Rail Standard Edition,PC;PS5,3,No,2004,Action;Platformer,No,https://example.com/games/honkai-star-rail-standard-edition
Hades Omega Edition 4,PC,,Yes,2007,Survival;Sandbox,No,https://example.com/games/hades-omega-edition-4
Raft Last Edition,PS5;Xbox,,Yes,2007,Casual;Party,No,https://example.com/games/raft-last-edition
Valheim Anniversary Edition,Xbox,4,No,2003,Survival;Sandbox,Yes,https://example.com/games/valheim-anniversary-edition
Wolfenstein Physical Edition,PC;PS5;Xbox,4,Yes,2011,Action;Adventure,No,https://example.com/games/wolfenstein-physical-edition
Vanillaware First Edition,PS5;Xbox,,Yes,2013,Survival;Horror,Yes,https://example.com/games/vanillaware-first-edition
Overcooked Anniversary Edition,PC,,No,2000,4X;Strategy,No,https://example.com/games/overcooked-anniversary-edition
New World Omega Edition 5,PS5;Xbox,4,No,2020,Sports,No,https://example.com/games/new-world-omega-edition-5
Tokyo Mirage Sessions Ultimate Edition,PC;PS5;Xbox,Many,No,2000,Shooter;Action,No,https://example.com/games/tokyo-mirage-sessions-ultimate-edition
Astral Chain Final Edition,PC;PS4;Xbox,,Yes,2009,Sports,No,https://example.com/games/astral-chain-final-edition
Gundam Seed Battle Assault Omega Edition 5,PS5;Xbox,4,Yes,2020,Action;Adventure,No,https://example.com/games/gundam-seed-battle-assault-omega-edition-5
Gloomhaven Special Edition,PC;PS5;Xbox;Switch,2,No,2022,Racing,No,https://example.com/games/gloomhaven-special-edition
Two Point Hospital 4,PC;PS5;Xbox,4,No,2016,Shooter;RPG,No,https://example.com/games/two-point-hospital-4
Bread and Fred Complete Edition,PC;Switch,,No,2019,4X;Strategy,No,https://example.com/games/bread-and-fred-complete-edition
Bayonetta Legendary Edition,PC;Xbox,4,No,2020,Survival;Sandbox,No,https://example.com/games/bayonetta-legendary-edition
Unrailed Game of the Year Edition,Xbox,4,No,2018,Battle Royale;Shooter,No,https://example.com/games/unrailed-game-of-the-year-edition
Total War Arena Collector's Edition,PS5;Xbox,,No,2007,Party;Action,No,https://example.com/games/total-war-arena-collector-s-edition
Cuphead Collector's Edition,PC;PS5;Xbox;Switch,4,No,2022,Casual;Party,No,https://example.com/games/cuphead-collector-s-edition
Gundam Seed Battle Assault 10 Deluxe Edition,PC;PS4;Xbox,2,Yes,2021,Puzzle;Adventure,No,https://example.com/games/gundam-seed-battle-assault-10-deluxe-edition
Townscaper 4,PC;PS5;Xbox;Switch,6,No,2001,Strategy;RTS,No,https://example.com/games/townscaper-4
The Forest Remake,PC,,No,2014,Sandbox,Yes,https://example.com/games/the-forest-remake
Paladins Omega Edition 2,PC;Switch,6,No,2004,Sports,Yes,https://example.com/games/paladins-omega-edition-2
Rollercoaster Tycoon Omega Edition 4,PC;PS4;Xbox,,No,2002,Action;Adventure,Yes,https://example.com/games/rollercoaster-tycoon-omega-edition-4
Mudrunner Standard Edition,PC;PS5;Xbox;Switch,,Yes,2023,Party;Action,No,https://example.com/games/mudrunner-standard-edition
Townscaper Legendary Edition,PC;PS5;Xbox,3,No,2012,Casual;Party,No,https://example.com/games/townscaper-legendary-edition
Call to Arms Digital Edition,PC;PS5;Xbox,4,No,2026,MOBA;Strategy,No,https://example.com/games/call-to-arms-digital-edition
Risk of Rain Omega Edition 4,PC;PS5;Xbox;Switch,,No,2015,RPG;Action,No,https://example.com/games/risk-of-rain-omega-edition-4
Supreme Commander Premium Edition,PC;PS4;Xbox;Switch,3,No,2019,Survival;Sandbox,No,https://example.com/games/supreme-commander-premium-edition
The Walking Dead Last Edition,PC;PS4;Xbox,4,No,2020,Racing,No,https://example.com/games/the-walking-dead-last-edition
Dyson Sphere Program Collector's Edition,PC;PS5,,Yes,2013,Strategy;RTS,No,https://example.com/games/dyson-sphere-program-collector-s-edition
Call of Duty Complete Edition,PC;PS5;Xbox,4,No,2007,Strategy;Turn-Based,No,https://example.com/games/call-of-duty-complete-edition
Remnant Deluxe Edition,PC;Xbox,,No,2022,Party;Action,No,https://example.com/games/remnant-deluxe-edition
Zero Escape,PC;PS5;Xbox,Many,No,2003,Sandbox,No,https://example.com/games/zero-escape
World War Z 4,PC;PS5;Xbox,3,No,2011,Simulation,No,https://example.com/games/world-war-z-4
Gundam Versus Remastered,PC;Switch,4,No,2003,Strategy;Turn-Based,No,https://example.com/games/gundam-versus-remastered
They Are Billions Deluxe Edition,PC;PS4;Xbox;Switch,,No,2001,MOBA;Strategy,No,https://example.com/games/they-are-billions-deluxe-edition
Zero Escape Legendary Edition,Xbox,Many,No,2026,Simulation;Sandbox,No,https://example.com/games/zero-escape-legendary-edition
Cuphead Omega Edition 4,PC;Xbox,Many,No,2001,Simulation;Sandbox,No,https://example.com/games/cuphead-omega-edition-4
BioShock Omega Edition 4,PS5;Xbox,,No,2017,RPG;Action,No,https://example.com/games/bioshock-omega-edition-4
Forza Motorsport First Edition,PC;PS5,Many,Yes,2000,Sandbox,No,https://example.com/games/forza-motorsport-first-edition
Starsector Deluxe Edition,PC;PS4;Xbox;Switch,2,Yes,2024,Tactical;Shooter,Yes,https://example.com/games/starsector-deluxe-edition
Dead by Daylight Remake,PC;Switch,6,No,2002,Survival;Horror,No,https://example.com/games/dead-by-daylight-remake
Log Horizon Omega Edition 3,PC;PS4;Xbox,4,No,2002,Strategy;RTS,No,https://example.com/games/log-horizon-omega-edition-3
Last Shelter Survival Physical Edition,PC;Switch,4,Yes,2016,Puzzle;Adventure,Yes,https://example.com/games/last-shelter-survival-physical-edition
Cities Beta Edition,Xbox,,No,2013,Simulation,No,https://example.com/games/cities-beta-edition
Grimgir Enhanced Edition,PC;PS5,,No,2022,MOBA;Strategy,No,https://example.com/games/grimgir-enhanced-edition
The Cursed Island Omega Edition 4,Xbox,2,No,2009,Simulation;Sandbox,Yes,https://example.com/games/the-cursed-island-omega-edition-4
Front Mission Legendary Edition,PC;PS5;Xbox;Switch,4,No,2018,Sandbox,Yes,https://example.com/games/front-mission-legendary-edition
Moving Out Complete Edition,PC;PS5,,Yes,2003,RPG;Action,No,https://example.com/games/moving-out-complete-edition
Sekiro Complete Edition,PC;Switch,4,Yes,2009,MOBA;Strategy,No,https://example.com/games/sekiro-complete-edition
Dragon Ball Legends 2,PC,8,No,2012,Simulation;Sandbox,No,https://example.com/games/dragon-ball-legends-2
Shadowrun Omega Edition 5,PC;PS5,3,Yes,2010,Racing,No,https://example.com/games/shadowrun-omega-edition-5
Painkiller Ultimate Edition,PC;Xbox,,No,2006,Simulation;Sandbox,No,https://example.com/games/painkiller-ultimate-edition
Bleeding Edge Complete Edition,PC;Xbox,8,Yes,2021,Sandbox,No,https://example.com/games/bleeding-edge-complete-edition
Grimgir Definitive Edition,PC,6,Yes,2026,Action;Platformer,Yes,https://example.com/games/grimgir-definitive-edition
Planet Zoo Omega Edition,PC;PS5,,Yes,2003,Strategy;RTS,No,https://example.com/games/planet-zoo-omega-edition
No Man's Sky Enhanced Edition,PC;Xbox,,No,2021,Party;Action,No,https://example.com/games/no-man-s-sky-enhanced-edition
Warhammer 40K Chaos Gate 3,PS5;Xbox,,Yes,2012,Sandbox,No,https://example.com/games/warhammer-40k-chaos-gate-3
Burnout Omega Edition 2,PC;PS5,4,No,2010,Simulation;Sandbox,No,https://example.com/games/burnout-omega-edition-2
Real Racing Collector's Edition,Xbox,2,No,2000,Party;Action,No,https://example.com/games/real-racing-collector-s-edition
13 Sentinels Remastered,PS5;Xbox,6,No,2005,Racing,No,https://example.com/games/13-sentinels-remastered
SimCity Standard Edition,PC;PS5,Many,No,2013,Survival;Sandbox,No,https://example.com/games/simcity-standard-edition
Legends of Runeterra 5,PC;PS5;Xbox,3,No,2008,Action;Adventure,No,https://example.com/games/legends-of-runeterra-5
Shin Megami Tensei Collector's Edition,PC;PS5;Xbox,2,No,2016,Simulation,No,https://example.com/games/shin-megami-tensei-collector-s-edition
Journey First Edition,PC;PS5;Xbox,4,No,2022,Simulation,No,https://example.com/games/journey-first-edition
Hill Climb Racing Complete Edition,PC;PS5;Xbox,6,No,2015,Casual;Party,No,https://example.com/games/hill-climb-racing-complete-edition
Redout Final Edition,PC;Switch,,Yes,2015,Sports,No,https://example.com/games/redout-final-edition
Fallout Digital Edition,PC;PS5;Xbox;Switch,,No,2000,Tactical;Shooter,No,https://example.com/games/fallout-digital-edition
Attack on Titan Premium Edition,Xbox,,Yes,2025,Simulation,No,https://example.com/games/attack-on-titan-premium-edition
Elite Dangerous Digital Edition,PC;Xbox,,Yes,2016,MOBA;Strategy,No,https://example.com/games/elite-dangerous-digital-edition
Human Fall Flat Complete Edition,PC,,Yes,2012,4X;Strategy,Yes,https://example.com/games/human-fall-flat-complete-edition
Two Point Campus,Xbox,,No,2024,Simulation;Sandbox,No,https://example.com/games/two-point-campus
Gears Tactics Final Edition,PC;PS5,,Yes,2010,Racing,No,https://example.com/games/gears-tactics-final-edition
Grey Goo Collector's Edition,PS5;Xbox,8,No,2026,Action;Adventure,No,https://example.com/games/grey-goo-collector-s-edition
Green Hell 4,PC,3,No,2023,Simulation,No,https://example.com/games/green-hell-4
The Division Enhanced Edition,PC;PS5,,Yes,2012,Strategy;Turn-Based,No,https://example.com/games/the-division-enhanced-edition
Kerbal Space Program Ultimate Edition,PC,,No,2012,4X;Strategy,Yes,https://example.com/games/kerbal-space-program-ultimate-edition
Curse of the Dead Gods Omega Edition 5,PC;PS5,2,No,2006,Racing,No,https://example.com/games/curse-of-the-dead-gods-omega-edition-5
Sins of a Solar Empire Final Edition,PC;PS4;Xbox;Switch,,Yes,2018,Shooter;Action,No,https://example.com/games/sins-of-a-solar-empire-final-edition
Kingdoms of Amalur Remastered,PC;Xbox,4,Yes,2025,Puzzle;Adventure,Yes,https://example.com/games/kingdoms-of-amalur-remastered
Cuphead Omega Edition 3,PC;PS5;Xbox;Switch,6,No,2017,Action;Adventure,No,https://example.com/games/cuphead-omega-edition-3
Colin McRae Standard Edition,PC;PS5;Xbox,,Yes,2024,Simulation;Sandbox,No,https://example.com/games/colin-mcrae-standard-edition
Limbo First Edition,PC;PS5,,No,2002,Sports,No,https://example.com/games/limbo-first-edition
Dragon Quest Heroes Limited Edition,Xbox,4,No,2022,Tactical;Shooter,No,https://example.com/games/dragon-quest-heroes-limited-edition
Beach Buggy Racing Last Edition,PC;PS5;Xbox;Switch,,No,2026,MOBA;Strategy,Yes,https://example.com/games/beach-buggy-racing-last-edition
Devil May Cry Definitive Edition,PC;Switch,,No,2001,Party;Action,No,https://example.com/games/devil-may-cry-definitive-edition
Monogatari Omega Edition 2,PC;PS5;Xbox;Switch,3,Yes,2017,Puzzle;Adventure,No,https://example.com/games/monogatari-omega-edition-2
Age of Empires Omega Edition,PC;PS4;Xbox;Switch,4,No,2014,Puzzle;Adventure,Yes,https://example.com/games/age-of-empires-omega-edition
Cosmic Star Heroine Limited Edition,PC;PS5;Xbox;Switch,,Yes,2015,MOBA;Strategy,No,https://example.com/games/cosmic-star-heroine-limited-edition
Tetris Deluxe Edition,Xbox,4,No,2012,Racing,No,https://example.com/games/tetris-deluxe-edition
Trials Omega Edition 4,PS5;Xbox,4,No,2016,Survival;Sandbox,No,https://example.com/games/trials-omega-edition-4
Brothers in Arms Definitive Edition,PC;PS5;Xbox,6,Yes,2021,Strategy;RTS,Yes,https://example.com/games/brothers-in-arms-definitive-edition
Oxygen Not Included Legendary Edition,PC;PS4;Xbox;Switch,8,No,2012,4X;Strategy,Yes,https://example.com/games/oxygen-not-included-legendary-edition
The Crew Standard Edition,PC;Xbox,4,No,2014,Simulation;Sandbox,Yes,https://example.com/games/the-crew-standard-edition
Blood 5,PC;PS5;Xbox;Switch,,No,2007,Action;Platformer,No,https://example.com/games/blood-5
Tales of Berseria First Edition,PC;PS5,4,Yes,2000,Simulation;Sandbox,No,https://example.com/games/tales-of-berseria-first-edition
Company of Heroes Digital Edition,PC;PS5;Xbox;Switch,,Yes,2003,Action;Platformer,No,https://example.com/games/company-of-heroes-digital-edition
The Long Dark Deluxe Edition,PC,,Yes,2014,Simulation;Sandbox,No,https://example.com/games/the-long-dark-deluxe-edition
Counter-Strike Collector's Edition,PC;PS4;Xbox,,Yes,2000,Puzzle;Adventure,Yes,https://example.com/games/counter-strike-collector-s-edition
Guardians of the Galaxy Telltale Beta Edition,PC,Many,Yes,2024,Shooter;RPG,No,https://example.com/games/guardians-of-the-galaxy-telltale-beta-edition
Lost Ark Ultimate Edition,PC;PS4;Xbox,,No,2008,Puzzle;Adventure,No,https://example.com/games/lost-ark-ultimate-edition
Post Scriptum First Edition,PC;Xbox,,Yes,2001,Shooter;Action,No,https://example.com/games/post-scriptum-first-edition
Evochron Legendary Edition,PC;PS4;Xbox;Switch,,No,2016,4X;Strategy,No,https://example.com/games/evochron-legendary-edition
Synergy Omega Edition 4,PC;Xbox,8,No,2014,Action;Adventure,No,https://example.com/games/synergy-omega-edition-4
Saints Row Remastered,PC;PS4;Xbox,,Yes,2018,Sandbox,No,https://example.com/games/saints-row-remastered
NMRiH,PC;Switch,4,No,2014,Puzzle;Adventure,Yes,https://example.com/games/nmrih
Flower Last Edition,PC;PS4;Xbox,,No,2014,Grand Strategy;Strategy,No,https://example.com/games/flower-last-edition
Bleeding Edge Omega Edition 4,Xbox,4,Yes,2013,Sandbox,No,https://example.com/games/bleeding-edge-omega-edition-4
Stardew Valley Remake,PC,6,Yes,2002,Survival;Sandbox,No,https://example.com/games/stardew-valley-remake
Invisible Inc Omega Edition 5,PC,,Yes,2018,Strategy;Turn-Based,No,https://example.com/games/invisible-inc-omega-edition-5
Beach Buggy Racing 2,PC;PS4;Xbox;Switch,8,No,2015,Strategy;RTS,No,https://example.com/games/beach-buggy-racing-2
Metal Gear Online Remastered,PC;PS5;Xbox;Switch,2,No,2019,Puzzle;Adventure,No,https://example.com/games/metal-gear-online-remastered
City Island Digital Edition,PC;Switch,4,No,2014,Shooter;Action,No,https://example.com/games/city-island-digital-edition
Cities Digital Edition,PC,Many,No,2004,Battle Royale;Shooter,Yes,https://example.com/games/cities-digital-edition
Gears of War Digital Edition,PC;PS5;Xbox,,Yes,2006,Sandbox,No,https://example.com/games/gears-of-war-digital-edition
Dead by Daylight Final Edition,PC;PS4;Xbox,4,Yes,2004,Shooter;Action,No,https://example.com/games/dead-by-daylight-final-edition
Valheim Omega Edition 5,PC;PS4;Xbox;Switch,,No,2024,Action;Platformer,No,https://example.com/games/valheim-omega-edition-5
Crosscode Game of the Year Edition,PC;PS4;Xbox;Switch,3,No,2004,Puzzle;Adventure,No,https://example.com/games/crosscode-game-of-the-year-edition
Evochron Remake,PC;PS4;Xbox;Switch,,No,2011,Puzzle;Adventure,No,https://example.com/games/evochron-remake
Puzzle and Dragons Omega Edition 2,PC;Switch,6,No,2013,Shooter;RPG,No,https://example.com/games/puzzle-and-dragons-omega-edition-2
Mini Metro Final Edition,PS5;Xbox,,No,2016,Strategy;RTS,No,https://example.com/games/mini-metro-final-edition
Prey 2,PC;PS5,,No,2011,Grand Strategy;Strategy,Yes,https://example.com/games/prey-2
Empire Earth Limited Edition,PC;PS5;Xbox,,No,2025,Simulation;Sandbox,No,https://example.com/games/empire-earth-limited-edition
Curse of the Dead Gods Anniversary Edition,PC;PS5;Xbox,8,Yes,2025,4X;Strategy,No,https://example.com/games/curse-of-the-dead-gods-anniversary-edition
Wolfenstein Collector's Edition,PC;PS4;Xbox,2,Yes,2024,Action;Platformer,No,https://example.com/games/wolfenstein-collector-s-edition
No Man's Sky Omega Edition 5,PC;PS5,4,Yes,2015,Battle Royale;Shooter,No,https://example.com/games/no-man-s-sky-omega-edition-5
Dragon Ball Z Dokkan Legendary Edition,PC;Xbox,Many,No,2017,MOBA;Strategy,No,https://example.com/games/dragon-ball-z-dokkan-legendary-edition
Galactic Civilizations Collector's Edition,PC;Xbox,,No,2018,Simulation,Yes,https://example.com/games/galactic-civilizations-collector-s-edition
Digital Devil Saga Definitive Edition,PC;PS5;Xbox,Many,No,2025,Strategy;RTS,Yes,https://example.com/games/digital-devil-saga-definitive-edition
Dirty Bomb Remake,PS5;Xbox,4,No,2016,Party;Action,No,https://example.com/games/dirty-bomb-remake
Madden NFL Deluxe Edition,PS5;Xbox,4,Yes,2025,Sports,Yes,https://example.com/games/madden-nfl-deluxe-edition
Guardians of the Galaxy Telltale 2,Xbox,,No,2026,Survival;Horror,No,https://example.com/games/guardians-of-the-galaxy-telltale-2
Astral Chain Omega Edition 4,PC;Xbox,,Yes,2026,Action;Platformer,Yes,https://example.com/games/astral-chain-omega-edition-4
Dorfromantik Ultimate Edition,PC;PS5,,Yes,2007,Tactical;Shooter,Yes,https://example.com/games/dorfromantik-ultimate-edition
Overlord Enhanced Edition,PC;PS5,,No,2006,Shooter;Action,Yes,https://example.com/games/overlord-enhanced-edition
Naruto,PS5;Xbox,6,No,2018,Survival;Sandbox,No,https://example.com/games/naruto
Army of Two Legendary Edition,PC;Switch,,Yes,2026,Sandbox,No,https://example.com/games/army-of-two-legendary-edition
Left 4 Dead Special Edition,PS5;Xbox,,No,2022,Survival;Sandbox,No,https://example.com/games/left-4-dead-special-edition
Panel de Pon Omega Edition,PC;Xbox,4,Yes,2026,Grand Strategy;Strategy,Yes,https://example.com/games/panel-de-pon-omega-edition
Curse of the Dead Gods First Edition,Xbox,,No,2009,Action;Adventure,No,https://example.com/games/curse-of-the-dead-gods-first-edition
FIFA Remastered,PC;PS5;Xbox,4,Yes,2023,RPG;Action,No,https://example.com/games/fifa-remastered
Berserk Musou Last Edition,PC;PS5;Xbox;Switch,4,No,2023,Battle Royale;Shooter,No,https://example.com/games/berserk-musou-last-edition
Assassin's Creed 2,Xbox,4,Yes,2019,Shooter;Action,No,https://example.com/games/assassin-s-creed-2
Snowrunner Limited Edition,PC;PS4;Xbox;Switch,Many,Yes,2007,Shooter;RPG,No,https://example.com/games/snowrunner-limited-edition
Metal Gear Rising Omega Edition,PC;PS4;Xbox,3,No,2017,Grand Strategy;Strategy,No,https://example.com/games/metal-gear-rising-omega-edition
Zill O'll Definitive Edition,PC,,Yes,2004,Puzzle;Adventure,No,https://example.com/games/zill-o-ll-definitive-edition
Conan Exiles Deluxe Edition,PC;Xbox,3,Yes,2026,Strategy;RTS,No,https://example.com/games/conan-exiles-deluxe-edition
Rust Beta Edition,Xbox,,Yes,2023,RPG;Action,No,https://example.com/games/rust-beta-edition
Steins Gate 4,PC;Switch,,No,2001,Strategy;Turn-Based,No,https://example.com/games/steins-gate-4
Townscaper,PC;Xbox,4,Yes,2015,Action;Platformer,Yes,https://example.com/games/townscaper
Cosmic Star Heroine Omega Edition 5,Xbox,Many,No,2007,Puzzle;Adventure,No,https://example.com/games/cosmic-star-heroine-omega-edition-5
Rise of Nations Omega Edition 4,PS5;Xbox,Many,No,2023,Tactical;Shooter,Yes,https://example.com/games/rise-of-nations-omega-edition-4
Back 4 Blood Final Edition,PC;PS5;Xbox,3,Yes,2000,MOBA;Strategy,No,https://example.com/games/back-4-blood-final-edition
Sins of a Solar Empire Omega Edition 3,PC;PS5;Xbox,,No,2020,Battle Royale;Shooter,No,https://example.com/games/sins-of-a-solar-empire-omega-edition-3
Alien Isolation Limited Edition,PC,,No,2011,Simulation;Sandbox,Yes,https://example.com/games/alien-isolation-limited-edition
Escape Dead Island Last Edition,PC;PS5;Xbox,4,No,2023,Sports,No,https://example.com/games/escape-dead-island-last-edition
Warhammer Fantasy First Edition,PC;Switch,4,No,2001,Action;Adventure,Yes,https://example.com/games/warhammer-fantasy-first-edition
Gundam Seed Battle Assault 10 Remastered,Xbox,3,No,2024,MOBA;Strategy,No,https://example.com/games/gundam-seed-battle-assault-10-remastered
Bleach Omega Edition 4,PS5;Xbox,6,No,2001,Tactical;Shooter,No,https://example.com/games/bleach-omega-edition-4
Bayonetta Enhanced Edition,PC;Switch,,Yes,2026,Survival;Horror,Yes,https://example.com/games/bayonetta-enhanced-edition
We Were Here Last Edition,PS5;Xbox,4,Yes,2009,RPG;Action,Yes,https://example.com/games/we-were-here-last-edition
Castlevania Beta Edition,PC,Many,Yes,2012,Survival;Horror,Yes,https://example.com/games/castlevania-beta-edition
Tyranny 5,PC;PS4;Xbox;Switch,2,No,2002,Racing,No,https://example.com/games/tyranny-5
Alien Isolation Digital Edition,PC;Switch,,No,2025,Shooter;Action,No,https://example.com/games/alien-isolation-digital-edition
Bad North Remastered,PC,,No,2006,Strategy;RTS,No,https://example.com/games/bad-north-remastered
Hexen Omega Edition,PC;Xbox,,Yes,2025,Tactical;Shooter,No,https://example.com/games/hexen-omega-edition
Shield Hero 5,PC;PS5,,Yes,2008,Simulation;Sandbox,No,https://example.com/games/shield-hero-5
Offworld Trading Company Last Edition,Xbox,,Yes,2006,Sports,No,https://example.com/games/offworld-trading-company-last-edition
Real Racing Anniversary Edition,PC;PS5;Xbox,2,Yes,2023,Puzzle;Adventure,Yes,https://example.com/games/real-racing-anniversary-edition
Xenonauts Physical Edition,Xbox,Many,No,2024,Puzzle;Adventure,Yes,https://example.com/games/xenonauts-physical-edition
Divinity Ultimate Edition,PC,,Yes,2001,Sandbox,No,https://example.com/games/divinity-ultimate-edition
Redneck Rampage 4,PS5;Xbox,4,No,2026,Sports,No,https://example.com/games/redneck-rampage-4
Oxygen Not Included Standard Edition,PC;PS5,4,Yes,2020,Shooter;RPG,No,https://example.com/games/oxygen-not-included-standard-edition
Front Mission Omega Edition 4,PC;PS5;Xbox;Switch,,Yes,2008,Sports,No,https://example.com/games/front-mission-omega-edition-4
Flatout Enhanced Edition,PC;Xbox,,Yes,2006,Survival;Sandbox,Yes,https://example.com/games/flatout-enhanced-edition
Another Century's Episode First Edition,PC;PS5;Xbox,6,Yes,2007,Simulation;Sandbox,No,https://example.com/games/another-century-s-episode-first-edition
Xenosaga 5,PC;PS5;Xbox;Switch,,Yes,2023,Sports,Yes,https://example.com/games/xenosaga-5
Minecraft Story Mode Premium Edition,PC;PS5;Xbox;Switch,4,No,2002,Party;Action,No,https://example.com/games/minecraft-story-mode-premium-edition
BeamNG Ultimate Edition,PS5;Xbox,4,No,2023,Sandbox,No,https://example.com/games/beamng-ultimate-edition
Chain Chronicle 2,PC;PS5;Xbox;Switch,,Yes,2004,MOBA;Strategy,Yes,https://example.com/games/chain-chronicle-2
Guild Wars Beta Edition,PC;Switch,4,Yes,2015,Simulation;Sandbox,No,https://example.com/games/guild-wars-beta-edition
Star Ocean 3,PC;PS5;Xbox,Many,No,2018,Party;Action,No,https://example.com/games/star-ocean-3
Titanfall Digital Edition,PC;PS5;Xbox,4,No,2024,Shooter;Action,No,https://example.com/games/titanfall-digital-edition
Railroad Tycoon 2,PC;Xbox,3,No,2005,Shooter;Action,No,https://example.com/games/railroad-tycoon-2
Watch Dogs Enhanced Edition,PS5;Xbox,,Yes,2016,Action;Platformer,Yes,https://example.com/games/watch-dogs-enhanced-edition
Book of Travels Ultimate Edition,PC;PS5;Xbox,4,No,2003,Strategy;Turn-Based,No,https://example.com/games/book-of-travels-ultimate-edition
Binding of Isaac 2,PC;PS4;Xbox;Switch,,No,2018,Action;Adventure,No,https://example.com/games/binding-of-isaac-2
Age of Wonders Standard Edition,PC;PS4;Xbox,Many,Yes,2013,Battle Royale;Shooter,No,https://example.com/games/age-of-wonders-standard-edition
Hades Anniversary Edition,PC;Switch,4,No,2020,Shooter;RPG,No,https://example.com/games/hades-anniversary-edition
World in Conflict Game of the Year Edition,PC;Switch,,No,2015,Action;Platformer,Yes,https://example.com/games/world-in-conflict-game-of-the-year-edition
Elder Scrolls Online Beta Edition,PC;PS4;Xbox;Switch,,Yes,2020,Survival;Horror,No,https://example.com/games/elder-scrolls-online-beta-edition
Lunar Remake,PS5;Xbox,2,No,2023,Strategy;Turn-Based,No,https://example.com/games/lunar-remake
Celeste Omega Edition 5,PC;Xbox,Many,No,2004,Sandbox,Yes,https://example.com/games/celeste-omega-edition-5
Gundam Seed Battle Assault 5 Standard Edition,PC;PS5,4,No,2002,4X;Strategy,No,https://example.com/games/gundam-seed-battle-assault-5-standard-edition
Binary Domain Omega Edition 2,PC;PS4;Xbox,,No,2023,Simulation,No,https://example.com/games/binary-domain-omega-edition-2
Tales of Symphonia First Edition,PC;PS4;Xbox,,No,2022,Survival;Horror,No,https://example.com/games/tales-of-symphonia-first-edition
Call to Arms Beta Edition,PC;PS4;Xbox,,No,2004,4X;Strategy,Yes,https://example.com/games/call-to-arms-beta-edition
Sam and Max Collector's Edition,PC;Xbox,Many,Yes,2009,Simulation,No,https://example.com/games/sam-and-max-collector-s-edition
Sam and Max Beta Edition,PC;PS4;Xbox,,No,2017,Strategy;RTS,No,https://example.com/games/sam-and-max-beta-edition
Borderlands Omega Edition 5,PS5;Xbox,,Yes,2005,Racing,No,https://example.com/games/borderlands-omega-edition-5
Spintires Omega Edition 4,PS5;Xbox,Many,No,2000,Tactical;Shooter,No,https://example.com/games/spintires-omega-edition-4
World in Conflict 3,PC;PS5,,No,2009,Action;Platformer,No,https://example.com/games/world-in-conflict-3
Chainsaw Man Collector's Edition,PC;PS4;Xbox,2,No,2021,Sandbox,No,https://example.com/games/chainsaw-man-collector-s-edition
Nioh Remake,Xbox,Many,No,2013,Party;Action,No,https://example.com/games/nioh-remake
Sudden Strike Last Edition,PC;PS5;Xbox,3,Yes,2020,Shooter;RPG,No,https://example.com/games/sudden-strike-last-edition
Amnesia Enhanced Edition,PC;PS4;Xbox,,No,2025,Shooter;Action,No,https://example.com/games/amnesia-enhanced-edition
Tales of Destiny Game of the Year Edition,Xbox,,Yes,2015,Party;Action,No,https://example.com/games/tales-of-destiny-game-of-the-year-edition
Puzzle Quest Complete Edition,PC;PS4;Xbox,,No,2009,Tactical;Shooter,No,https://example.com/games/puzzle-quest-complete-edition
Little Nightmares Omega Edition 2,PC;PS4;Xbox;Switch,,Yes,2003,RPG;Action,No,https://example.com/games/little-nightmares-omega-edition-2
Far Cry Remake,PS5;Xbox,4,No,2011,Simulation;Sandbox,No,https://example.com/games/far-cry-remake
Tyranny Alpha Edition,PC;PS5;Xbox;Switch,8,Yes,2003,MOBA;Strategy,Yes,https://example.com/games/tyranny-alpha-edition
RimWorld Legendary Edition,PC;PS5;Xbox,Many,No,2023,Party;Action,No,https://example.com/games/rimworld-legendary-edition
Tokyo Mirage Sessions Omega Edition,PC;Switch,4,No,2022,Action;Platformer,No,https://example.com/games/tokyo-mirage-sessions-omega-edition
Elder Scrolls Online Remake,PC;Xbox,,Yes,2004,Survival;Horror,No,https://example.com/games/elder-scrolls-online-remake
Persona 5 Strikers 3,PC;PS5,2,No,2005,Shooter;RPG,No,https://example.com/games/persona-5-strikers-3
Forza Beta Edition,PC;PS5,4,Yes,2014,Tactical;Shooter,No,https://example.com/games/forza-beta-edition
Civilization First Edition,PC;Switch,,No,2006,RPG;Action,No,https://example.com/games/civilization-first-edition
Persona Q Deluxe Edition,PC;PS4;Xbox;Switch,6,No,2024,Grand Strategy;Strategy,No,https://example.com/games/persona-q-deluxe-edition
Armored Core Anniversary Edition,PC;PS5;Xbox;Switch,,Yes,2002,Racing,Yes,https://example.com/games/armored-core-anniversary-edition
MX vs ATV Remastered,PC;PS4;Xbox,8,Yes,2022,RPG;Action,No,https://example.com/games/mx-vs-atv-remastered
Terraria Remastered,PC;Xbox,Many,Yes,2008,Sandbox,Yes,https://example.com/games/terraria-remastered
Blood Limited Edition,PC;PS4;Xbox;Switch,2,No,2004,Survival;Sandbox,No,https://example.com/games/blood-limited-edition
King of Avalon Collector's Edition,PC;PS5;Xbox,6,Yes,2001,Sports,No,https://example.com/games/king-of-avalon-collector-s-edition
Azur Lane Complete Edition,PC;PS4;Xbox;Switch,8,No,2009,Shooter;Action,No,https://example.com/games/azur-lane-complete-edition
Bulletstorm Enhanced Edition,PC;PS4;Xbox;Switch,,No,2013,4X;Strategy,No,https://example.com/games/bulletstorm-enhanced-edition
Empires Mod 4,PC;PS5,2,No,2010,Battle Royale;Shooter,No,https://example.com/games/empires-mod-4
The Forest Standard Edition,PC,2,No,2017,Action;Platformer,Yes,https://example.com/games/the-forest-standard-edition
Wolfenstein Premium Edition,PS5;Xbox,,Yes,2008,Shooter;Action,No,https://example.com/games/wolfenstein-premium-edition
Friday the 13th Digital Edition,PC;PS5;Xbox;Switch,3,Yes,2004,Strategy;Turn-Based,No,https://example.com/games/friday-the-13th-digital-edition
Chorus Complete Edition,PC;PS5;Xbox,3,No,2004,Grand Strategy;Strategy,Yes,https://example.com/games/chorus-complete-edition
Evolve Physical Edition,PC;PS4;Xbox;Switch,,Yes,2010,Sandbox,No,https://example.com/games/evolve-physical-edition
Front Mission Alternative,PC;PS5,4,No,2002,MOBA;Strategy,No,https://example.com/games/front-mission-alternative
Returnal Premium Edition,PC;PS5,Many,No,2001,Simulation,No,https://example.com/games/returnal-premium-edition
Timberborn Game of the Year Edition,PC,6,No,2015,Survival;Sandbox,No,https://example.com/games/timberborn-game-of-the-year-edition
The Dark Pictures Remake,PC,,No,2018,Simulation;Sandbox,No,https://example.com/games/the-dark-pictures-remake
Counter-Strike Ultimate Edition,PC;PS4;Xbox;Switch,4,Yes,2020,Simulation,Yes,https://example.com/games/counter-strike-ultimate-edition
Baja Ultimate Edition,PC;PS5;Xbox;Switch,,Yes,2018,Battle Royale;Shooter,Yes,https://example.com/games/baja-ultimate-edition
Persona Q Omega Edition 5,PC,6,No,2000,Tactical;Shooter,No,https://example.com/games/persona-q-omega-edition-5
The Elder Scrolls Deluxe Edition,PC;Xbox,2,No,2008,Puzzle;Adventure,No,https://example.com/games/the-elder-scrolls-deluxe-edition
Oxygen Not Included Remake,PC,,No,2004,Survival;Sandbox,Yes,https://example.com/games/oxygen-not-included-remake
Dr Mario,PC;PS5,,Yes,2015,Survival;Sandbox,No,https://example.com/games/dr-mario
Pokemon Unite Omega Edition 4,PC;Xbox,,Yes,2025,Sandbox,No,https://example.com/games/pokemon-unite-omega-edition-4
Last Day on Earth Remake,Xbox,2,No,2015,Action;Adventure,No,https://example.com/games/last-day-on-earth-remake
Risk of Rain Final Edition,PC;Switch,4,No,2014,RPG;Action,No,https://example.com/games/risk-of-rain-final-edition
Stronghold Standard Edition,PC;PS5;Xbox,,No,2010,Shooter;Action,No,https://example.com/games/stronghold-standard-edition
Tunic Deluxe Edition,PC;PS5;Xbox;Switch,,No,2022,Survival;Sandbox,No,https://example.com/games/tunic-deluxe-edition
Smite Remastered,PC,,No,2023,Strategy;RTS,No,https://example.com/games/smite-remastered
Starsector Enhanced Edition,PC;PS5;Xbox;Switch,6,No,2024,Puzzle;Adventure,No,https://example.com/games/starsector-enhanced-edition
Jackbox Deluxe Edition,PC;PS5;Xbox;Switch,,Yes,2006,Simulation;Sandbox,No,https://example.com/games/jackbox-deluxe-edition
The Wolf Among Us Premium Edition,PC;PS5;Xbox,,No,2000,Casual;Party,Yes,https://example.com/games/the-wolf-among-us-premium-edition
Gundam Seed Battle Assault 7 First Edition,PC;PS5;Xbox,4,Yes,2004,Sandbox,No,https://example.com/games/gundam-seed-battle-assault-7-first-edition
Kingdoms of Amalur First Edition,PC,6,No,2008,Strategy;Turn-Based,No,https://example.com/games/kingdoms-of-amalur-first-edition
Tales of Berseria 3,PC;PS4;Xbox,8,Yes,2001,Simulation;Sandbox,No,https://example.com/games/tales-of-berseria-3
Tales of Graces Remake,PC,8,Yes,2007,Strategy;RTS,Yes,https://example.com/games/tales-of-graces-remake
Girls Frontline 5,PC;PS5;Xbox;Switch,4,Yes,2006,Simulation;Sandbox,No,https://example.com/games/girls-frontline-5
Gears Tactics Physical Edition,PC,Many,No,2018,Strategy;RTS,No,https://example.com/games/gears-tactics-physical-edition
Titanfall Legendary Edition,PC,,Yes,2010,Action;Platformer,Yes,https://example.com/games/titanfall-legendary-edition
Planet Zoo Complete Edition,PC;PS4;Xbox,6,Yes,2020,Strategy;Turn-Based,No,https://example.com/games/planet-zoo-complete-edition
Gundam Seed Battle Assault 9 Standard Edition,PC;PS4;Xbox,,Yes,2007,Racing,No,https://example.com/games/gundam-seed-battle-assault-9-standard-edition
Call of Duty Deluxe Edition,PC;Switch,,No,2017,Strategy;Turn-Based,No,https://example.com/games/call-of-duty-deluxe-edition
Tales of Berseria Definitive Edition,PC;PS5,,Yes,2004,Action;Platformer,No,https://example.com/games/tales-of-berseria-definitive-edition
Batman Telltale Enhanced Edition,PC;PS5;Xbox;Switch,,Yes,2011,Survival;Sandbox,No,https://example.com/games/batman-telltale-enhanced-edition
Uncharted Game of the Year Edition,PC,,Yes,2024,4X;Strategy,Yes,https://example.com/games/uncharted-game-of-the-year-edition
Gundam Seed Battle Universe Ultimate Edition,PS5;Xbox,,No,2021,Grand Strategy;Strategy,No,https://example.com/games/gundam-seed-battle-universe-ultimate-edition
Tunic Standard Edition,PC;PS5;Xbox,3,Yes,2015,4X;Strategy,Yes,https://example.com/games/tunic-standard-edition
Battlefield Final Edition,PS5;Xbox,4,Yes,2014,Action;Adventure,Yes,https://example.com/games/battlefield-final-edition
Mobile Legends 5,PC;PS5;Xbox,4,No,2015,Grand Strategy;Strategy,No,https://example.com/games/mobile-legends-5
Overwatch Anniversary Edition,PC,6,No,2026,Survival;Sandbox,No,https://example.com/games/overwatch-anniversary-edition
Unturned Deluxe Edition,Xbox,4,No,2021,MOBA;Strategy,No,https://example.com/games/unturned-deluxe-edition
Tales from the Borderlands Omega Edition 5,PC;Xbox,,Yes,2006,RPG;Action,No,https://example.com/games/tales-from-the-borderlands-omega-edition-5
Evolve 5,PS5;Xbox,6,Yes,2001,MOBA;Strategy,No,https://example.com/games/evolve-5
Burnout Special Edition,PC;Xbox,,No,2003,Racing,Yes,https://example.com/games/burnout-special-edition
Braid Enhanced Edition,PC;PS5,4,No,2021,Puzzle;Adventure,No,https://example.com/games/braid-enhanced-edition
Metroid Digital Edition,PC,4,No,2001,Battle Royale;Shooter,Yes,https://example.com/games/metroid-digital-edition
World of Demons 2,PC;PS5,6,Yes,2024,RPG;Action,No,https://example.com/games/world-of-demons-2
Project Zomboid Digital Edition,PC;PS5;Xbox,2,No,2012,MOBA;Strategy,No,https://example.com/games/project-zomboid-digital-edition
Smalland Definitive Edition,PC;PS4;Xbox;Switch,,Yes,2002,Party;Action,No,https://example.com/games/smalland-definitive-edition
Oxygen Not Included Omega Edition,PS5;Xbox,,Yes,2026,Puzzle;Adventure,No,https://example.com/games/oxygen-not-included-omega-edition
Torchlight Omega Edition 5,PC;Switch,,Yes,2017,4X;Strategy,No,https://example.com/games/torchlight-omega-edition-5
Enlisted Last Edition,Xbox,Many,No,2017,MOBA;Strategy,No,https://example.com/games/enlisted-last-edition
Observer Remastered,PC;PS4;Xbox;Switch,6,No,2024,Simulation,No,https://example.com/games/observer-remastered
Persona Q Special Edition,PC;PS5,6,Yes,2026,Shooter;Action,No,https://example.com/games/persona-q-special-edition
Empire Earth Remastered,Xbox,,No,2008,4X;Strategy,Yes,https://example.com/games/empire-earth-remastered
Homefront Ultimate Edition,PC;Xbox,2,Yes,2007,Puzzle;Adventure,Yes,https://example.com/games/homefront-ultimate-edition
Tiny Tina Omega Edition 4,PC;PS5;Xbox;Switch,,Yes,2003,Action;Adventure,No,https://example.com/games/tiny-tina-omega-edition-4
Raft Enhanced Edition,PC;Xbox,8,Yes,2024,Party;Action,No,https://example.com/games/raft-enhanced-edition
Smalland Premium Edition,PC;PS5;Xbox;Switch,,Yes,2021,MOBA;Strategy,No,https://example.com/games/smalland-premium-edition
Panel de Pon Complete Edition,PC,,Yes,2013,Party;Action,No,https://example.com/games/panel-de-pon-complete-edition
Mini Metro Remastered,PC;PS5;Xbox,,No,2010,Strategy;Turn-Based,No,https://example.com/games/mini-metro-remastered
Heroes of the Storm 4,PC;PS5;Xbox,2,No,2025,Action;Platformer,No,https://example.com/games/heroes-of-the-storm-4
Until Dawn 5,PC;Xbox,6,Yes,2005,Party;Action,Yes,https://example.com/games/until-dawn-5
Gundam Versus Final Edition,PC;PS4;Xbox;Switch,,No,2017,Strategy;Turn-Based,No,https://example.com/games/gundam-versus-final-edition
Paladins Remake,PC;Switch,6,Yes,2025,Tactical;Shooter,No,https://example.com/games/paladins-remake
Genshin Impact Enhanced Edition,PC;PS4;Xbox,3,Yes,2015,Shooter;Action,No,https://example.com/games/genshin-impact-enhanced-edition
Northgard Omega Edition 4,PS5;Xbox,,Yes,2019,Battle Royale;Shooter,No,https://example.com/games/northgard-omega-edition-4
Eternal Card Game Remake,PC;PS5;Xbox;Switch,8,No,2006,Action;Platformer,No,https://example.com/games/eternal-card-game-remake
Captain of Industry 3,PC;PS5;Xbox;Switch,3,No,2007,Strategy;RTS,Yes,https://example.com/games/captain-of-industry-3
Xenonauts,PC;Xbox,4,No,2014,Party;Action,No,https://example.com/games/xenonauts
Outlast 3,PC;PS5;Xbox,8,No,2005,Survival;Sandbox,No,https://example.com/games/outlast-3
Persona 5 Strikers Omega Edition 5,PC;PS5;Xbox;Switch,4,Yes,2000,Shooter;RPG,No,https://example.com/games/persona-5-strikers-omega-edition-5
The Division Collector's Edition,PC;PS5,2,No,2002,Survival;Sandbox,No,https://example.com/games/the-division-collector-s-edition
Call to Arms Limited Edition,PC;Switch,4,No,2021,MOBA;Strategy,No,https://example.com/games/call-to-arms-limited-edition
Resident Evil Anniversary Edition,PC;PS5;Xbox,6,No,2003,Sandbox,No,https://example.com/games/resident-evil-anniversary-edition
Left 4 Dead Digital Edition,PC;PS4;Xbox,Many,No,2004,Puzzle;Adventure,No,https://example.com/games/left-4-dead-digital-edition
Front Mission Online Omega Edition 5,PS5;Xbox,,Yes,2004,Puzzle;Adventure,No,https://example.com/games/front-mission-online-omega-edition-5
Phasmophobia Beta Edition,PC;PS5;Xbox,4,No,2010,Action;Platformer,No,https://example.com/games/phasmophobia-beta-edition
Tokyo Ghoul Collector's Edition,PC;Xbox,3,Yes,2009,Racing,No,https://example.com/games/tokyo-ghoul-collector-s-edition
Blue Archive 2,PC;PS5;Xbox;Switch,,Yes,2026,Survival;Sandbox,No,https://example.com/games/blue-archive-2
Terraria Remake,PC;PS5;Xbox;Switch,2,No,2004,Puzzle;Adventure,No,https://example.com/games/terraria-remake
Rollercoaster Tycoon Premium Edition,PC;PS5,8,Yes,2021,Survival;Sandbox,No,https://example.com/games/rollercoaster-tycoon-premium-edition
Destruction Derby Definitive Edition,PC;Switch,8,Yes,2025,MOBA;Strategy,No,https://example.com/games/destruction-derby-definitive-edition
Zone of the Enders Physical Edition,PC;PS5;Xbox;Switch,,No,2025,Action;Platformer,No,https://example.com/games/zone-of-the-enders-physical-edition
Need for Speed Premium Edition,PC;PS4;Xbox;Switch,8,No,2008,Survival;Sandbox,Yes,https://example.com/games/need-for-speed-premium-edition
Last Shelter Survival Ultimate Edition,PC;PS4;Xbox;Switch,,No,2005,Shooter;RPG,No,https://example.com/games/last-shelter-survival-ultimate-edition
Atlas Definitive Edition,PS5;Xbox,8,Yes,2010,Party;Action,No,https://example.com/games/atlas-definitive-edition
Warhammer Fantasy Legendary Edition,Xbox,Many,No,2026,Action;Platformer,No,https://example.com/games/warhammer-fantasy-legendary-edition
Smite Physical Edition,PC;Switch,4,No,2010,Action;Platformer,No,https://example.com/games/smite-physical-edition
Pillars of Eternity 2,PS5;Xbox,,Yes,2026,Sandbox,No,https://example.com/games/pillars-of-eternity-2
Gundam Seed Battle Operation Ultimate Edition,PC;PS5,,Yes,2008,Sports,No,https://example.com/games/gundam-seed-battle-operation-ultimate-edition
Fast RMX Game of the Year Edition,PC;PS5;Xbox;Switch,,No,2014,Battle Royale;Shooter,No,https://example.com/games/fast-rmx-game-of-the-year-edition
Fire Emblem Warriors Omega Edition,PC;PS4;Xbox,,No,2002,Strategy;RTS,Yes,https://example.com/games/fire-emblem-warriors-omega-edition
Tomb Raider 3,PC;Switch,4,No,2021,RPG;Action,No,https://example.com/games/tomb-raider-3
Danganronpa Final Edition,PC,,Yes,2010,Grand Strategy;Strategy,Yes,https://example.com/games/danganronpa-final-edition
Naruto Standard Edition,PC;Xbox,4,Yes,2018,Party;Action,No,https://example.com/games/naruto-standard-edition
Legends of Runeterra Alpha Edition,PC;PS4;Xbox;Switch,6,No,2002,4X;Strategy,Yes,https://example.com/games/legends-of-runeterra-alpha-edition
Dragon's Crown 4,PC;PS5;Xbox;Switch,4,No,2014,Survival;Sandbox,No,https://example.com/games/dragon-s-crown-4
Wuthering Waves Special Edition,Xbox,8,No,2017,RPG;Action,No,https://example.com/games/wuthering-waves-special-edition
Northgard Omega Edition 2,PC;Switch,3,No,2015,Sports,No,https://example.com/games/northgard-omega-edition-2
Stranded Deep Omega Edition 3,PC;PS5,2,Yes,2016,Survival;Sandbox,No,https://example.com/games/stranded-deep-omega-edition-3
Wolfenstein Digital Edition,PC;PS4;Xbox;Switch,3,No,2001,Shooter;Action,No,https://example.com/games/wolfenstein-digital-edition
Pokemon Unite Last Edition,PC;PS4;Xbox;Switch,8,Yes,2021,Survival;Horror,No,https://example.com/games/pokemon-unite-last-edition
Zero Escape Deluxe Edition,PC,4,Yes,2026,Simulation;Sandbox,No,https://example.com/games/zero-escape-deluxe-edition
Homeworld Deserts of Kharak Complete Edition,PC;PS5,,No,2007,Shooter;RPG,No,https://example.com/games/homeworld-deserts-of-kharak-complete-edition
Tales of Graces 2,PS5;Xbox,4,No,2004,4X;Strategy,No,https://example.com/games/tales-of-graces-2
SimCity BuildIt Remastered,PC;Switch,4,Yes,2017,Casual;Party,No,https://example.com/games/simcity-buildit-remastered
Elite Dangerous Deluxe Edition,PC;PS4;Xbox;Switch,4,No,2026,Sandbox,No,https://example.com/games/elite-dangerous-deluxe-edition
Jujutsu Kaisen Deluxe Edition,PC,,No,2018,RPG;Action,No,https://example.com/games/jujutsu-kaisen-deluxe-edition
Battlezone 99 Last Edition,PC;PS5,4,Yes,2016,Puzzle;Adventure,No,https://example.com/games/battlezone-99-last-edition
God of War Remake,PC;Xbox,,No,2007,RPG;Action,No,https://example.com/games/god-of-war-remake
NMRiH Last Edition,PC;PS5;Xbox;Switch,,Yes,2025,Survival;Sandbox,No,https://example.com/games/nmrih-last-edition
Puzzle and Dragons Complete Edition,PC;PS5;Xbox,3,Yes,2024,Sandbox,No,https://example.com/games/puzzle-and-dragons-complete-edition
Trials,PC,Many,No,2007,4X;Strategy,No,https://example.com/games/trials
BeamNG Last Edition,PC;PS5;Xbox,Many,No,2026,Survival;Horror,No,https://example.com/games/beamng-last-edition
Quake Beta Edition,PC;PS4;Xbox;Switch,,No,2014,Tactical;Shooter,No,https://example.com/games/quake-beta-edition
Journey Remastered,PC,,No,2022,Shooter;Action,No,https://example.com/games/journey-remastered
Scalebound,PC;PS5;Xbox;Switch,,Yes,2014,Simulation;Sandbox,No,https://example.com/games/scalebound
Anno Omega Edition 2,PC;PS4;Xbox,4,Yes,2004,Tactical;Shooter,Yes,https://example.com/games/anno-omega-edition-2
Fallout 4,PC;PS5,8,Yes,2012,Grand Strategy;Strategy,No,https://example.com/games/fallout-4
Fast RMX Collector's Edition,PC;PS5;Xbox,2,No,2016,Shooter;Action,No,https://example.com/games/fast-rmx-collector-s-edition
Cloudpunk Digital Edition,PC;Switch,Many,No,2006,Survival;Horror,No,https://example.com/games/cloudpunk-digital-edition
CSR Racing Enhanced Edition,PC;PS5,,Yes,2012,RPG;Action,No,https://example.com/games/csr-racing-enhanced-edition
Gang Beasts 4,PC,,No,2012,Action;Platformer,No,https://example.com/games/gang-beasts-4
Gundam Battle Chronicle Remake,PC;PS4;Xbox;Switch,4,Yes,2019,Grand Strategy;Strategy,No,https://example.com/games/gundam-battle-chronicle-remake
Dorfromantik Standard Edition,PC;Xbox,2,No,2018,Strategy;Turn-Based,No,https://example.com/games/dorfromantik-standard-edition
Wonderful 101 4,PC;Switch,,Yes,2026,Tactical;Shooter,Yes,https://example.com/games/wonderful-101-4
Front Mission Collector's Edition,PC;Xbox,4,Yes,2020,Shooter;Action,No,https://example.com/games/front-mission-collector-s-edition
Ori Omega Edition 4,PC,4,Yes,2001,Survival;Horror,No,https://example.com/games/ori-omega-edition-4
Shapez Digital Edition,PC;PS5,8,No,2004,Simulation;Sandbox,No,https://example.com/games/shapez-digital-edition
Fez Omega Edition 4,PC;PS5;Xbox,4,No,2025,Racing,No,https://example.com/games/fez-omega-edition-4
Mudrunner,PC;PS5,4,No,2017,RPG;Action,No,https://example.com/games/mudrunner
Gears Tactics Omega Edition 4,PC,4,Yes,2020,Casual;Party,No,https://example.com/games/gears-tactics-omega-edition-4
RimWorld Alpha Edition,PC;PS5,,No,2002,Simulation,No,https://example.com/games/rimworld-alpha-edition
Gundam Seed Battle Assault 5 Collector's Edition,PC;PS5,,Yes,2009,Action;Adventure,No,https://example.com/games/gundam-seed-battle-assault-5-collector-s-edition
Majin Tensei Physical Edition,PC;PS5;Xbox;Switch,,Yes,2007,Puzzle;Adventure,No,https://example.com/games/majin-tensei-physical-edition
Left 4 Dead 2,PC,6,No,2024,Strategy;Turn-Based,No,https://example.com/games/left-4-dead-2
Don't Starve Game of the Year Edition,PC;PS5;Xbox;Switch,8,No,2023,Sandbox,No,https://example.com/games/don-t-starve-game-of-the-year-edition
Tales of Symphonia Premium Edition,PS5;Xbox,4,No,2011,Shooter;RPG,Yes,https://example.com/games/tales-of-symphonia-premium-edition
World in Conflict,PS5;Xbox,,No,2006,Puzzle;Adventure,Yes,https://example.com/games/world-in-conflict
Natural Selection 2,PC;PS5,2,Yes,2026,Sandbox,No,https://example.com/games/natural-selection-2
Deliver Us Moon Enhanced Edition,PC;PS4;Xbox,Many,No,2025,Action;Platformer,No,https://example.com/games/deliver-us-moon-enhanced-edition
Enemy Territory 5,PC;Xbox,Many,No,2010,RPG;Action,Yes,https://example.com/games/enemy-territory-5
Re Zero Anniversary Edition,PC;PS5,,No,2012,Puzzle;Adventure,No,https://example.com/games/re-zero-anniversary-edition
The Elder Scrolls 2,PC;PS5;Xbox;Switch,3,No,2012,Shooter;Action,No,https://example.com/games/the-elder-scrolls-2
Path of Exile Omega Edition 5,PC;PS5,,Yes,2025,Shooter;RPG,No,https://example.com/games/path-of-exile-omega-edition-5
Gundam ZZ 3,PC;PS5;Xbox,6,No,2020,Grand Strategy;Strategy,No,https://example.com/games/gundam-zz-3
Raft Physical Edition,PC;PS5;Xbox;Switch,4,Yes,2005,Casual;Party,No,https://example.com/games/raft-physical-edition
Gundam Seed Destiny Special Edition,PS5;Xbox,6,No,2007,Action;Platformer,Yes,https://example.com/games/gundam-seed-destiny-special-edition
Zenless Zone Zero Omega Edition,PC;PS5;Xbox;Switch,4,No,2006,Tactical;Shooter,Yes,https://example.com/games/zenless-zone-zero-omega-edition
Stranded Deep Definitive Edition,PC;PS4;Xbox,2,No,2024,Strategy;RTS,No,https://example.com/games/stranded-deep-definitive-edition
Slay the Spire Legendary Edition,PC;PS5,8,Yes,2018,RPG;Action,No,https://example.com/games/slay-the-spire-legendary-edition
Mobile Legends Omega Edition 5,PS5;Xbox,,Yes,2014,Tactical;Shooter,No,https://example.com/games/mobile-legends-omega-edition-5
Spelunky,PC;PS5;Xbox,,Yes,2024,Puzzle;Adventure,No,https://example.com/games/spelunky
Stardew Valley Last Edition,PC;PS4;Xbox;Switch,2,No,2019,Sports,No,https://example.com/games/stardew-valley-last-edition
Metroid 5,PC,6,No,2010,Grand Strategy;Strategy,No,https://example.com/games/metroid-5
Throne and Liberty Remake,Xbox,,No,2022,RPG;Action,No,https://example.com/games/throne-and-liberty-remake
Returnal Deluxe Edition,PC;PS5,Many,No,2020,Action;Adventure,No,https://example.com/games/returnal-deluxe-edition
Saints Row Final Edition,Xbox,4,Yes,2004,Shooter;RPG,No,https://example.com/games/saints-row-final-edition
Baten Kaitos Limited Edition,PS5;Xbox,,Yes,2003,Puzzle;Adventure,No,https://example.com/games/baten-kaitos-limited-edition
Darkest Dungeon Enhanced Edition,PC;PS5;Xbox;Switch,,No,2019,Battle Royale;Shooter,No,https://example.com/games/darkest-dungeon-enhanced-edition
Albion Online First Edition,PC;Switch,4,Yes,2012,Survival;Horror,No,https://example.com/games/albion-online-first-edition
Outlast 4,PC;Switch,3,No,2026,Casual;Party,No,https://example.com/games/outlast-4
Project Zomboid Legendary Edition,PC;Xbox,4,No,2025,Shooter;RPG,No,https://example.com/games/project-zomboid-legendary-edition
Final Fantasy XIV Collector's Edition,Xbox,,Yes,2023,Sports,No,https://example.com/games/final-fantasy-xiv-collector-s-edition
Final Fantasy XIV Omega Edition,PC,6,No,2016,Grand Strategy;Strategy,No,https://example.com/games/final-fantasy-xiv-omega-edition
Hexen Remastered,PC;PS5;Xbox;Switch,4,Yes,2009,Sandbox,Yes,https://example.com/games/hexen-remastered
Sonic Racing 2,PC;PS4;Xbox;Switch,4,Yes,2026,MOBA;Strategy,No,https://example.com/games/sonic-racing-2
Tomb Raider Physical Edition,PC;PS4;Xbox;Switch,,No,2020,Battle Royale;Shooter,No,https://example.com/games/tomb-raider-physical-edition
The Wolf Among Us Definitive Edition,PC;PS5;Xbox;Switch,Many,No,2000,Battle Royale;Shooter,No,https://example.com/games/the-wolf-among-us-definitive-edition
Kena 2,PC;Switch,Many,No,2026,Casual;Party,No,https://example.com/games/kena-2
The Walking Dead Omega Edition 4,PC;PS5,,No,2013,RPG;Action,No,https://example.com/games/the-walking-dead-omega-edition-4
Konosuba Standard Edition,PC;PS4;Xbox;Switch,4,Yes,2025,Tactical;Shooter,No,https://example.com/games/konosuba-standard-edition
Crosscode Special Edition,PC;PS5,6,No,2024,4X;Strategy,No,https://example.com/games/crosscode-special-edition
Stellaris First Edition,PC;Xbox,,No,2004,Action;Adventure,No,https://example.com/games/stellaris-first-edition
Frontlines Physical Edition,PC;PS5;Xbox,4,No,2005,4X;Strategy,Yes,https://example.com/games/frontlines-physical-edition
Two Point Anniversary Edition,PC;PS5,,Yes,2010,Battle Royale;Shooter,No,https://example.com/games/two-point-anniversary-edition
Last Bible Enhanced Edition,PS5;Xbox,,Yes,2022,Racing,No,https://example.com/games/last-bible-enhanced-edition
Albion Online Premium Edition,PC;PS4;Xbox;Switch,6,Yes,2011,Survival;Sandbox,No,https://example.com/games/albion-online-premium-edition
Evochron Last Edition,PC;PS5;Xbox,,Yes,2006,Sports,No,https://example.com/games/evochron-last-edition
Phasmophobia Standard Edition,PC;PS5,2,No,2002,Action;Adventure,No,https://example.com/games/phasmophobia-standard-edition
Elite Dangerous Collector's Edition,PC;PS5;Xbox;Switch,4,Yes,2019,Survival;Horror,No,https://example.com/games/elite-dangerous-collector-s-edition
Night Call Omega Edition 2,PC;PS4;Xbox;Switch,4,No,2021,Simulation,No,https://example.com/games/night-call-omega-edition-2
Nioh Legendary Edition,PC;PS5;Xbox,,Yes,2020,Grand Strategy;Strategy,Yes,https://example.com/games/nioh-legendary-edition
Gundam Seed Battle Chronicle Omega Edition,PC;Xbox,4,No,2022,Battle Royale;Shooter,No,https://example.com/games/gundam-seed-battle-chronicle-omega-edition
Castlevania Collector's Edition,Xbox,Many,Yes,2026,Sports,No,https://example.com/games/castlevania-collector-s-edition
Transport Fever Special Edition,PC;PS4;Xbox;Switch,,Yes,2000,4X;Strategy,No,https://example.com/games/transport-fever-special-edition
Hearthstone,PC,6,Yes,2004,Simulation;Sandbox,No,https://example.com/games/hearthstone
Act of War 5,PC,8,Yes,2026,RPG;Action,No,https://example.com/games/act-of-war-5
Killing Floor Premium Edition,PC;PS5;Xbox,,Yes,2025,Grand Strategy;Strategy,Yes,https://example.com/games/killing-floor-premium-edition
Batman Telltale Physical Edition,PC,,No,2017,Racing,No,https://example.com/games/batman-telltale-physical-edition
Township Omega Edition,Xbox,,No,2007,Shooter;Action,No,https://example.com/games/township-omega-edition
Asphalt,PC;PS4;Xbox;Switch,,No,2019,Strategy;RTS,No,https://example.com/games/asphalt
Jujutsu Kaisen Collector's Edition,PC;Switch,4,No,2018,4X;Strategy,No,https://example.com/games/jujutsu-kaisen-collector-s-edition
Gundam ZZ Last Edition,PS5;Xbox,Many,Yes,2018,Strategy;Turn-Based,No,https://example.com/games/gundam-zz-last-edition
Mobile Legends Enhanced Edition,PC;PS5;Xbox;Switch,3,Yes,2004,Battle Royale;Shooter,No,https://example.com/games/mobile-legends-enhanced-edition
Inside Last Edition,Xbox,,Yes,2001,Survival;Horror,No,https://example.com/games/inside-last-edition
Bulletstorm Omega Edition 5,PC;Switch,,Yes,2005,Tactical;Shooter,No,https://example.com/games/bulletstorm-omega-edition-5
Zombie Army 2,PC;Switch,Many,Yes,2000,Action;Adventure,No,https://example.com/games/zombie-army-2
Icarus First Edition,Xbox,4,No,2004,Casual;Party,No,https://example.com/games/icarus-first-edition
Kingdoms of Amalur Final Edition,Xbox,,Yes,2009,Shooter;Action,No,https://example.com/games/kingdoms-of-amalur-final-edition
Township Premium Edition,PC;PS5;Xbox,,Yes,2002,Sports,No,https://example.com/games/township-premium-edition
Brawl Stars 3,Xbox,4,No,2007,Shooter;RPG,No,https://example.com/games/brawl-stars-3
Tiny Tina Limited Edition,PC,4,Yes,2012,Battle Royale;Shooter,Yes,https://example.com/games/tiny-tina-limited-edition
Monster Train Remake,PC;Xbox,3,Yes,2000,RPG;Action,No,https://example.com/games/monster-train-remake
Tyranny Omega Edition 2,PC;Xbox,4,No,2005,Casual;Party,No,https://example.com/games/tyranny-omega-edition-2
Sly Cooper 3,PS5;Xbox,2,No,2008,RPG;Action,Yes,https://example.com/games/sly-cooper-3
Miscreated Beta Edition,PC;Xbox,2,No,2013,Action;Adventure,No,https://example.com/games/miscreated-beta-edition
Baten Kaitos Premium Edition,PC,,Yes,2002,Strategy;RTS,No,https://example.com/games/baten-kaitos-premium-edition
Counter-Strike Alpha Edition,PS5;Xbox,Many,No,2015,Sports,No,https://example.com/games/counter-strike-alpha-edition
Two Point Campus Standard Edition,PC;Xbox,4,Yes,2022,4X;Strategy,No,https://example.com/games/two-point-campus-standard-edition
Sven Co-op 2,PC;PS4;Xbox,4,Yes,2004,Shooter;Action,No,https://example.com/games/sven-co-op-2
Overwatch Last Edition,PC;PS5;Xbox;Switch,Many,Yes,2022,Casual;Party,No,https://example.com/games/overwatch-last-edition
Battletech Final Edition,PC;Switch,,No,2017,Puzzle;Adventure,No,https://example.com/games/battletech-final-edition
Blood Beta Edition,PC,2,No,2004,Casual;Party,No,https://example.com/games/blood-beta-edition
Natural Selection 3,Xbox,2,Yes,2023,Survival;Horror,No,https://example.com/games/natural-selection-3
Batman Telltale 5,PC;PS5;Xbox;Switch,,No,2018,Party;Action,No,https://example.com/games/batman-telltale-5
Last Shelter Survival Standard Edition,PS5;Xbox,4,No,2008,Action;Platformer,Yes,https://example.com/games/last-shelter-survival-standard-edition
Iron Harvest 5,PC;PS5,,Yes,2015,Puzzle;Adventure,No,https://example.com/games/iron-harvest-5
Synergy Definitive Edition,PC;Switch,3,Yes,2014,Survival;Horror,No,https://example.com/games/synergy-definitive-edition
Tales of Phantasia Omega Edition 5,PC;Switch,,No,2017,Sandbox,No,https://example.com/games/tales-of-phantasia-omega-edition-5
Overlord Alpha Edition,PC;Xbox,8,No,2012,RPG;Action,Yes,https://example.com/games/overlord-alpha-edition
Dragon Quest Heroes 5,PC;PS4;Xbox,,Yes,2026,Puzzle;Adventure,No,https://example.com/games/dragon-quest-heroes-5
Vanquish Omega Edition 5,PC;PS4;Xbox;Switch,2,No,2021,Shooter;Action,No,https://example.com/games/vanquish-omega-edition-5
Crosscode Collector's Edition,Xbox,8,Yes,2015,Strategy;Turn-Based,Yes,https://example.com/games/crosscode-collector-s-edition
Railroad Tycoon Beta Edition,PC;PS5,,Yes,2003,Survival;Horror,Yes,https://example.com/games/railroad-tycoon-beta-edition
Offworld Trading Company Remake,PC;PS5,8,Yes,2006,Grand Strategy;Strategy,No,https://example.com/games/offworld-trading-company-remake
Gundam ZZ Battle Omega Edition 4,Xbox,3,No,2006,Action;Adventure,No,https://example.com/games/gundam-zz-battle-omega-edition-4
Guardians of the Galaxy Telltale Standard Edition,PC;PS5,,Yes,2026,Strategy;RTS,No,https://example.com/games/guardians-of-the-galaxy-telltale-standard-edition
Phasmophobia Special Edition,PC;PS4;Xbox,,No,2016,Shooter;RPG,No,https://example.com/games/phasmophobia-special-edition
Persona Q Anniversary Edition,PS5;Xbox,,No,2007,Strategy;Turn-Based,No,https://example.com/games/persona-q-anniversary-edition
State of Decay Standard Edition,PC;Switch,6,Yes,2025,Survival;Horror,No,https://example.com/games/state-of-decay-standard-edition
Until Dawn Beta Edition,PC;PS4;Xbox,4,Yes,2025,Grand Strategy;Strategy,No,https://example.com/games/until-dawn-beta-edition
Galactic Civilizations Last Edition,Xbox,3,Yes,2008,Survival;Horror,No,https://example.com/games/galactic-civilizations-last-edition
Limbo Remake,PC,Many,No,2000,Strategy;Turn-Based,Yes,https://example.com/games/limbo-remake
Tokyo Ghoul Physical Edition,PS5;Xbox,Many,No,2018,Party;Action,No,https://example.com/games/tokyo-ghoul-physical-edition
Gundam Battle Operation Anniversary Edition,PC;Xbox,6,No,2001,Sandbox,No,https://example.com/games/gundam-battle-operation-anniversary-edition
Grounded Standard Edition,PC;Switch,6,No,2021,Shooter;RPG,No,https://example.com/games/grounded-standard-edition
Gloomhaven Remastered,PC;PS4;Xbox;Switch,,Yes,2020,Shooter;RPG,No,https://example.com/games/gloomhaven-remastered
Bulletstorm Last Edition,PC;PS5;Xbox,8,No,2000,Racing,No,https://example.com/games/bulletstorm-last-edition
Elite Dangerous Anniversary Edition,PC;PS5;Xbox;Switch,3,No,2002,Sports,No,https://example.com/games/elite-dangerous-anniversary-edition
Dragon Ball Legends Collector's Edition,PC;PS5,,No,2005,Action;Adventure,No,https://example.com/games/dragon-ball-legends-collector-s-edition
Shield Hero Anniversary Edition,PS5;Xbox,,No,2021,Racing,No,https://example.com/games/shield-hero-anniversary-edition
Fire Force Omega Edition 5,PC;PS4;Xbox,4,Yes,2008,Survival;Horror,No,https://example.com/games/fire-force-omega-edition-5
Wartales Beta Edition,PC;PS5;Xbox,3,Yes,2003,MOBA;Strategy,Yes,https://example.com/games/wartales-beta-edition
Platinum Games Standard Edition,PC;PS5;Xbox,,No,2011,Sports,Yes,https://example.com/games/platinum-games-standard-edition
Grounded Definitive Edition,PS5;Xbox,2,Yes,2021,Survival;Sandbox,No,https://example.com/games/grounded-definitive-edition
Night Call Limited Edition,PC;PS5;Xbox,3,No,2004,Action;Adventure,No,https://example.com/games/night-call-limited-edition
Boom Beach Complete Edition,Xbox,2,No,2021,Survival;Horror,No,https://example.com/games/boom-beach-complete-edition
SD Gundam Enhanced Edition,PC;Switch,,Yes,2017,Battle Royale;Shooter,No,https://example.com/games/sd-gundam-enhanced-edition
Rime Physical Edition,PC,6,Yes,2010,Battle Royale;Shooter,No,https://example.com/games/rime-physical-edition
The Wolf Among Us First Edition,PC;PS5,4,Yes,2026,Shooter;RPG,No,https://example.com/games/the-wolf-among-us-first-edition
Surviving the Aftermath 3,PC;PS5;Xbox,,No,2021,Shooter;RPG,No,https://example.com/games/surviving-the-aftermath-3
Outriders Alpha Edition,PC;Switch,8,No,2019,Strategy;RTS,No,https://example.com/games/outriders-alpha-edition
Dying Light Remastered,PC;PS5;Xbox,,Yes,2017,Action;Adventure,No,https://example.com/games/dying-light-remastered
Gundam Versus Physical Edition,PC;PS5;Xbox,,No,2001,Strategy;Turn-Based,No,https://example.com/games/gundam-versus-physical-edition
Puyo Puyo Deluxe Edition,PC;PS4;Xbox;Switch,,No,2020,Shooter;RPG,No,https://example.com/games/puyo-puyo-deluxe-edition
Kingdom Collector's Edition,PC;Switch,4,Yes,2021,Strategy;Turn-Based,Yes,https://example.com/games/kingdom-collector-s-edition
NMRiH Omega Edition 3,PC;PS4;Xbox,Many,No,2018,Strategy;Turn-Based,No,https://example.com/games/nmrih-omega-edition-3
Outer Wilds Last Edition,PS5;Xbox,8,Yes,2003,RPG;Action,No,https://example.com/games/outer-wilds-last-edition
Infamous,PC,,Yes,2016,MOBA;Strategy,No,https://example.com/games/infamous
Tales of Arise Physical Edition,PC;Switch,3,No,2016,4X;Strategy,Yes,https://example.com/games/tales-of-arise-physical-edition
Life is Strange Limited Edition,Xbox,,Yes,2008,RPG;Action,Yes,https://example.com/games/life-is-strange-limited-edition
Chorus Omega Edition 5,PC,Many,Yes,2014,Action;Adventure,No,https://example.com/games/chorus-omega-edition-5
Oxygen Not Included Ultimate Edition,PC;PS5,,No,2012,Party;Action,No,https://example.com/games/oxygen-not-included-ultimate-edition
Sly Cooper Anniversary Edition,PC;PS5;Xbox;Switch,2,Yes,2004,RPG;Action,No,https://example.com/games/sly-cooper-anniversary-edition
Civilization 5,PC;PS4;Xbox;Switch,,Yes,2011,Simulation;Sandbox,No,https://example.com/games/civilization-5
Mobile Suit Gundam 3,PC,,Yes,2024,Action;Platformer,No,https://example.com/games/mobile-suit-gundam-3
Cities Anniversary Edition,PC;PS5;Xbox,8,No,2006,Puzzle;Adventure,Yes,https://example.com/games/cities-anniversary-edition
Planet Coaster Standard Edition,PC;PS5;Xbox;Switch,Many,No,2021,Strategy;Turn-Based,No,https://example.com/games/planet-coaster-standard-edition
Frostpunk Standard Edition,PC;Xbox,4,Yes,2004,Action;Platformer,No,https://example.com/games/frostpunk-standard-edition
Elite Dangerous Last Edition,PC;PS5;Xbox,,Yes,2022,Strategy;Turn-Based,No,https://example.com/games/elite-dangerous-last-edition
Clash Royale Anniversary Edition,Xbox,4,Yes,2004,Simulation;Sandbox,Yes,https://example.com/games/clash-royale-anniversary-edition
Trials Game of the Year Edition,PC;PS4;Xbox;Switch,8,Yes,2001,Sandbox,No,https://example.com/games/trials-game-of-the-year-edition
Inscryption First Edition,PC;PS5;Xbox,2,No,2014,Battle Royale;Shooter,No,https://example.com/games/inscryption-first-edition
Project Zomboid Omega Edition,Xbox,2,No,2025,MOBA;Strategy,Yes,https://example.com/games/project-zomboid-omega-edition
Prison Architect Game of the Year Edition,PC;PS5;Xbox;Switch,,Yes,2020,Strategy;Turn-Based,No,https://example.com/games/prison-architect-game-of-the-year-edition
Gris 4,Xbox,,Yes,2000,Grand Strategy;Strategy,Yes,https://example.com/games/gris-4
Grim Dawn Complete Edition,PC,,No,2003,Racing,No,https://example.com/games/grim-dawn-complete-edition
Journey Physical Edition,PC;Xbox,3,No,2012,Sports,No,https://example.com/games/journey-physical-edition
Redneck Rampage Ultimate Edition,PC;PS5,,No,2012,Puzzle;Adventure,Yes,https://example.com/games/redneck-rampage-ultimate-edition
Once Human Limited Edition,PC;PS5;Xbox;Switch,,No,2018,Tactical;Shooter,No,https://example.com/games/once-human-limited-edition
Miscreated Last Edition,PC;Xbox,Many,No,2013,MOBA;Strategy,No,https://example.com/games/miscreated-last-edition
Apex Legends Legendary Edition,PC,4,Yes,2023,Sandbox,No,https://example.com/games/apex-legends-legendary-edition
Motorstorm Game of the Year Edition,PC,4,No,2009,Grand Strategy;Strategy,No,https://example.com/games/motorstorm-game-of-the-year-edition
Supreme Commander Omega Edition,PC;PS4;Xbox,,Yes,2001,Shooter;Action,No,https://example.com/games/supreme-commander-omega-edition
Ultimate Chicken Horse Enhanced Edition,Xbox,2,No,2016,Strategy;RTS,No,https://example.com/games/ultimate-chicken-horse-enhanced-edition
Overwatch 4,PC;Xbox,6,No,2006,Grand Strategy;Strategy,No,https://example.com/games/overwatch-4
Fallout Tactics Anniversary Edition,PC;PS4;Xbox,3,Yes,2005,Action;Platformer,No,https://example.com/games/fallout-tactics-anniversary-edition
Castlevania Standard Edition,PC;Switch,,No,2003,Action;Adventure,No,https://example.com/games/castlevania-standard-edition
Clash of Clans Beta Edition,Xbox,3,Yes,2008,Racing,No,https://example.com/games/clash-of-clans-beta-edition
Grey Goo Digital Edition,PC;PS5;Xbox;Switch,,No,2008,Party;Action,No,https://example.com/games/grey-goo-digital-edition
Marvel's Midnight Suns Complete Edition,PC;PS5;Xbox,4,No,2020,Puzzle;Adventure,Yes,https://example.com/games/marvel-s-midnight-suns-complete-edition
Blazing Souls 2,PS5;Xbox,,Yes,2009,Sports,Yes,https://example.com/games/blazing-souls-2
Northgard Remastered,PC;PS4;Xbox;Switch,,No,2008,Sandbox,No,https://example.com/games/northgard-remastered
We Were Here Physical Edition,PC;PS4;Xbox;Switch,4,No,2001,Puzzle;Adventure,No,https://example.com/games/we-were-here-physical-edition
Just Cause Legendary Edition,PC;Switch,4,No,2017,Grand Strategy;Strategy,No,https://example.com/games/just-cause-legendary-edition
Paladins Enhanced Edition,PC;Xbox,4,Yes,2020,Shooter;RPG,No,https://example.com/games/paladins-enhanced-edition
Clash of Clans Standard Edition,PS5;Xbox,4,No,2022,Simulation,Yes,https://example.com/games/clash-of-clans-standard-edition
Star Ocean Standard Edition,PC;Switch,4,No,2011,Strategy;RTS,No,https://example.com/games/star-ocean-standard-edition
Alien Isolation Premium Edition,Xbox,3,Yes,2024,Battle Royale;Shooter,No,https://example.com/games/alien-isolation-premium-edition
Battlefield,PS5;Xbox,,No,2005,Puzzle;Adventure,No,https://example.com/games/battlefield
Konosuba Definitive Edition,PC,,Yes,2012,Tactical;Shooter,Yes,https://example.com/games/konosuba-definitive-edition
Grip Combat Racing Last Edition,PC;PS4;Xbox,4,No,2011,Action;Adventure,Yes,https://example.com/games/grip-combat-racing-last-edition
Operation Tango Physical Edition,PC,4,Yes,2009,Shooter;Action,No,https://example.com/games/operation-tango-physical-edition
Lost Ark,PC;PS5;Xbox;Switch,3,No,2012,Strategy;Turn-Based,No,https://example.com/games/lost-ark
Tokyo Ghoul Omega Edition 2,PC;PS5,4,No,2015,Strategy;RTS,No,https://example.com/games/tokyo-ghoul-omega-edition-2
Hearts of Iron 2,PC;PS5;Xbox;Switch,2,No,2025,Racing,No,https://example.com/games/hearts-of-iron-2
Cuphead 3,PC;Xbox,8,No,2021,Party;Action,No,https://example.com/games/cuphead-3
Sniper Elite Omega Edition 5,PC;PS5,,No,2017,MOBA;Strategy,No,https://example.com/games/sniper-elite-omega-edition-5
Don't Starve Anniversary Edition,Xbox,8,Yes,2003,Party;Action,No,https://example.com/games/don-t-starve-anniversary-edition
No Game No Life Special Edition,Xbox,,Yes,2016,MOBA;Strategy,Yes,https://example.com/games/no-game-no-life-special-edition
Stellaris Omega Edition,Xbox,4,No,2020,MOBA;Strategy,No,https://example.com/games/stellaris-omega-edition
Last Day on Earth 2,PC;PS5;Xbox,,No,2020,Shooter;RPG,No,https://example.com/games/last-day-on-earth-2
Galactic Civilizations Limited Edition,Xbox,,Yes,2000,MOBA;Strategy,No,https://example.com/games/galactic-civilizations-limited-edition
Mudrunner Omega Edition 2,PC;Xbox,2,No,2007,Casual;Party,No,https://example.com/games/mudrunner-omega-edition-2
Kingdom Legendary Edition,PC;Xbox,,No,2023,Strategy;Turn-Based,Yes,https://example.com/games/kingdom-legendary-edition
No Game No Life Omega Edition 4,PC;PS4;Xbox;Switch,,No,2006,Simulation,No,https://example.com/games/no-game-no-life-omega-edition-4
Grim Dawn Anniversary Edition,PC;PS4;Xbox,6,No,2015,Simulation;Sandbox,Yes,https://example.com/games/grim-dawn-anniversary-edition
Battle Brothers Limited Edition,PC;PS5;Xbox,8,No,2024,Casual;Party,No,https://example.com/games/battle-brothers-limited-edition
Goddess of Victory Beta Edition,PC;PS5;Xbox,4,No,2007,Simulation;Sandbox,Yes,https://example.com/games/goddess-of-victory-beta-edition
Crash Team Racing 2,PC;PS4;Xbox;Switch,Many,Yes,2005,4X;Strategy,No,https://example.com/games/crash-team-racing-2
Apex Legends,PS5;Xbox,,Yes,2011,MOBA;Strategy,No,https://example.com/games/apex-legends
Persona Collector's Edition,PC,Many,Yes,2021,Sandbox,No,https://example.com/games/persona-collector-s-edition
Spelunky Final Edition,Xbox,4,No,2021,MOBA;Strategy,No,https://example.com/games/spelunky-final-edition
Raft Anniversary Edition,PC;PS5;Xbox;Switch,,No,2016,Action;Adventure,No,https://example.com/games/raft-anniversary-edition
Pummel Party 3,PC;Xbox,3,No,2025,Simulation,No,https://example.com/games/pummel-party-3
Tales of Phantasia Alpha Edition,PC;PS5;Xbox;Switch,3,Yes,2018,RPG;Action,No,https://example.com/games/tales-of-phantasia-alpha-edition
Fast RMX Enhanced Edition,PC,Many,Yes,2012,Racing,No,https://example.com/games/fast-rmx-enhanced-edition
Battle Brothers Beta Edition,PC;PS5;Xbox,,Yes,2023,Strategy;Turn-Based,No,https://example.com/games/battle-brothers-beta-edition
Last Bible Ultimate Edition,Xbox,,No,2023,Shooter;Action,No,https://example.com/games/last-bible-ultimate-edition
Post Scriptum Final Edition,PC;PS4;Xbox,6,Yes,2013,Strategy;RTS,No,https://example.com/games/post-scriptum-final-edition
Tales of Zestiria 3,PC,4,No,2014,Party;Action,No,https://example.com/games/tales-of-zestiria-3
Puzzle and Dragons Beta Edition,PC;PS4;Xbox;Switch,Many,No,2020,Sandbox,Yes,https://example.com/games/puzzle-and-dragons-beta-edition
Snowrunner Remastered,PC;PS5;Xbox,4,No,2015,Sports,Yes,https://example.com/games/snowrunner-remastered
Alien Isolation 4,PC;Switch,4,No,2008,Survival;Sandbox,No,https://example.com/games/alien-isolation-4
Risk of Rain Anniversary Edition,PC;PS4;Xbox;Switch,,No,2013,Survival;Sandbox,No,https://example.com/games/risk-of-rain-anniversary-edition
Redneck Rampage 3,PC;PS5;Xbox,3,Yes,2018,MOBA;Strategy,No,https://example.com/games/redneck-rampage-3
Borderlands Omega Edition 3,PS5;Xbox,4,No,2015,Shooter;Action,No,https://example.com/games/borderlands-omega-edition-3
Call to Arms Omega Edition,Xbox,,No,2006,RPG;Action,No,https://example.com/games/call-to-arms-omega-edition
Shadowverse Digital Edition,PC,2,Yes,2003,Sports,No,https://example.com/games/shadowverse-digital-edition
Smalland Ultimate Edition,PC;PS4;Xbox,,No,2001,Shooter;Action,Yes,https://example.com/games/smalland-ultimate-edition
Portal Premium Edition,PC;PS4;Xbox,,Yes,2008,MOBA;Strategy,Yes,https://example.com/games/portal-premium-edition
Men of War Complete Edition,PS5;Xbox,,No,2014,Strategy;RTS,No,https://example.com/games/men-of-war-complete-edition
Boom Beach Remastered,PC;Xbox,,Yes,2016,Shooter;RPG,Yes,https://example.com/games/boom-beach-remastered
The Forest Beta Edition,PC,,Yes,2010,Party;Action,No,https://example.com/games/the-forest-beta-edition
Guardians of the Galaxy Telltale Anniversary Edition,PC;PS4;Xbox,,Yes,2015,Survival;Horror,No,https://example.com/games/guardians-of-the-galaxy-telltale-anniversary-edition
Battlefield Digital Edition,PC;Switch,,No,2009,Party;Action,No,https://example.com/games/battlefield-digital-edition
World in Conflict Alpha Edition,PC;Switch,,Yes,2019,Action;Platformer,No,https://example.com/games/world-in-conflict-alpha-edition
Stacklands Alpha Edition,PC;PS4;Xbox,,Yes,2022,Sandbox,Yes,https://example.com/games/stacklands-alpha-edition
Tales of Symphonia 5,PC;PS4;Xbox,4,No,2008,Strategy;Turn-Based,Yes,https://example.com/games/tales-of-symphonia-5
Returnal Standard Edition,Xbox,,No,2002,RPG;Action,Yes,https://example.com/games/returnal-standard-edition
Last Epoch Omega Edition 5,PC;PS4;Xbox,,Yes,2006,Battle Royale;Shooter,No,https://example.com/games/last-epoch-omega-edition-5
Iron Harvest Deluxe Edition,PC;PS5;Xbox,Many,No,2008,Puzzle;Adventure,No,https://example.com/games/iron-harvest-deluxe-edition
Dr Mario Premium Edition,PC;PS5;Xbox;Switch,2,No,2018,Strategy;RTS,Yes,https://example.com/games/dr-mario-premium-edition
The Elder Scrolls Omega Edition,Xbox,,No,2021,Survival;Horror,No,https://example.com/games/the-elder-scrolls-omega-edition
Hollow Knight Game of the Year Edition,PS5;Xbox,8,Yes,2024,Shooter;Action,No,https://example.com/games/hollow-knight-game-of-the-year-edition
Human Fall Flat Remastered,PC;PS4;Xbox;Switch,,Yes,2021,Survival;Sandbox,No,https://example.com/games/human-fall-flat-remastered
Baldur's Gate Omega Edition 4,PC;Switch,,Yes,2000,Party;Action,No,https://example.com/games/baldur-s-gate-omega-edition-4
Mudrunner Remake,PC,,No,2012,Grand Strategy;Strategy,No,https://example.com/games/mudrunner-remake
Gundam Seed Battle Universe Beta Edition,PC;PS4;Xbox;Switch,3,Yes,2021,Shooter;RPG,No,https://example.com/games/gundam-seed-battle-universe-beta-edition
Fire Force 3,Xbox,4,Yes,2004,RPG;Action,No,https://example.com/games/fire-force-3
Lunar Colony Definitive Edition,Xbox,,Yes,2016,Survival;Sandbox,No,https://example.com/games/lunar-colony-definitive-edition
Tropico Definitive Edition,PC;Xbox,8,No,2023,Battle Royale;Shooter,No,https://example.com/games/tropico-definitive-edition
Mafia Beta Edition,PS5;Xbox,8,No,2008,Racing,No,https://example.com/games/mafia-beta-edition
World of Tanks Ultimate Edition,PS5;Xbox,,Yes,2003,Action;Adventure,No,https://example.com/games/world-of-tanks-ultimate-edition
Kerbal Space Program Definitive Edition,PS5;Xbox,,Yes,2009,Shooter;Action,No,https://example.com/games/kerbal-space-program-definitive-edition
Boomerang Fu Special Edition,PC;PS5,,No,2010,Puzzle;Adventure,Yes,https://example.com/games/boomerang-fu-special-edition
Fate Grand Order Digital Edition,Xbox,,Yes,2006,Sandbox,No,https://example.com/games/fate-grand-order-digital-edition
Little Nightmares 2,PC;PS5;Xbox;Switch,,Yes,2008,Sandbox,No,https://example.com/games/little-nightmares-2
Shadow Warrior 5,PS5;Xbox,,Yes,2020,Tactical;Shooter,No,https://example.com/games/shadow-warrior-5
Observer Anniversary Edition,PC;PS4;Xbox;Switch,4,Yes,2023,Battle Royale;Shooter,No,https://example.com/games/observer-anniversary-edition
Tales from the Borderlands Remastered,PC;Switch,4,No,2016,Tactical;Shooter,No,https://example.com/games/tales-from-the-borderlands-remastered
Once Human Physical Edition,PS5;Xbox,,No,2008,Battle Royale;Shooter,No,https://example.com/games/once-human-physical-edition
Oxygen Not Included First Edition,PC,3,No,2019,MOBA;Strategy,No,https://example.com/games/oxygen-not-included-first-edition
Citizen Sleeper Standard Edition,PC;PS5;Xbox,,No,2013,MOBA;Strategy,No,https://example.com/games/citizen-sleeper-standard-edition
Battlefield Omega Edition 3,PC;PS5;Xbox,3,No,2000,Simulation,No,https://example.com/games/battlefield-omega-edition-3
Banner Saga Omega Edition 4,PC;PS4;Xbox;Switch,,Yes,2026,Strategy;Turn-Based,No,https://example.com/games/banner-saga-omega-edition-4
Snowrunner Physical Edition,PC,,No,2012,Puzzle;Adventure,No,https://example.com/games/snowrunner-physical-edition
Grimgir 5,PC;PS5;Xbox,6,No,2012,RPG;Action,No,https://example.com/games/grimgir-5
Albion Online 4,PS5;Xbox,,No,2001,Party;Action,No,https://example.com/games/albion-online-4
Steins Gate Physical Edition,PS5;Xbox,,Yes,2008,Simulation,Yes,https://example.com/games/steins-gate-physical-edition
One Punch Man Deluxe Edition,PC;PS5;Xbox;Switch,4,No,2001,MOBA;Strategy,Yes,https://example.com/games/one-punch-man-deluxe-edition
Tokyo Mirage Sessions 2,PS5;Xbox,4,Yes,2023,Puzzle;Adventure,No,https://example.com/games/tokyo-mirage-sessions-2
Enter the Gungeon Remake,PC;PS4;Xbox,4,Yes,2005,4X;Strategy,Yes,https://example.com/games/enter-the-gungeon-remake
Little Nightmares Ultimate Edition,PC;PS4;Xbox;Switch,Many,Yes,2020,Survival;Horror,No,https://example.com/games/little-nightmares-ultimate-edition
Inside Definitive Edition,PS5;Xbox,6,Yes,2009,4X;Strategy,Yes,https://example.com/games/inside-definitive-edition
Don't Starve Special Edition,PC;PS5;Xbox,,Yes,2011,Sports,No,https://example.com/games/don-t-starve-special-edition
Abzu Collector's Edition,PC;PS5;Xbox;Switch,,Yes,2003,Racing,No,https://example.com/games/abzu-collector-s-edition
Timberborn,PC,,Yes,2006,MOBA;Strategy,Yes,https://example.com/games/timberborn
Fallout Tactics Definitive Edition,PC;Xbox,6,No,2025,Shooter;Action,No,https://example.com/games/fallout-tactics-definitive-edition
Captain of Industry Ultimate Edition,PC;PS4;Xbox;Switch,,Yes,2020,Party;Action,No,https://example.com/games/captain-of-industry-ultimate-edition
Next Car Game Collector's Edition,PC;PS5;Xbox;Switch,4,No,2001,Simulation;Sandbox,No,https://example.com/games/next-car-game-collector-s-edition
Gundam Wing Battle Ultimate Edition,PC;PS4;Xbox,3,No,2008,MOBA;Strategy,No,https://example.com/games/gundam-wing-battle-ultimate-edition
Endless Legend 4,Xbox,Many,No,2018,Tactical;Shooter,No,https://example.com/games/endless-legend-4
Europa Universalis Definitive Edition,PC;PS5;Xbox;Switch,2,Yes,2011,Strategy;RTS,No,https://example.com/games/europa-universalis-definitive-edition
Odin Sphere Omega Edition 3,PC;Xbox,6,No,2021,RPG;Action,No,https://example.com/games/odin-sphere-omega-edition-3
Divinity Last Edition,PC;Xbox,,No,2003,Casual;Party,No,https://example.com/games/divinity-last-edition
Left 4 Dead Final Edition,PC;PS5;Xbox,6,No,2004,Sandbox,No,https://example.com/games/left-4-dead-final-edition
Smalland Omega Edition,PC;Switch,,Yes,2007,RPG;Action,Yes,https://example.com/games/smalland-omega-edition
Gundam ZZ Omega Edition 3,Xbox,4,No,2007,Simulation;Sandbox,No,https://example.com/games/gundam-zz-omega-edition-3
The Wolf Among Us Omega Edition,PC;Switch,6,No,2007,Grand Strategy;Strategy,Yes,https://example.com/games/the-wolf-among-us-omega-edition
13 Sentinels 2,PC;PS5,,No,2020,Action;Platformer,Yes,https://example.com/games/13-sentinels-2
Gloomhaven Ultimate Edition,PC;Switch,2,No,2025,Survival;Sandbox,No,https://example.com/games/gloomhaven-ultimate-edition
Redout 5,PC;Switch,8,Yes,2002,Shooter;RPG,No,https://example.com/games/redout-5
Gloomhaven Complete Edition,PC;Switch,Many,Yes,2016,Grand Strategy;Strategy,No,https://example.com/games/gloomhaven-complete-edition
Tower of Fantasy 4,Xbox,,No,2004,Strategy;Turn-Based,Yes,https://example.com/games/tower-of-fantasy-4
Wasteland Collector's Edition,PS5;Xbox,,Yes,2005,Tactical;Shooter,No,https://example.com/games/wasteland-collector-s-edition
Endless Space Special Edition,PC;PS4;Xbox,4,No,2022,Tactical;Shooter,No,https://example.com/games/endless-space-special-edition
Far Cry 3,PC;PS4;Xbox;Switch,Many,No,2019,Simulation,No,https://example.com/games/far-cry-3
Stellaris Omega Edition 3,PC;Xbox,4,Yes,2003,Tactical;Shooter,No,https://example.com/games/stellaris-omega-edition-3
Gundam Battle Assault 3,PC;PS4;Xbox,,Yes,2025,Simulation;Sandbox,No,https://example.com/games/gundam-battle-assault-3
Bad North Enhanced Edition,PC;Switch,6,Yes,2024,Sandbox,No,https://example.com/games/bad-north-enhanced-edition
Valheim Collector's Edition,PC;PS5;Xbox,6,No,2010,4X;Strategy,No,https://example.com/games/valheim-collector-s-edition
Cuphead,PC;Xbox,,Yes,2005,Casual;Party,No,https://example.com/games/cuphead
Ori 5,Xbox,2,No,2000,Casual;Party,No,https://example.com/games/ori-5
Abzu Final Edition,PC;PS4;Xbox;Switch,6,No,2006,Sandbox,No,https://example.com/games/abzu-final-edition
Sins of a Solar Empire Ultimate Edition,PC;Xbox,,Yes,2018,Action;Adventure,No,https://example.com/games/sins-of-a-solar-empire-ultimate-edition
Monster Hunter Digital Edition,PC;PS5;Xbox;Switch,,No,2005,Simulation;Sandbox,No,https://example.com/games/monster-hunter-digital-edition
Surviving Mars Game of the Year Edition,PC,,Yes,2008,RPG;Action,No,https://example.com/games/surviving-mars-game-of-the-year-edition
Layers of Fear Special Edition,PC,Many,No,2012,Simulation,No,https://example.com/games/layers-of-fear-special-edition
Bulletstorm 5,Xbox,6,No,2017,Puzzle;Adventure,No,https://example.com/games/bulletstorm-5
Batman Telltale Standard Edition,Xbox,Many,No,2025,Simulation,Yes,https://example.com/games/batman-telltale-standard-edition
Her Story Standard Edition,PC;PS4;Xbox;Switch,,No,2011,Strategy;RTS,No,https://example.com/games/her-story-standard-edition
Spelunky Premium Edition,PC;PS5;Xbox,Many,Yes,2002,Survival;Sandbox,Yes,https://example.com/games/spelunky-premium-edition
Gundam Extreme Vs Beta Edition,PC;Switch,,No,2020,Action;Adventure,No,https://example.com/games/gundam-extreme-vs-beta-edition
Half-Life First Edition,PC;PS5,2,Yes,2000,MOBA;Strategy,No,https://example.com/games/half-life-first-edition
Raft Beta Edition,Xbox,Many,No,2008,Action;Platformer,No,https://example.com/games/raft-beta-edition
Back 4 Blood Definitive Edition,PC;PS5,3,Yes,2025,Grand Strategy;Strategy,No,https://example.com/games/back-4-blood-definitive-edition
Endzone Final Edition,PC,3,No,2021,Survival;Horror,No,https://example.com/games/endzone-final-edition
Lords Mobile Omega Edition 4,PC;PS5;Xbox;Switch,Many,No,2002,Racing,No,https://example.com/games/lords-mobile-omega-edition-4
Lawbreakers Omega Edition,PC;PS5;Xbox;Switch,Many,No,2004,Shooter;RPG,No,https://example.com/games/lawbreakers-omega-edition
Hill Climb Racing Limited Edition,PC;PS4;Xbox,2,No,2014,Tactical;Shooter,No,https://example.com/games/hill-climb-racing-limited-edition
Tower of Fantasy Final Edition,PC;PS4;Xbox;Switch,4,No,2010,Tactical;Shooter,No,https://example.com/games/tower-of-fantasy-final-edition
Wolfenstein Legendary Edition,PS5;Xbox,4,No,2021,Grand Strategy;Strategy,No,https://example.com/games/wolfenstein-legendary-edition
Hill Climb Racing Special Edition,Xbox,,Yes,2026,RPG;Action,Yes,https://example.com/games/hill-climb-racing-special-edition
Enlisted Physical Edition,PS5;Xbox,,No,2009,4X;Strategy,No,https://example.com/games/enlisted-physical-edition
Black Clover Remastered,PS5;Xbox,,No,2014,RPG;Action,No,https://example.com/games/black-clover-remastered
Watch Dogs Physical Edition,PC;Switch,Many,No,2015,MOBA;Strategy,No,https://example.com/games/watch-dogs-physical-edition
Aetheris Physical Edition,Xbox,4,Yes,2004,Grand Strategy;Strategy,No,https://example.com/games/aetheris-physical-edition
Arknights Definitive Edition,PC;Switch,2,Yes,2017,Casual;Party,No,https://example.com/games/arknights-definitive-edition
Pillars of Eternity Legendary Edition,PC;Xbox,,Yes,2023,Shooter;Action,No,https://example.com/games/pillars-of-eternity-legendary-edition
Battlefield Omega Edition 5,PC;PS4;Xbox,4,No,2023,Strategy;RTS,No,https://example.com/games/battlefield-omega-edition-5
Shin Megami Tensei Deluxe Edition,PC;PS4;Xbox,6,No,2016,Survival;Horror,No,https://example.com/games/shin-megami-tensei-deluxe-edition
Codename Cure Standard Edition,PC;PS5;Xbox,4,Yes,2020,Tactical;Shooter,No,https://example.com/games/codename-cure-standard-edition
Game of Thrones Conquest Omega Edition 5,PC;PS5;Xbox;Switch,,No,2013,Strategy;Turn-Based,No,https://example.com/games/game-of-thrones-conquest-omega-edition-5
Return of the Obra Dinn 3,PC;PS5;Xbox,,Yes,2013,Action;Platformer,No,https://example.com/games/return-of-the-obra-dinn-3
Rime Game of the Year Edition,PC;Switch,,No,2007,MOBA;Strategy,No,https://example.com/games/rime-game-of-the-year-edition
Forza Omega Edition 2,PC;Xbox,,Yes,2012,Strategy;Turn-Based,No,https://example.com/games/forza-omega-edition-2
The Long Dark Alpha Edition,PC;PS5;Xbox,6,No,2016,Shooter;RPG,No,https://example.com/games/the-long-dark-alpha-edition
Gundam Seed Destiny Premium Edition,PC;PS4;Xbox,4,Yes,2026,Shooter;RPG,No,https://example.com/games/gundam-seed-destiny-premium-edition
Redneck Rampage Last Edition,PC,4,Yes,2024,Casual;Party,No,https://example.com/games/redneck-rampage-last-edition
World of Demons Anniversary Edition,PC;PS5,,Yes,2012,Tactical;Shooter,No,https://example.com/games/world-of-demons-anniversary-edition
Friday the 13th Deluxe Edition,PC;Xbox,8,No,2021,RPG;Action,No,https://example.com/games/friday-the-13th-deluxe-edition
Rust Anniversary Edition,Xbox,,No,2023,Puzzle;Adventure,Yes,https://example.com/games/rust-anniversary-edition
Bulletstorm 3,Xbox,6,No,2026,Simulation,Yes,https://example.com/games/bulletstorm-3
CSR Racing Standard Edition,PC;Switch,,No,2025,Racing,No,https://example.com/games/csr-racing-standard-edition
The Crew Ultimate Edition,PC;PS5;Xbox;Switch,,No,2013,Strategy;Turn-Based,No,https://example.com/games/the-crew-ultimate-edition
Party Animals First Edition,PC;Xbox,,No,2019,Simulation;Sandbox,Yes,https://example.com/games/party-animals-first-edition
Zenless Zone Zero Omega Edition 2,PC;PS5,2,No,2011,Simulation,No,https://example.com/games/zenless-zone-zero-omega-edition-2
Rust Omega Edition 5,PC;Switch,,No,2022,Survival;Sandbox,Yes,https://example.com/games/rust-omega-edition-5
Gundam Battle Operation 2,PC;PS5;Xbox;Switch,6,No,2017,Action;Platformer,No,https://example.com/games/gundam-battle-operation-2
Sly Cooper Collector's Edition,PC;PS5;Xbox;Switch,,Yes,2021,Action;Adventure,Yes,https://example.com/games/sly-cooper-collector-s-edition
Sword Art Online 4,PC;PS4;Xbox,,Yes,2016,Sports,No,https://example.com/games/sword-art-online-4
Subnautica Limited Edition,Xbox,4,No,2010,Party;Action,Yes,https://example.com/games/subnautica-limited-edition
Gundam Seed Battle Assault 3 Legendary Edition,PC;Switch,4,No,2000,Racing,No,https://example.com/games/gundam-seed-battle-assault-3-legendary-edition
Gundam Seed Battle Assault 10 Game of the Year Edition,PC;PS5,,Yes,2024,Strategy;Turn-Based,No,https://example.com/games/gundam-seed-battle-assault-10-game-of-the-year-edition
God of War Omega Edition,PC;PS4;Xbox;Switch,3,Yes,2016,Shooter;RPG,No,https://example.com/games/god-of-war-omega-edition
Seven Deadly Sins First Edition,PC;Switch,,Yes,2019,Racing,No,https://example.com/games/seven-deadly-sins-first-edition
Sol Cresta Standard Edition,PC;PS4;Xbox;Switch,,No,2008,4X;Strategy,No,https://example.com/games/sol-cresta-standard-edition
Vanquish First Edition,Xbox,4,No,2008,Shooter;RPG,No,https://example.com/games/vanquish-first-edition
DayZ Omega Edition 5,PS5;Xbox,4,No,2012,Shooter;Action,No,https://example.com/games/dayz-omega-edition-5
Dragon Ball Z Dokkan Collector's Edition,PC;PS4;Xbox,,No,2002,MOBA;Strategy,No,https://example.com/games/dragon-ball-z-dokkan-collector-s-edition
Squad Deluxe Edition,PC;Switch,4,Yes,2004,Action;Platformer,No,https://example.com/games/squad-deluxe-edition
Legends of Runeterra Omega Edition 5,PS5;Xbox,2,No,2022,RPG;Action,No,https://example.com/games/legends-of-runeterra-omega-edition-5
Arma Physical Edition,PC;PS5,4,Yes,2024,Strategy;Turn-Based,No,https://example.com/games/arma-physical-edition
Flower Beta Edition,PC;PS5,4,No,2011,Racing,No,https://example.com/games/flower-beta-edition
Vanquish Enhanced Edition,PC;Switch,4,No,2008,4X;Strategy,No,https://example.com/games/vanquish-enhanced-edition
Smalland Special Edition,Xbox,,Yes,2017,Action;Adventure,No,https://example.com/games/smalland-special-edition
Crash Team Racing Special Edition,Xbox,,No,2022,Strategy;RTS,No,https://example.com/games/crash-team-racing-special-edition
Hyrule Warriors Alpha Edition,Xbox,3,Yes,2024,Simulation,No,https://example.com/games/hyrule-warriors-alpha-edition
Nioh Omega Edition 2,PC;PS5,,No,2003,4X;Strategy,No,https://example.com/games/nioh-omega-edition-2
Journey Omega Edition 2,PC;PS4;Xbox,4,Yes,2005,Grand Strategy;Strategy,No,https://example.com/games/journey-omega-edition-2
Killing Floor Complete Edition,PC;PS5;Xbox;Switch,4,Yes,2017,Survival;Sandbox,No,https://example.com/games/killing-floor-complete-edition
Tales from the Borderlands Omega Edition,PC;PS4;Xbox;Switch,,No,2014,Strategy;Turn-Based,No,https://example.com/games/tales-from-the-borderlands-omega-edition
NBA 2K Collector's Edition,PC;PS5,6,Yes,2009,Shooter;Action,No,https://example.com/games/nba-2k-collector-s-edition
Frontlines Final Edition,PC;PS5;Xbox;Switch,,Yes,2021,Puzzle;Adventure,Yes,https://example.com/games/frontlines-final-edition
Amnesia Omega Edition,PC;PS5,,No,2007,Racing,Yes,https://example.com/games/amnesia-omega-edition
Shadowverse Omega Edition 5,PC;PS5;Xbox;Switch,,Yes,2011,Tactical;Shooter,No,https://example.com/games/shadowverse-omega-edition-5
System Shock Omega Edition 2,PS5;Xbox,8,No,2015,RPG;Action,No,https://example.com/games/system-shock-omega-edition-2
Gloomhaven Digital Edition,PC;PS5;Xbox;Switch,4,Yes,2009,Action;Platformer,Yes,https://example.com/games/gloomhaven-digital-edition
Men of War Remake,PC;Xbox,,No,2026,Shooter;Action,No,https://example.com/games/men-of-war-remake
Nikke Alpha Edition,PC;Switch,,No,2018,Racing,No,https://example.com/games/nikke-alpha-edition
Boomerang Fu Omega Edition,PC;PS4;Xbox;Switch,,Yes,2004,RPG;Action,No,https://example.com/games/boomerang-fu-omega-edition
Goblin Slayer Omega Edition 5,PC;PS5;Xbox,,No,2002,Survival;Horror,Yes,https://example.com/games/goblin-slayer-omega-edition-5
Chorus Deluxe Edition,PC;PS5;Xbox;Switch,3,No,2007,Racing,No,https://example.com/games/chorus-deluxe-edition
Raft Collector's Edition,PC;Switch,4,Yes,2013,Action;Platformer,No,https://example.com/games/raft-collector-s-edition
Konosuba 3,PC;Switch,4,Yes,2012,Simulation,No,https://example.com/games/konosuba-3
Rocket League Standard Edition,PC;PS4;Xbox,2,Yes,2012,Tactical;Shooter,No,https://example.com/games/rocket-league-standard-edition
Asphalt Omega Edition 4,PC,4,No,2001,Sandbox,No,https://example.com/games/asphalt-omega-edition-4
Platinum Games Final Edition,PC;PS4;Xbox,,No,2003,Survival;Sandbox,Yes,https://example.com/games/platinum-games-final-edition
Blood Ultimate Edition,PS5;Xbox,6,Yes,2015,Shooter;RPG,No,https://example.com/games/blood-ultimate-edition
Divinity Omega Edition 5,PC;PS5;Xbox,,Yes,2022,Action;Adventure,No,https://example.com/games/divinity-omega-edition-5
Surviving the Aftermath Special Edition,PC;PS4;Xbox;Switch,,Yes,2004,Tactical;Shooter,Yes,https://example.com/games/surviving-the-aftermath-special-edition
Panel de Pon Legendary Edition,PC;PS5,,Yes,2005,4X;Strategy,No,https://example.com/games/panel-de-pon-legendary-edition
Zero Escape Remake,PC,Many,No,2019,MOBA;Strategy,No,https://example.com/games/zero-escape-remake
Tetris Omega Edition 2,PC;PS4;Xbox,4,Yes,2010,MOBA;Strategy,No,https://example.com/games/tetris-omega-edition-2
Need for Speed Special Edition,PC;PS5,Many,No,2026,Action;Platformer,No,https://example.com/games/need-for-speed-special-edition
0 AD Omega Edition 3,PC,,No,2013,Action;Platformer,Yes,https://example.com/games/0-ad-omega-edition-3
Northgard Definitive Edition,PC;Xbox,8,Yes,2007,Puzzle;Adventure,No,https://example.com/games/northgard-definitive-edition
Kingdoms of Amalur Remake,PC;Switch,,Yes,2019,Grand Strategy;Strategy,No,https://example.com/games/kingdoms-of-amalur-remake
Tokyo Mirage Sessions Digital Edition,PC;PS4;Xbox,,Yes,2005,Tactical;Shooter,No,https://example.com/games/tokyo-mirage-sessions-digital-edition
Northgard Final Edition,PC;PS5;Xbox;Switch,3,Yes,2026,Survival;Horror,Yes,https://example.com/games/northgard-final-edition
Next Car Game Omega Edition,PC;PS5,,No,2019,Action;Platformer,No,https://example.com/games/next-car-game-omega-edition
Stellaris Ultimate Edition,PS5;Xbox,4,No,2009,Casual;Party,No,https://example.com/games/stellaris-ultimate-edition
That Time I Got Reincarnated Ultimate Edition,PC;PS5;Xbox;Switch,3,No,2000,Party;Action,No,https://example.com/games/that-time-i-got-reincarnated-ultimate-edition
Necromunda Omega Edition,PC,,Yes,2008,Puzzle;Adventure,No,https://example.com/games/necromunda-omega-edition
Marvel's Midnight Suns Digital Edition,PC;Xbox,Many,No,2013,4X;Strategy,Yes,https://example.com/games/marvel-s-midnight-suns-digital-edition
Terraria Complete Edition,PC;PS4;Xbox;Switch,2,Yes,2006,Survival;Sandbox,No,https://example.com/games/terraria-complete-edition
Phasmophobia Remake,PC;Xbox,,No,2018,Survival;Sandbox,No,https://example.com/games/phasmophobia-remake
Gundam Seed Battle Assault 6 Remastered,PC;Xbox,2,No,2002,Shooter;RPG,No,https://example.com/games/gundam-seed-battle-assault-6-remastered
Townscaper Remastered,Xbox,,No,2005,4X;Strategy,No,https://example.com/games/townscaper-remastered
Europa Universalis Collector's Edition,PC;Xbox,3,No,2008,Shooter;RPG,No,https://example.com/games/europa-universalis-collector-s-edition
Raft Remastered,PC;Switch,,No,2012,Party;Action,No,https://example.com/games/raft-remastered
Warhammer 40K Inquisitor Legendary Edition,PC;PS5;Xbox;Switch,4,No,2004,Battle Royale;Shooter,No,https://example.com/games/warhammer-40k-inquisitor-legendary-edition
Empire Earth Enhanced Edition,PC;PS5,4,No,2005,Casual;Party,No,https://example.com/games/empire-earth-enhanced-edition
Beach Buggy Racing Omega Edition 4,PC;PS5,8,No,2009,RPG;Action,No,https://example.com/games/beach-buggy-racing-omega-edition-4
Cities 2,PC;PS5,4,Yes,2013,MOBA;Strategy,No,https://example.com/games/cities-2
Final Fantasy XIV Alpha Edition,PC;Switch,6,No,2026,Casual;Party,No,https://example.com/games/final-fantasy-xiv-alpha-edition
Destiny Last Edition,PC,6,Yes,2022,Grand Strategy;Strategy,No,https://example.com/games/destiny-last-edition
Zone of the Enders Game of the Year Edition,PC;PS5;Xbox;Switch,4,No,2019,Survival;Horror,No,https://example.com/games/zone-of-the-enders-game-of-the-year-edition
Last Epoch Collector's Edition,PC;PS5,Many,No,2023,Simulation,No,https://example.com/games/last-epoch-collector-s-edition
Sonic Racing Special Edition,PC;PS5,Many,No,2006,Puzzle;Adventure,No,https://example.com/games/sonic-racing-special-edition
7 Days to Die Ultimate Edition,Xbox,6,Yes,2013,Shooter;RPG,No,https://example.com/games/7-days-to-die-ultimate-edition
Call to Arms Alpha Edition,PC;PS4;Xbox;Switch,,No,2010,Racing,No,https://example.com/games/call-to-arms-alpha-edition
Wasteland Omega Edition 4,PC;PS4;Xbox;Switch,,No,2008,Action;Platformer,Yes,https://example.com/games/wasteland-omega-edition-4
Pillars of Eternity Omega Edition 3,PC,8,No,2011,Simulation;Sandbox,No,https://example.com/games/pillars-of-eternity-omega-edition-3
Disco Elysium 4,PC;Switch,Many,No,2026,Puzzle;Adventure,No,https://example.com/games/disco-elysium-4
Next Car Game Physical Edition,PC;Switch,3,Yes,2019,Simulation;Sandbox,No,https://example.com/games/next-car-game-physical-edition
Legends of Runeterra Omega Edition 4,PC;PS5;Xbox;Switch,4,Yes,2003,Action;Adventure,No,https://example.com/games/legends-of-runeterra-omega-edition-4
Stranded Deep Limited Edition,PC;Xbox,4,Yes,2021,Tactical;Shooter,No,https://example.com/games/stranded-deep-limited-edition
Killing Floor Deluxe Edition,PC;PS5;Xbox;Switch,,No,2019,Tactical;Shooter,No,https://example.com/games/killing-floor-deluxe-edition
One Punch Man Alpha Edition,PC;PS4;Xbox;Switch,,No,2026,Strategy;Turn-Based,Yes,https://example.com/games/one-punch-man-alpha-edition
Gundam ZZ Battle Assault Complete Edition,PC;Xbox,6,No,2016,Simulation;Sandbox,No,https://example.com/games/gundam-zz-battle-assault-complete-edition
Pathfinder Collector's Edition,PC,2,No,2018,Strategy;Turn-Based,Yes,https://example.com/games/pathfinder-collector-s-edition
Steins Gate 3,PC;PS4;Xbox,2,No,2022,Strategy;RTS,No,https://example.com/games/steins-gate-3
Deus Ex Ultimate Edition,PC;PS4;Xbox,,No,2003,Survival;Horror,No,https://example.com/games/deus-ex-ultimate-edition
Elite Dangerous Final Edition,PC;PS5;Xbox;Switch,4,Yes,2023,Survival;Horror,No,https://example.com/games/elite-dangerous-final-edition
Icarus Complete Edition,PC;Switch,,Yes,2013,Action;Platformer,No,https://example.com/games/icarus-complete-edition
MX vs ATV Omega Edition 3,PC;PS5;Xbox,2,Yes,2026,4X;Strategy,No,https://example.com/games/mx-vs-atv-omega-edition-3
Madden NFL Anniversary Edition,PC;PS5,,Yes,2019,Action;Adventure,No,https://example.com/games/madden-nfl-anniversary-edition
Zone of the Enders Legendary Edition,PS5;Xbox,4,Yes,2007,4X;Strategy,Yes,https://example.com/games/zone-of-the-enders-legendary-edition
Grip Combat Racing Complete Edition,PC;Xbox,Many,No,2025,MOBA;Strategy,No,https://example.com/games/grip-combat-racing-complete-edition
Twisted Metal 5,PC;PS5;Xbox;Switch,,Yes,2024,Strategy;RTS,No,https://example.com/games/twisted-metal-5
Gundam Battle Universe Enhanced Edition,PC;Xbox,,No,2013,Puzzle;Adventure,No,https://example.com/games/gundam-battle-universe-enhanced-edition
Far Cry Alpha Edition,PC;Switch,,No,2014,Action;Adventure,No,https://example.com/games/far-cry-alpha-edition
Gang Beasts Digital Edition,PC;Switch,,No,2019,MOBA;Strategy,No,https://example.com/games/gang-beasts-digital-edition
Spelunky Deluxe Edition,PC;PS5;Xbox;Switch,2,No,2024,Sandbox,No,https://example.com/games/spelunky-deluxe-edition
Dynasty Warriors Anniversary Edition,PC;PS4;Xbox,,Yes,2023,Sports,No,https://example.com/games/dynasty-warriors-anniversary-edition
Nikke Limited Edition,PC;Switch,,Yes,2017,Shooter;RPG,No,https://example.com/games/nikke-limited-edition
Granblue Fantasy Standard Edition,PC;Xbox,2,No,2009,Strategy;Turn-Based,Yes,https://example.com/games/granblue-fantasy-standard-edition
Mindustry Collector's Edition,PC;PS4;Xbox;Switch,8,No,2001,Tactical;Shooter,No,https://example.com/games/mindustry-collector-s-edition
Lunar Colony Anniversary Edition,PC;Xbox,6,Yes,2013,Shooter;Action,Yes,https://example.com/games/lunar-colony-anniversary-edition
Last Epoch Deluxe Edition,PC,,No,2001,Action;Platformer,Yes,https://example.com/games/last-epoch-deluxe-edition
Saints Row 2,PC,Many,No,2021,Casual;Party,No,https://example.com/games/saints-row-2
Gundam Seed Battle Assault Legendary Edition,PC;PS4;Xbox;Switch,,No,2001,Grand Strategy;Strategy,No,https://example.com/games/gundam-seed-battle-assault-legendary-edition
Oxygen Not Included 2,PC;PS5;Xbox,3,No,2019,Tactical;Shooter,No,https://example.com/games/oxygen-not-included-2
Gears Tactics Anniversary Edition,PC;PS5;Xbox,,Yes,2004,Survival;Sandbox,No,https://example.com/games/gears-tactics-anniversary-edition
Fire Force Standard Edition,PC;Xbox,6,Yes,2015,Grand Strategy;Strategy,No,https://example.com/games/fire-force-standard-edition
Alien Isolation Final Edition,PC;Switch,Many,No,2023,Strategy;RTS,No,https://example.com/games/alien-isolation-final-edition
Anno Anniversary Edition,PC;PS4;Xbox,6,Yes,2015,Casual;Party,No,https://example.com/games/anno-anniversary-edition
Front Mission Alternative Omega Edition 5,PC;Xbox,,No,2005,Sandbox,No,https://example.com/games/front-mission-alternative-omega-edition-5
Blue Archive Alpha Edition,PS5;Xbox,,Yes,2025,Simulation;Sandbox,No,https://example.com/games/blue-archive-alpha-edition
Fallout Shelter Beta Edition,PC;Xbox,2,No,2015,Sports,No,https://example.com/games/fallout-shelter-beta-edition
Kena First Edition,PC;Xbox,3,No,2022,Survival;Sandbox,No,https://example.com/games/kena-first-edition
Outriders Physical Edition,PC,,No,2010,Simulation;Sandbox,No,https://example.com/games/outriders-physical-edition
Griftlands 5,PC;Xbox,,Yes,2009,Shooter;RPG,No,https://example.com/games/griftlands-5
Warframe Deluxe Edition,PC;PS5,,Yes,2018,Survival;Horror,No,https://example.com/games/warframe-deluxe-edition
MX vs ATV Game of the Year Edition,PC,,Yes,2007,Casual;Party,Yes,https://example.com/games/mx-vs-atv-game-of-the-year-edition
Tools Up Special Edition,PC,8,Yes,2008,Battle Royale;Shooter,No,https://example.com/games/tools-up-special-edition
Pillars of Eternity Omega Edition,PC;PS5,,No,2015,Simulation,No,https://example.com/games/pillars-of-eternity-omega-edition
Mudrunner First Edition,PC;PS5,2,No,2000,Racing,Yes,https://example.com/games/mudrunner-first-edition
Aetheris Premium Edition,PC,,Yes,2003,Party;Action,No,https://example.com/games/aetheris-premium-edition
Need for Speed 4,PC;Switch,2,Yes,2005,Action;Platformer,No,https://example.com/games/need-for-speed-4
Infamous Digital Edition,Xbox,4,No,2012,Survival;Sandbox,Yes,https://example.com/games/infamous-digital-edition
SimCity Deluxe Edition,PC;PS5;Xbox;Switch,4,Yes,2022,Tactical;Shooter,No,https://example.com/games/simcity-deluxe-edition
State of Survival Omega Edition 3,PC;Switch,2,No,2001,Strategy;Turn-Based,No,https://example.com/games/state-of-survival-omega-edition-3
Empire Earth Special Edition,PC,4,Yes,2024,Strategy;Turn-Based,No,https://example.com/games/empire-earth-special-edition
Albion Online,PC;PS4;Xbox;Switch,,Yes,2005,Survival;Sandbox,Yes,https://example.com/games/albion-online
RimWorld Omega Edition 2,PC;PS4;Xbox,,No,2011,Simulation,No,https://example.com/games/rimworld-omega-edition-2
New World 2,PC,2,No,2014,Casual;Party,No,https://example.com/games/new-world-2
Endzone Omega Edition 2,PS5;Xbox,8,Yes,2011,4X;Strategy,No,https://example.com/games/endzone-omega-edition-2
Rogue Legacy 2,PC;PS4;Xbox,4,No,2011,MOBA;Strategy,No,https://example.com/games/rogue-legacy-2
RimWorld Final Edition,PC,,Yes,2002,Action;Adventure,No,https://example.com/games/rimworld-final-edition
Mobile Legends Omega Edition 4,PS5;Xbox,2,Yes,2008,MOBA;Strategy,Yes,https://example.com/games/mobile-legends-omega-edition-4
Planet Zoo Physical Edition,PC;PS5,,Yes,2022,Strategy;Turn-Based,No,https://example.com/games/planet-zoo-physical-edition
Age of Empires Omega Edition 5,PC;PS5,,Yes,2004,Strategy;RTS,No,https://example.com/games/age-of-empires-omega-edition-5
Blue Protocol Remake,PC;PS5;Xbox,,No,2019,Party;Action,No,https://example.com/games/blue-protocol-remake
Wreckfest 4,PC;PS5;Xbox,4,No,2000,Shooter;RPG,Yes,https://example.com/games/wreckfest-4
Dorfromantik Omega Edition 5,PS5;Xbox,,Yes,2023,Puzzle;Adventure,No,https://example.com/games/dorfromantik-omega-edition-5
Outer Wilds Ultimate Edition,PC;Xbox,6,Yes,2012,Shooter;RPG,No,https://example.com/games/outer-wilds-ultimate-edition
End of Nations Omega Edition 2,Xbox,,No,2008,Grand Strategy;Strategy,Yes,https://example.com/games/end-of-nations-omega-edition-2
H1Z1 Omega Edition 3,PC,4,Yes,2026,RPG;Action,No,https://example.com/games/h1z1-omega-edition-3
Legends of Runeterra Remake,Xbox,4,No,2024,RPG;Action,Yes,https://example.com/games/legends-of-runeterra-remake
Sonic Racing Last Edition,PC;PS5;Xbox;Switch,Many,No,2008,Simulation,No,https://example.com/games/sonic-racing-last-edition
Tales of Destiny 4,PC;PS5;Xbox;Switch,,Yes,2018,Tactical;Shooter,No,https://example.com/games/tales-of-destiny-4
Watch Dogs First Edition,PC,,Yes,2002,Casual;Party,No,https://example.com/games/watch-dogs-first-edition
CSR Racing Omega Edition 4,PC;PS5;Xbox,6,No,2010,Casual;Party,Yes,https://example.com/games/csr-racing-omega-edition-4
Crash Team Racing Omega Edition 4,PC;PS4;Xbox,2,No,2003,Tactical;Shooter,No,https://example.com/games/crash-team-racing-omega-edition-4
Left 4 Dead Limited Edition,PC;PS5;Xbox,4,No,2001,Puzzle;Adventure,No,https://example.com/games/left-4-dead-limited-edition
Townscaper Complete Edition,PC;PS5;Xbox,Many,No,2009,Shooter;RPG,No,https://example.com/games/townscaper-complete-edition
Skul Physical Edition,PC;Xbox,,Yes,2026,Sandbox,No,https://example.com/games/skul-physical-edition
Star Citizen 5,PC;PS4;Xbox,2,Yes,2009,Grand Strategy;Strategy,No,https://example.com/games/star-citizen-5
Arena of Valor Limited Edition,PC;PS5,6,Yes,2009,Party;Action,Yes,https://example.com/games/arena-of-valor-limited-edition
Etrian Odyssey Complete Edition,PC;Switch,8,No,2013,Action;Adventure,No,https://example.com/games/etrian-odyssey-complete-edition
Spintires 5,PC;PS4;Xbox,,No,2012,Racing,Yes,https://example.com/games/spintires-5
Zill O'll Alpha Edition,PC,,No,2019,Racing,No,https://example.com/games/zill-o-ll-alpha-edition
Dead by Daylight Collector's Edition,PC;PS5;Xbox,6,No,2016,Survival;Horror,No,https://example.com/games/dead-by-daylight-collector-s-edition
Unravel Collector's Edition,PC,,No,2013,Survival;Horror,No,https://example.com/games/unravel-collector-s-edition
Gundam Wing Battle Anniversary Edition,PS5;Xbox,3,No,2021,Party;Action,Yes,https://example.com/games/gundam-wing-battle-anniversary-edition
Blazing Souls Omega Edition,Xbox,,Yes,2013,Survival;Horror,Yes,https://example.com/games/blazing-souls-omega-edition
Offworld Trading Company 3,PC;PS5;Xbox,3,No,2000,Strategy;RTS,No,https://example.com/games/offworld-trading-company-3
Hyrule Warriors Ultimate Edition,PC;PS5;Xbox,3,No,2005,Puzzle;Adventure,No,https://example.com/games/hyrule-warriors-ultimate-edition
Mordheim Omega Edition 3,PC;Switch,2,Yes,2022,Grand Strategy;Strategy,No,https://example.com/games/mordheim-omega-edition-3
Game of Thrones Conquest Collector's Edition,PC;PS5;Xbox,,Yes,2021,Sandbox,No,https://example.com/games/game-of-thrones-conquest-collector-s-edition
Digital Devil Saga Legendary Edition,PC;PS5,3,Yes,2026,Tactical;Shooter,No,https://example.com/games/digital-devil-saga-legendary-edition
Binding of Isaac Anniversary Edition,PC,Many,Yes,2006,Sports,No,https://example.com/games/binding-of-isaac-anniversary-edition
Everspace 2 Premium Edition,PC;PS5;Xbox,,Yes,2025,Tactical;Shooter,No,https://example.com/games/everspace-2-premium-edition
Days Gone 4,PC;PS4;Xbox,3,Yes,2001,MOBA;Strategy,No,https://example.com/games/days-gone-4
Phoenix Point Deluxe Edition,PC;PS5;Xbox;Switch,4,No,2004,Simulation,No,https://example.com/games/phoenix-point-deluxe-edition
Crosscode 2,PC;PS4;Xbox;Switch,,Yes,2017,Survival;Sandbox,No,https://example.com/games/crosscode-2
Infamous Omega Edition 3,PC,3,No,2024,MOBA;Strategy,No,https://example.com/games/infamous-omega-edition-3
Moving Out Omega Edition 4,PC,,Yes,2012,Strategy;RTS,No,https://example.com/games/moving-out-omega-edition-4
Gundam Seed Destiny Game of the Year Edition,PC;PS4;Xbox,3,No,2004,Battle Royale;Shooter,No,https://example.com/games/gundam-seed-destiny-game-of-the-year-edition
Fallout Shelter Omega Edition 5,PC;PS4;Xbox,4,No,2014,Racing,No,https://example.com/games/fallout-shelter-omega-edition-5
Ronduine Deluxe Edition,PC;Switch,,No,2025,Strategy;Turn-Based,No,https://example.com/games/ronduine-deluxe-edition
Phoenix Point Remastered,PC;PS5;Xbox,,No,2017,Shooter;Action,No,https://example.com/games/phoenix-point-remastered
Tell Me Why Omega Edition 2,PC;PS5,4,No,2003,Sports,No,https://example.com/games/tell-me-why-omega-edition-2
Goblin Slayer Omega Edition 3,PS5;Xbox,,No,2003,Survival;Sandbox,No,https://example.com/games/goblin-slayer-omega-edition-3
Jackbox Collector's Edition,PC;PS4;Xbox;Switch,8,No,2010,Shooter;RPG,No,https://example.com/games/jackbox-collector-s-edition
Sly Cooper Omega Edition 3,PC;PS4;Xbox,2,Yes,2020,Sports,No,https://example.com/games/sly-cooper-omega-edition-3
New World Premium Edition,PC;Xbox,,No,2000,Sandbox,No,https://example.com/games/new-world-premium-edition
Gundam Seed Battle Assault 7 Anniversary Edition,PC,,No,2011,Racing,No,https://example.com/games/gundam-seed-battle-assault-7-anniversary-edition
Endless Space Premium Edition,PC;PS4;Xbox;Switch,,No,2001,MOBA;Strategy,Yes,https://example.com/games/endless-space-premium-edition
Boomerang Fu Omega Edition 2,PC;PS5;Xbox,,Yes,2001,4X;Strategy,No,https://example.com/games/boomerang-fu-omega-edition-2
Gris 3,PC;Switch,,No,2000,Survival;Horror,No,https://example.com/games/gris-3
XCOM Remake,PC;PS5;Xbox;Switch,2,Yes,2016,Strategy;Turn-Based,No,https://example.com/games/xcom-remake
Gloomhaven 4,PC;Xbox,,Yes,2007,Survival;Horror,No,https://example.com/games/gloomhaven-4
Motorstorm Remake,PC;PS5,6,Yes,2021,Simulation;Sandbox,No,https://example.com/games/motorstorm-remake
War Front Omega Edition 3,PC;Xbox,2,No,2013,Casual;Party,Yes,https://example.com/games/war-front-omega-edition-3
Front Mission 3 Complete Edition,PC;PS4;Xbox;Switch,,No,2022,Simulation;Sandbox,No,https://example.com/games/front-mission-3-complete-edition
Sons of the Forest Ultimate Edition,PS5;Xbox,,No,2017,Simulation,No,https://example.com/games/sons-of-the-forest-ultimate-edition
Live a Live Omega Edition 2,PS5;Xbox,Many,No,2005,RPG;Action,Yes,https://example.com/games/live-a-live-omega-edition-2
The Cursed Island Digital Edition,PC;PS5;Xbox;Switch,,No,2002,Simulation;Sandbox,No,https://example.com/games/the-cursed-island-digital-edition
The Crew Beta Edition,PS5;Xbox,,No,2022,Casual;Party,No,https://example.com/games/the-crew-beta-edition
Surviving Mars First Edition,PC;PS5,4,Yes,2025,Action;Platformer,No,https://example.com/games/surviving-mars-first-edition
Tunic Complete Edition,PC;Xbox,3,No,2018,Party;Action,Yes,https://example.com/games/tunic-complete-edition
BioShock Enhanced Edition,PC;Xbox,,No,2010,4X;Strategy,No,https://example.com/games/bioshock-enhanced-edition
Tales of Phantasia Omega Edition 4,PC;PS4;Xbox;Switch,4,No,2019,RPG;Action,No,https://example.com/games/tales-of-phantasia-omega-edition-4
Spelunky Special Edition,PC;PS4;Xbox,4,Yes,2020,RPG;Action,No,https://example.com/games/spelunky-special-edition
Fallout Shelter Collector's Edition,Xbox,Many,Yes,2025,Tactical;Shooter,No,https://example.com/games/fallout-shelter-collector-s-edition
Chrono Cross Omega Edition,PC;PS5,,No,2010,Shooter;RPG,Yes,https://example.com/games/chrono-cross-omega-edition
StarCraft Beta Edition,PC;PS4;Xbox,2,No,2022,Simulation;Sandbox,Yes,https://example.com/games/starcraft-beta-edition
Human Fall Flat Omega Edition 2,PC,8,No,2021,Sandbox,No,https://example.com/games/human-fall-flat-omega-edition-2
Gundam Battle Operation Standard Edition,PC;PS5,2,No,2003,Grand Strategy;Strategy,No,https://example.com/games/gundam-battle-operation-standard-edition
Hold Your Own Final Edition,PC;Switch,3,No,2006,RPG;Action,No,https://example.com/games/hold-your-own-final-edition
Battletech Omega Edition,PS5;Xbox,6,No,2020,Sports,Yes,https://example.com/games/battletech-omega-edition
Lost Ark Game of the Year Edition,PS5;Xbox,,No,2012,Puzzle;Adventure,Yes,https://example.com/games/lost-ark-game-of-the-year-edition
Valheim Digital Edition,PC;Switch,,Yes,2026,Action;Platformer,No,https://example.com/games/valheim-digital-edition
War Front 5,PC;PS5,4,Yes,2017,Strategy;RTS,Yes,https://example.com/games/war-front-5
Empire Earth Ultimate Edition,PC;PS5;Xbox,8,No,2003,Survival;Horror,No,https://example.com/games/empire-earth-ultimate-edition
Rocket League Omega Edition 2,Xbox,4,No,2015,4X;Strategy,No,https://example.com/games/rocket-league-omega-edition-2
Griftlands Legendary Edition,PC;Switch,4,Yes,2021,Party;Action,No,https://example.com/games/griftlands-legendary-edition
Gundam Seed Battle Premium Edition,PC;PS4;Xbox,,Yes,2019,Puzzle;Adventure,No,https://example.com/games/gundam-seed-battle-premium-edition
Metal Gear Remake,PC;Xbox,,Yes,2012,Simulation;Sandbox,No,https://example.com/games/metal-gear-remake
Tales of Berseria Legendary Edition,PC;PS5;Xbox;Switch,Many,Yes,2023,Survival;Sandbox,No,https://example.com/games/tales-of-berseria-legendary-edition
Iron Harvest 4,PC;PS4;Xbox,2,Yes,2014,4X;Strategy,Yes,https://example.com/games/iron-harvest-4
Shin Megami Tensei Alpha Edition,PC;PS5;Xbox,6,Yes,2017,MOBA;Strategy,No,https://example.com/games/shin-megami-tensei-alpha-edition
The Cursed Island Beta Edition,PC;PS4;Xbox,,No,2012,Action;Adventure,No,https://example.com/games/the-cursed-island-beta-edition
Mudrunner Digital Edition,PC;PS4;Xbox;Switch,,Yes,2004,Sandbox,No,https://example.com/games/mudrunner-digital-edition
Jackbox Special Edition,PC;PS5,,No,2011,Shooter;RPG,No,https://example.com/games/jackbox-special-edition
BioShock Special Edition,PC;PS5;Xbox;Switch,4,Yes,2009,RPG;Action,No,https://example.com/games/bioshock-special-edition
Ronduine Final Edition,PC;Switch,2,Yes,2021,Shooter;RPG,Yes,https://example.com/games/ronduine-final-edition
Legends of Runeterra Standard Edition,PC;PS5;Xbox;Switch,2,No,2006,Party;Action,Yes,https://example.com/games/legends-of-runeterra-standard-edition
Wartales Ultimate Edition,PC;Xbox,,No,2006,Sports,No,https://example.com/games/wartales-ultimate-edition
Phoenix Point Omega Edition 5,PC;Switch,4,No,2000,Shooter;Action,No,https://example.com/games/phoenix-point-omega-edition-5
Hearts of Iron Definitive Edition,PC;PS4;Xbox,,No,2005,Survival;Sandbox,Yes,https://example.com/games/hearts-of-iron-definitive-edition
Deliver Us Moon First Edition,PC;PS4;Xbox;Switch,3,No,2007,Survival;Horror,Yes,https://example.com/games/deliver-us-moon-first-edition
Frostpunk Final Edition,PC;Xbox,2,No,2012,MOBA;Strategy,No,https://example.com/games/frostpunk-final-edition
Astral Chain Omega Edition,PC;Switch,3,No,2009,Action;Platformer,No,https://example.com/games/astral-chain-omega-edition
Rainbow Six,PC;PS4;Xbox;Switch,,Yes,2006,Tactical;Shooter,No,https://example.com/games/rainbow-six
Evolve 4,PS5;Xbox,4,No,2009,Racing,Yes,https://example.com/games/evolve-4
Marvel's Midnight Suns Omega Edition,PC;Switch,2,No,2007,Party;Action,No,https://example.com/games/marvel-s-midnight-suns-omega-edition
Destiny Omega Edition 5,PC;PS4;Xbox;Switch,4,Yes,2020,Party;Action,Yes,https://example.com/games/destiny-omega-edition-5
Her Story Alpha Edition,PC;PS4;Xbox;Switch,,Yes,2013,Puzzle;Adventure,No,https://example.com/games/her-story-alpha-edition
Sons of the Forest Premium Edition,PC;PS5;Xbox,,Yes,2025,Racing,Yes,https://example.com/games/sons-of-the-forest-premium-edition
Blitzkrieg Omega Edition 4,PC,6,Yes,2023,Battle Royale;Shooter,No,https://example.com/games/blitzkrieg-omega-edition-4
Captain of Industry Omega Edition 4,Xbox,2,Yes,2013,Survival;Horror,No,https://example.com/games/captain-of-industry-omega-edition-4
SaGa Deluxe Edition,PC;PS4;Xbox,,Yes,2023,4X;Strategy,No,https://example.com/games/saga-deluxe-edition
Dorfromantik Omega Edition 3,Xbox,4,No,2025,Racing,No,https://example.com/games/dorfromantik-omega-edition-3
Gundam Seed Battle Assault 4 Omega Edition,PC;PS4;Xbox;Switch,8,Yes,2014,Tactical;Shooter,Yes,https://example.com/games/gundam-seed-battle-assault-4-omega-edition
Hades Premium Edition,PC;PS4;Xbox;Switch,,Yes,2009,Puzzle;Adventure,No,https://example.com/games/hades-premium-edition
Phasmophobia Limited Edition,PC;Switch,,Yes,2019,Strategy;Turn-Based,No,https://example.com/games/phasmophobia-limited-edition
Front Mission Omega Edition 2,Xbox,8,Yes,2001,Puzzle;Adventure,Yes,https://example.com/games/front-mission-omega-edition-2
Monster Train Collector's Edition,PC;PS4;Xbox;Switch,,Yes,2005,Action;Platformer,No,https://example.com/games/monster-train-collector-s-edition
Hollow Knight First Edition,PC;Switch,Many,No,2026,4X;Strategy,No,https://example.com/games/hollow-knight-first-edition
Just Cause Enhanced Edition,PC;PS5;Xbox;Switch,,Yes,2017,MOBA;Strategy,No,https://example.com/games/just-cause-enhanced-edition
Dr Mario Physical Edition,PC;Switch,4,No,2011,Puzzle;Adventure,No,https://example.com/games/dr-mario-physical-edition
Binding of Isaac 4,PS5;Xbox,4,Yes,2010,Sandbox,No,https://example.com/games/binding-of-isaac-4
Muramasa Legendary Edition,PC;Switch,Many,Yes,2014,Racing,Yes,https://example.com/games/muramasa-legendary-edition
Bleach Definitive Edition,PC;PS5;Xbox;Switch,3,No,2024,Party;Action,No,https://example.com/games/bleach-definitive-edition
RimWorld Remastered,PC;PS5;Xbox,4,Yes,2021,Casual;Party,Yes,https://example.com/games/rimworld-remastered
Aven Colony Omega Edition 2,PC;Xbox,,No,2009,Simulation,No,https://example.com/games/aven-colony-omega-edition-2
SD Gundam Digital Edition,PC;PS4;Xbox;Switch,,No,2010,4X;Strategy,No,https://example.com/games/sd-gundam-digital-edition
Gundam Versus Omega Edition 5,PC,,Yes,2013,Simulation,No,https://example.com/games/gundam-versus-omega-edition-5
Overcooked Omega Edition,PC;PS4;Xbox,Many,No,2020,Action;Adventure,Yes,https://example.com/games/overcooked-omega-edition
Counter-Strike Remastered,PS5;Xbox,2,Yes,2020,Racing,No,https://example.com/games/counter-strike-remastered
They Are Billions Standard Edition,PC;PS4;Xbox,4,No,2023,Strategy;RTS,No,https://example.com/games/they-are-billions-standard-edition
Endless Legend Game of the Year Edition,PC;PS5;Xbox,6,Yes,2018,Simulation,Yes,https://example.com/games/endless-legend-game-of-the-year-edition
Clash of Kings Digital Edition,PC;PS5;Xbox,,Yes,2007,RPG;Action,No,https://example.com/games/clash-of-kings-digital-edition
Bread and Fred Standard Edition,PC;PS4;Xbox,4,Yes,2022,Battle Royale;Shooter,Yes,https://example.com/games/bread-and-fred-standard-edition
Cloudpunk Game of the Year Edition,PS5;Xbox,,No,2009,Survival;Sandbox,No,https://example.com/games/cloudpunk-game-of-the-year-edition
Farmville Limited Edition,PC;PS5,8,No,2014,MOBA;Strategy,Yes,https://example.com/games/farmville-limited-edition
Warhammer Premium Edition,Xbox,Many,No,2012,Puzzle;Adventure,No,https://example.com/games/warhammer-premium-edition
Tropico Premium Edition,PC;PS4;Xbox,Many,Yes,2017,Tactical;Shooter,Yes,https://example.com/games/tropico-premium-edition
Zero Escape Definitive Edition,PC,,No,2021,MOBA;Strategy,No,https://example.com/games/zero-escape-definitive-edition
Bulletstorm Remake,PC;PS4;Xbox,,Yes,2025,Action;Platformer,No,https://example.com/games/bulletstorm-remake
Minecraft Omega Edition,PS5;Xbox,,No,2025,Simulation;Sandbox,No,https://example.com/games/minecraft-omega-edition
Satisfactory Omega Edition,PC,2,No,2026,Action;Platformer,No,https://example.com/games/satisfactory-omega-edition
Gundam Seed Battle Assault 10 Standard Edition,PC,,No,2025,Strategy;RTS,No,https://example.com/games/gundam-seed-battle-assault-10-standard-edition
XCOM Omega Edition,PC;PS5,2,Yes,2005,Grand Strategy;Strategy,No,https://example.com/games/xcom-omega-edition
Dorfromantik Omega Edition,PC;Xbox,4,No,2007,Survival;Sandbox,No,https://example.com/games/dorfromantik-omega-edition
Dragon Quest Heroes 3,PC,2,Yes,2000,Simulation,No,https://example.com/games/dragon-quest-heroes-3
Monogatari Beta Edition,PC;PS4;Xbox,3,No,2016,Shooter;Action,No,https://example.com/games/monogatari-beta-edition
Reckless Racing Remastered,PC;PS4;Xbox;Switch,,Yes,2002,RPG;Action,No,https://example.com/games/reckless-racing-remastered
Dead Rising Final Edition,PC;PS4;Xbox,,Yes,2012,Action;Platformer,Yes,https://example.com/games/dead-rising-final-edition
Clash Royale Enhanced Edition,Xbox,4,No,2018,Survival;Horror,No,https://example.com/games/clash-royale-enhanced-edition
Dragon's Crown Omega Edition 5,PC;PS4;Xbox,2,No,2003,Survival;Horror,No,https://example.com/games/dragon-s-crown-omega-edition-5
NBA 2K Legendary Edition,PC;PS4;Xbox,4,No,2007,Action;Platformer,Yes,https://example.com/games/nba-2k-legendary-edition
DayZ Final Edition,PC;PS5;Xbox,4,No,2016,Strategy;Turn-Based,No,https://example.com/games/dayz-final-edition
Honkai Star Rail 4,PC;PS4;Xbox;Switch,,Yes,2011,Action;Adventure,No,https://example.com/games/honkai-star-rail-4
CSR Racing Premium Edition,PC;PS5;Xbox,4,No,2021,RPG;Action,No,https://example.com/games/csr-racing-premium-edition
Bad North Game of the Year Edition,PS5;Xbox,,Yes,2019,Simulation;Sandbox,No,https://example.com/games/bad-north-game-of-the-year-edition
Warhammer Fantasy Ultimate Edition,PS5;Xbox,6,No,2019,Shooter;Action,No,https://example.com/games/warhammer-fantasy-ultimate-edition
Deus Ex Remake,PC;PS5;Xbox,3,No,2020,Grand Strategy;Strategy,No,https://example.com/games/deus-ex-remake
Elden Ring 5,PC;Xbox,2,No,2008,RPG;Action,No,https://example.com/games/elden-ring-5
Quake Premium Edition,PC;Xbox,3,No,2009,Survival;Horror,Yes,https://example.com/games/quake-premium-edition
Naruto Ultimate Edition,PC;PS5,,Yes,2020,Strategy;RTS,No,https://example.com/games/naruto-ultimate-edition
Mordheim 5,PC;PS5;Xbox;Switch,,No,2012,Shooter;RPG,Yes,https://example.com/games/mordheim-5
Bayonetta Alpha Edition,PC;Switch,8,No,2022,Action;Platformer,No,https://example.com/games/bayonetta-alpha-edition
0 AD Collector's Edition,PC;PS4;Xbox,,Yes,2023,Casual;Party,No,https://example.com/games/0-ad-collector-s-edition
Dying Light Alpha Edition,PC;PS5;Xbox,8,No,2008,Tactical;Shooter,No,https://example.com/games/dying-light-alpha-edition
Factorio Legendary Edition,PC;PS5;Xbox;Switch,6,Yes,2000,Puzzle;Adventure,No,https://example.com/games/factorio-legendary-edition
Civilization Physical Edition,PC;Xbox,,Yes,2016,Casual;Party,No,https://example.com/games/civilization-physical-edition
Dead Cells Special Edition,PC;PS5;Xbox,4,No,2003,Shooter;RPG,No,https://example.com/games/dead-cells-special-edition
Red Orchestra Omega Edition 3,PC;Switch,,No,2014,Shooter;RPG,No,https://example.com/games/red-orchestra-omega-edition-3
Heretic Ultimate Edition,PC;Switch,Many,Yes,2017,Action;Adventure,Yes,https://example.com/games/heretic-ultimate-edition
Tokyo Ghoul Anniversary Edition,PC,8,No,2014,RPG;Action,No,https://example.com/games/tokyo-ghoul-anniversary-edition
MX vs ATV Limited Edition,PC;PS5;Xbox,,Yes,2021,Sports,No,https://example.com/games/mx-vs-atv-limited-edition
Hell Let Loose Special Edition,PC;PS5;Xbox;Switch,2,No,2019,Grand Strategy;Strategy,No,https://example.com/games/hell-let-loose-special-edition
Army of Two Omega Edition 2,PC;PS4;Xbox,,No,2023,Action;Adventure,No,https://example.com/games/army-of-two-omega-edition-2
Kerbal Space Program Anniversary Edition,PC;Switch,Many,No,2011,Puzzle;Adventure,No,https://example.com/games/kerbal-space-program-anniversary-edition
Reckless Racing Premium Edition,PC;Xbox,2,Yes,2013,Battle Royale;Shooter,Yes,https://example.com/games/reckless-racing-premium-edition
Bleeding Edge Definitive Edition,PC;Switch,,No,2012,RPG;Action,No,https://example.com/games/bleeding-edge-definitive-edition
Chainsaw Man 2,PC;Switch,4,No,2002,Battle Royale;Shooter,No,https://example.com/games/chainsaw-man-2
Homeworld Digital Edition,PC;PS5;Xbox,4,No,2021,Survival;Sandbox,No,https://example.com/games/homeworld-digital-edition
Call of Duty Last Edition,PC;PS4;Xbox,4,Yes,2002,Shooter;RPG,No,https://example.com/games/call-of-duty-last-edition
Dyson Sphere Program Complete Edition,PC;PS5;Xbox;Switch,Many,No,2021,Simulation,No,https://example.com/games/dyson-sphere-program-complete-edition
Danganronpa Beta Edition,Xbox,4,Yes,2007,Sandbox,No,https://example.com/games/danganronpa-beta-edition
Paladins Last Edition,PC;PS4;Xbox,,Yes,2012,Strategy;RTS,No,https://example.com/games/paladins-last-edition
Portal Digital Edition,PC;PS4;Xbox,2,No,2004,Shooter;Action,No,https://example.com/games/portal-digital-edition
Jujutsu Kaisen Standard Edition,PC;Switch,,Yes,2020,Casual;Party,No,https://example.com/games/jujutsu-kaisen-standard-edition
Heretic 3,Xbox,,No,2020,4X;Strategy,No,https://example.com/games/heretic-3
Call to Arms Game of the Year Edition,PS5;Xbox,,Yes,2026,Simulation;Sandbox,No,https://example.com/games/call-to-arms-game-of-the-year-edition
The Forest Collector's Edition,PC;PS4;Xbox;Switch,,No,2006,Tactical;Shooter,No,https://example.com/games/the-forest-collector-s-edition
State of Survival 4,PC;PS4;Xbox;Switch,,No,2001,Shooter;Action,Yes,https://example.com/games/state-of-survival-4
Brawl Stars Game of the Year Edition,PC;PS5;Xbox,,No,2010,Strategy;RTS,No,https://example.com/games/brawl-stars-game-of-the-year-edition
Tales from the Borderlands Complete Edition,PC;PS4;Xbox;Switch,4,No,2001,Survival;Sandbox,No,https://example.com/games/tales-from-the-borderlands-complete-edition
Bulletstorm Anniversary Edition,PS5;Xbox,4,No,2025,Racing,No,https://example.com/games/bulletstorm-anniversary-edition
Cloudpunk Premium Edition,PC;PS4;Xbox,,No,2016,Shooter;Action,No,https://example.com/games/cloudpunk-premium-edition
Chrono Cross Limited Edition,PC;PS4;Xbox;Switch,6,Yes,2001,MOBA;Strategy,No,https://example.com/games/chrono-cross-limited-edition
Her Story Complete Edition,PC;PS5;Xbox;Switch,,Yes,2001,Puzzle;Adventure,No,https://example.com/games/her-story-complete-edition
Necromunda Omega Edition 3,PC;PS5;Xbox,4,Yes,2015,Casual;Party,No,https://example.com/games/necromunda-omega-edition-3
Warhammer 40K Chaos Gate Legendary Edition,PC;PS4;Xbox;Switch,4,No,2011,Shooter;RPG,No,https://example.com/games/warhammer-40k-chaos-gate-legendary-edition
Genshin Impact Special Edition,Xbox,4,Yes,2014,Sandbox,No,https://example.com/games/genshin-impact-special-edition
Remnant Omega Edition,PC;PS5;Xbox,,Yes,2020,Party;Action,No,https://example.com/games/remnant-omega-edition
Granblue Fantasy Legendary Edition,PC;PS5;Xbox;Switch,,No,2021,Strategy;Turn-Based,Yes,https://example.com/games/granblue-fantasy-legendary-edition
Gran Turismo Standard Edition,PC;PS4;Xbox,4,Yes,2022,MOBA;Strategy,No,https://example.com/games/gran-turismo-standard-edition
Persona 5 Strikers Enhanced Edition,PC,,Yes,2011,Grand Strategy;Strategy,No,https://example.com/games/persona-5-strikers-enhanced-edition
Empire Four Kingdoms Beta Edition,PC;PS5,4,No,2011,Grand Strategy;Strategy,No,https://example.com/games/empire-four-kingdoms-beta-edition
Prey Omega Edition 3,PC;Xbox,2,No,2010,Simulation,No,https://example.com/games/prey-omega-edition-3
Grand Theft Auto Physical Edition,PC,,No,2009,Action;Platformer,No,https://example.com/games/grand-theft-auto-physical-edition
Gundam Seed Battle Assault 9 5,PS5;Xbox,4,No,2023,4X;Strategy,No,https://example.com/games/gundam-seed-battle-assault-9-5
Wasteland Premium Edition,PC;PS4;Xbox,,Yes,2012,Puzzle;Adventure,No,https://example.com/games/wasteland-premium-edition
Sudden Strike Standard Edition,PC;PS5;Xbox;Switch,4,Yes,2011,Strategy;Turn-Based,Yes,https://example.com/games/sudden-strike-standard-edition
Pioneer Complete Edition,PC;PS5,2,No,2003,Action;Platformer,No,https://example.com/games/pioneer-complete-edition
Deep Rock Galactic Ultimate Edition,PC;PS4;Xbox;Switch,3,Yes,2006,4X;Strategy,No,https://example.com/games/deep-rock-galactic-ultimate-edition
Inside Enhanced Edition,PC;PS5,Many,No,2007,Battle Royale;Shooter,No,https://example.com/games/inside-enhanced-edition
Overwatch Digital Edition,PS5;Xbox,Many,No,2012,4X;Strategy,No,https://example.com/games/overwatch-digital-edition
Overwatch Omega Edition 2,PC;PS4;Xbox;Switch,,Yes,2019,4X;Strategy,No,https://example.com/games/overwatch-omega-edition-2
Zombie Master 3,PC;PS4;Xbox;Switch,4,No,2008,Action;Platformer,No,https://example.com/games/zombie-master-3
No More Room in Hell Omega Edition 3,PC,,Yes,2008,Battle Royale;Shooter,No,https://example.com/games/no-more-room-in-hell-omega-edition-3
Tools Up 2,PC;PS5;Xbox,,No,2014,Casual;Party,No,https://example.com/games/tools-up-2
Dirt 4,PC;PS4;Xbox,,Yes,2000,Party;Action,No,https://example.com/games/dirt-4
Mini Motorways Anniversary Edition,Xbox,4,No,2002,Strategy;Turn-Based,No,https://example.com/games/mini-motorways-anniversary-edition
Redneck Rampage Final Edition,PC;PS5;Xbox,3,Yes,2000,Strategy;Turn-Based,No,https://example.com/games/redneck-rampage-final-edition
Chrono Cross Beta Edition,PC;PS5;Xbox;Switch,8,No,2001,Battle Royale;Shooter,No,https://example.com/games/chrono-cross-beta-edition
Odin Sphere First Edition,PC;PS5;Xbox;Switch,8,No,2022,Shooter;RPG,No,https://example.com/games/odin-sphere-first-edition
Painkiller Game of the Year Edition,PC;Xbox,8,No,2023,Simulation,Yes,https://example.com/games/painkiller-game-of-the-year-edition
Genshin Impact Omega Edition 2,PC;PS5;Xbox,,No,2022,Grand Strategy;Strategy,No,https://example.com/games/genshin-impact-omega-edition-2
Enlisted Premium Edition,PS5;Xbox,6,No,2017,Racing,No,https://example.com/games/enlisted-premium-edition
Hold Your Own First Edition,PC;PS5;Xbox;Switch,,No,2014,Racing,No,https://example.com/games/hold-your-own-first-edition
Crusader Kings Omega Edition 2,PC;PS4;Xbox,2,No,2022,Sandbox,No,https://example.com/games/crusader-kings-omega-edition-2
NBA 2K Remake,PC;PS5;Xbox,,Yes,2011,Shooter;Action,No,https://example.com/games/nba-2k-remake
Bread and Fred Last Edition,PC;Xbox,2,No,2013,4X;Strategy,No,https://example.com/games/bread-and-fred-last-edition
Evolve Definitive Edition,PC;PS4;Xbox,2,No,2010,Simulation;Sandbox,Yes,https://example.com/games/evolve-definitive-edition
Radical Dreamers Collector's Edition,PC;PS4;Xbox;Switch,6,No,2026,Puzzle;Adventure,No,https://example.com/games/radical-dreamers-collector-s-edition
Cities Skylines Digital Edition,PC;PS5;Xbox;Switch,4,No,2008,Shooter;RPG,No,https://example.com/games/cities-skylines-digital-edition
Gundam Seed Battle Assault 9 Remastered,PS5;Xbox,,Yes,2021,Shooter;Action,No,https://example.com/games/gundam-seed-battle-assault-9-remastered
Monster Train Premium Edition,PC;PS5,4,Yes,2010,Survival;Sandbox,No,https://example.com/games/monster-train-premium-edition
Ultimate Chicken Horse 2,PS5;Xbox,,Yes,2026,4X;Strategy,No,https://example.com/games/ultimate-chicken-horse-2
Cult of the Lamb Physical Edition,PC;Xbox,4,No,2009,Survival;Horror,No,https://example.com/games/cult-of-the-lamb-physical-edition
Atlas Limited Edition,PC;PS4;Xbox,2,Yes,2006,4X;Strategy,Yes,https://example.com/games/atlas-limited-edition
Gundam Battle Operation Special Edition,PC;PS5;Xbox,6,No,2022,Survival;Sandbox,No,https://example.com/games/gundam-battle-operation-special-edition
Curse of the Dead Gods Premium Edition,PC;PS4;Xbox;Switch,3,Yes,2004,Strategy;RTS,No,https://example.com/games/curse-of-the-dead-gods-premium-edition
City Island Final Edition,PC;PS5,,Yes,2004,RPG;Action,No,https://example.com/games/city-island-final-edition
Cult of the Lamb,PC;PS4;Xbox;Switch,4,Yes,2020,Action;Adventure,No,https://example.com/games/cult-of-the-lamb
Flower Enhanced Edition,PC;PS5;Xbox;Switch,,Yes,2024,Simulation,No,https://example.com/games/flower-enhanced-edition
Front Mission Alternative Definitive Edition,PC;PS5;Xbox;Switch,4,No,2004,Shooter;RPG,Yes,https://example.com/games/front-mission-alternative-definitive-edition
Call of Duty Standard Edition,PC;PS5;Xbox;Switch,4,No,2004,MOBA;Strategy,No,https://example.com/games/call-of-duty-standard-edition
Evolve,PC;PS5,,No,2013,4X;Strategy,Yes,https://example.com/games/evolve
Warframe 2,PC;PS5,,No,2000,Survival;Horror,No,https://example.com/games/warframe-2
Gundam Seed Battle Chronicle Omega Edition 4,PC;PS5;Xbox;Switch,8,No,2011,Sports,No,https://example.com/games/gundam-seed-battle-chronicle-omega-edition-4
Sky Children of the Light Deluxe Edition,PC;Switch,,No,2013,Casual;Party,No,https://example.com/games/sky-children-of-the-light-deluxe-edition
Smalland 5,PC;PS4;Xbox,6,Yes,2019,Shooter;RPG,No,https://example.com/games/smalland-5
Team Fortress Alpha Edition,PC;PS4;Xbox;Switch,,No,2010,Strategy;Turn-Based,No,https://example.com/games/team-fortress-alpha-edition
Sins of a Solar Empire Omega Edition 4,Xbox,4,Yes,2009,Shooter;RPG,No,https://example.com/games/sins-of-a-solar-empire-omega-edition-4
Sam and Max Standard Edition,PC;PS4;Xbox,Many,No,2011,Sports,No,https://example.com/games/sam-and-max-standard-edition
Crosscode Omega Edition 2,PC;PS5,,Yes,2015,Action;Platformer,No,https://example.com/games/crosscode-omega-edition-2
Bulletstorm Omega Edition 4,PC,8,Yes,2013,Simulation;Sandbox,No,https://example.com/games/bulletstorm-omega-edition-4
Before We Leave Omega Edition 3,PC;PS5,6,No,2002,Simulation;Sandbox,No,https://example.com/games/before-we-leave-omega-edition-3
Total Warhammer 5,PC;PS5;Xbox,,No,2024,Survival;Sandbox,No,https://example.com/games/total-warhammer-5
Hexen Enhanced Edition,PC;PS5,,No,2003,4X;Strategy,Yes,https://example.com/games/hexen-enhanced-edition
Layers of Fear Remake,PC;PS4;Xbox;Switch,,Yes,2010,Survival;Horror,No,https://example.com/games/layers-of-fear-remake
Legends of Runeterra Special Edition,PC;PS5;Xbox,4,No,2013,Battle Royale;Shooter,No,https://example.com/games/legends-of-runeterra-special-edition
Madden NFL Digital Edition,PC,8,Yes,2002,Strategy;Turn-Based,No,https://example.com/games/madden-nfl-digital-edition
Reckless Racing 4,PC;PS5;Xbox,2,No,2022,RPG;Action,No,https://example.com/games/reckless-racing-4
Empire Earth Complete Edition,PC;Switch,4,Yes,2025,Sandbox,No,https://example.com/games/empire-earth-complete-edition
Factorio Omega Edition 4,PC,4,No,2004,4X;Strategy,No,https://example.com/games/factorio-omega-edition-4
Pokemon Unite 5,PC;Switch,,No,2020,Survival;Horror,No,https://example.com/games/pokemon-unite-5
Chrono Cross Remake,PC;PS4;Xbox;Switch,4,Yes,2007,Tactical;Shooter,No,https://example.com/games/chrono-cross-remake
Gang Beasts 3,PC;PS5;Xbox,,Yes,2010,4X;Strategy,Yes,https://example.com/games/gang-beasts-3
Scarlet Nexus Standard Edition,Xbox,,No,2006,Party;Action,No,https://example.com/games/scarlet-nexus-standard-edition
Daemon X Machina Digital Edition,PC;Switch,,No,2017,Sports,No,https://example.com/games/daemon-x-machina-digital-edition
Call of Duty Enhanced Edition,PC;PS5;Xbox;Switch,4,No,2001,Tactical;Shooter,No,https://example.com/games/call-of-duty-enhanced-edition
Lost Ark Omega Edition,PC;PS5;Xbox,4,No,2023,Casual;Party,No,https://example.com/games/lost-ark-omega-edition
Dark Souls Definitive Edition,PC;PS4;Xbox;Switch,,No,2021,Party;Action,No,https://example.com/games/dark-souls-definitive-edition
GTA Omega Edition,PC;Xbox,,Yes,2010,Action;Adventure,No,https://example.com/games/gta-omega-edition
The Elder Scrolls Limited Edition,Xbox,,Yes,2008,Tactical;Shooter,Yes,https://example.com/games/the-elder-scrolls-limited-edition
Girls Frontline Omega Edition 3,PC;PS5;Xbox;Switch,6,Yes,2015,Sandbox,Yes,https://example.com/games/girls-frontline-omega-edition-3
Empire Four Kingdoms Omega Edition 4,PC;PS4;Xbox,8,No,2025,Shooter;RPG,No,https://example.com/games/empire-four-kingdoms-omega-edition-4
Twisted Metal First Edition,Xbox,4,Yes,2025,4X;Strategy,No,https://example.com/games/twisted-metal-first-edition
Enemy Territory Remastered,PC;PS5;Xbox,,Yes,2000,Action;Platformer,No,https://example.com/games/enemy-territory-remastered
SaGa Omega Edition,PC;PS5,2,Yes,2001,Puzzle;Adventure,No,https://example.com/games/saga-omega-edition
Cult of the Lamb 2,Xbox,6,Yes,2011,RPG;Action,No,https://example.com/games/cult-of-the-lamb-2
Warcraft 3,PC;PS5;Xbox;Switch,,No,2013,RPG;Action,No,https://example.com/games/warcraft-3
State of Survival Complete Edition,PC;PS4;Xbox,,No,2020,Survival;Horror,Yes,https://example.com/games/state-of-survival-complete-edition
Destiny 4,PC;PS4;Xbox;Switch,4,No,2001,Shooter;Action,No,https://example.com/games/destiny-4
Dark Souls Legendary Edition,PC;PS4;Xbox;Switch,4,No,2016,Tactical;Shooter,No,https://example.com/games/dark-souls-legendary-edition
Bleach Omega Edition,Xbox,,Yes,2012,Action;Adventure,No,https://example.com/games/bleach-omega-edition
Blue Archive Collector's Edition,PC;PS4;Xbox;Switch,,Yes,2009,Shooter;RPG,Yes,https://example.com/games/blue-archive-collector-s-edition
Devil Summoner Deluxe Edition,PS5;Xbox,4,Yes,2012,Shooter;RPG,Yes,https://example.com/games/devil-summoner-deluxe-edition
Destruction Derby Beta Edition,PC,6,No,2013,Strategy;RTS,No,https://example.com/games/destruction-derby-beta-edition
Invisible Inc Omega Edition 4,PC,,No,2012,RPG;Action,Yes,https://example.com/games/invisible-inc-omega-edition-4
Until Dawn Omega Edition 4,PC;PS5;Xbox,Many,No,2019,MOBA;Strategy,No,https://example.com/games/until-dawn-omega-edition-4
World of Tanks Collector's Edition,PC;PS5;Xbox,,No,2001,Grand Strategy;Strategy,Yes,https://example.com/games/world-of-tanks-collector-s-edition
Steins Gate Special Edition,Xbox,Many,No,2011,Shooter;RPG,No,https://example.com/games/steins-gate-special-edition
Ori Final Edition,PC;Switch,,Yes,2019,Simulation,No,https://example.com/games/ori-final-edition
Synergy Anniversary Edition,PC;Xbox,,Yes,2011,Party;Action,No,https://example.com/games/synergy-anniversary-edition
Naruto Omega Edition 2,PS5;Xbox,,Yes,2003,RPG;Action,No,https://example.com/games/naruto-omega-edition-2
Tunic First Edition,PC;PS4;Xbox,8,Yes,2001,Survival;Sandbox,Yes,https://example.com/games/tunic-first-edition
Chorus Enhanced Edition,PC,4,No,2021,Battle Royale;Shooter,No,https://example.com/games/chorus-enhanced-edition
Townscaper Ultimate Edition,PC;PS4;Xbox;Switch,2,No,2007,MOBA;Strategy,No,https://example.com/games/townscaper-ultimate-edition
Cities Skylines Standard Edition,PS5;Xbox,3,No,2007,Shooter;RPG,No,https://example.com/games/cities-skylines-standard-edition
Mini Metro 4,PC;PS4;Xbox;Switch,,Yes,2024,Casual;Party,No,https://example.com/games/mini-metro-4
Frontlines Omega Edition 2,PC;Switch,4,Yes,2025,Simulation,No,https://example.com/games/frontlines-omega-edition-2
Pokemon Unite Legendary Edition,PC,,No,2025,Shooter;RPG,No,https://example.com/games/pokemon-unite-legendary-edition
Ronduine First Edition,PC;PS4;Xbox;Switch,6,No,2003,Strategy;RTS,No,https://example.com/games/ronduine-first-edition
Live a Live Limited Edition,PC;PS4;Xbox,8,Yes,2001,Survival;Sandbox,No,https://example.com/games/live-a-live-limited-edition
Throne and Liberty Collector's Edition,PC;PS5;Xbox;Switch,4,Yes,2023,Survival;Sandbox,Yes,https://example.com/games/throne-and-liberty-collector-s-edition
Hay Day Omega Edition,PC;PS5,6,No,2023,Simulation,No,https://example.com/games/hay-day-omega-edition
Tell Me Why Alpha Edition,PC,Many,Yes,2005,Simulation;Sandbox,No,https://example.com/games/tell-me-why-alpha-edition
Xenosaga Anniversary Edition,PC;PS5,6,Yes,2006,Survival;Sandbox,No,https://example.com/games/xenosaga-anniversary-edition
Konosuba Omega Edition 5,PC;PS5,6,Yes,2008,Racing,No,https://example.com/games/konosuba-omega-edition-5
Spintires Game of the Year Edition,Xbox,4,No,2022,MOBA;Strategy,No,https://example.com/games/spintires-game-of-the-year-edition
Night Call 2,PC;PS5,,No,2000,Action;Platformer,Yes,https://example.com/games/night-call-2
Left 4 Dead 3,PC;Xbox,,No,2023,Simulation;Sandbox,No,https://example.com/games/left-4-dead-3
Naruto Enhanced Edition,PC;PS4;Xbox;Switch,,No,2000,RPG;Action,No,https://example.com/games/naruto-enhanced-edition
Sam and Max Omega Edition,PC;Switch,,Yes,2010,Strategy;Turn-Based,No,https://example.com/games/sam-and-max-omega-edition
The Last of Us Collector's Edition,PC,8,Yes,2012,Action;Platformer,No,https://example.com/games/the-last-of-us-collector-s-edition
Age of Wonders Complete Edition,PC,4,No,2000,Puzzle;Adventure,No,https://example.com/games/age-of-wonders-complete-edition
SD Gundam Anniversary Edition,PC;PS5;Xbox;Switch,3,No,2013,Shooter;RPG,Yes,https://example.com/games/sd-gundam-anniversary-edition
VA 11 HALLA Beta Edition,PC;PS5;Xbox;Switch,,No,2005,Strategy;RTS,Yes,https://example.com/games/va-11-halla-beta-edition
Post Scriptum Omega Edition 3,PC;PS5;Xbox;Switch,,Yes,2009,Strategy;Turn-Based,No,https://example.com/games/post-scriptum-omega-edition-3
Dirt Standard Edition,PC,2,No,2006,Strategy;Turn-Based,No,https://example.com/games/dirt-standard-edition
NBA 2K,PC;Switch,2,No,2015,Sandbox,No,https://example.com/games/nba-2k
Mordheim Premium Edition,PC;PS5,4,Yes,2017,4X;Strategy,No,https://example.com/games/mordheim-premium-edition
Zone of the Enders Anniversary Edition,PC;PS5;Xbox,,No,2017,RPG;Action,No,https://example.com/games/zone-of-the-enders-anniversary-edition
Mordheim Alpha Edition,PC,4,No,2014,Racing,No,https://example.com/games/mordheim-alpha-edition
Synergy Omega Edition 5,PC,,Yes,2017,4X;Strategy,Yes,https://example.com/games/synergy-omega-edition-5
Palworld Special Edition,PS5;Xbox,,No,2023,Survival;Horror,No,https://example.com/games/palworld-special-edition
Company of Heroes Omega Edition 5,PS5;Xbox,6,Yes,2022,Simulation,No,https://example.com/games/company-of-heroes-omega-edition-5
Tell Me Why Omega Edition 3,PC;Switch,6,No,2018,Sports,No,https://example.com/games/tell-me-why-omega-edition-3
Unravel Deluxe Edition,Xbox,,Yes,2005,Party;Action,No,https://example.com/games/unravel-deluxe-edition
Minecraft Deluxe Edition,PC;Xbox,,No,2001,Party;Action,No,https://example.com/games/minecraft-deluxe-edition
Dishonored Remastered,PC;PS5,,No,2021,Simulation;Sandbox,No,https://example.com/games/dishonored-remastered
StarCraft Legendary Edition,PC;PS5,4,No,2017,Simulation,No,https://example.com/games/starcraft-legendary-edition
Front Mission 3 Collector's Edition,PC;PS5,Many,No,2014,Survival;Sandbox,Yes,https://example.com/games/front-mission-3-collector-s-edition
Gloomhaven Game of the Year Edition,PC;Xbox,,Yes,2017,Action;Platformer,No,https://example.com/games/gloomhaven-game-of-the-year-edition
Throne and Liberty Omega Edition 5,PS5;Xbox,3,No,2009,Shooter;Action,Yes,https://example.com/games/throne-and-liberty-omega-edition-5
Necromunda 5,PS5;Xbox,Many,No,2019,Casual;Party,No,https://example.com/games/necromunda-5
Cities Omega Edition 2,PC;PS5;Xbox;Switch,8,No,2001,Survival;Horror,No,https://example.com/games/cities-omega-edition-2
Total War Collector's Edition,PC;PS4;Xbox,6,No,2003,Simulation,No,https://example.com/games/total-war-collector-s-edition
Fast RMX 4,PC,3,Yes,2014,Tactical;Shooter,No,https://example.com/games/fast-rmx-4
Gundam Battle Final Edition,PC;PS4;Xbox;Switch,,Yes,2024,Simulation,No,https://example.com/games/gundam-battle-final-edition
Final Fantasy XIV Digital Edition,PC;PS4;Xbox,4,Yes,2025,Strategy;RTS,No,https://example.com/games/final-fantasy-xiv-digital-edition
Spyro Collector's Edition,PC;Xbox,Many,No,2008,Shooter;RPG,No,https://example.com/games/spyro-collector-s-edition
Starsector Omega Edition 4,PC,,No,2002,MOBA;Strategy,No,https://example.com/games/starsector-omega-edition-4
Grand Theft Auto Alpha Edition,PC;PS4;Xbox,4,No,2012,Battle Royale;Shooter,No,https://example.com/games/grand-theft-auto-alpha-edition
Chain Chronicle Collector's Edition,PC;Xbox,,Yes,2018,Grand Strategy;Strategy,No,https://example.com/games/chain-chronicle-collector-s-edition
Minecraft Digital Edition,PC,,No,2002,Party;Action,No,https://example.com/games/minecraft-digital-edition
Planetary Annihilation Alpha Edition,PC;PS4;Xbox,3,No,2010,Tactical;Shooter,No,https://example.com/games/planetary-annihilation-alpha-edition
Stranded Deep Remake,PC;Switch,4,No,2023,Shooter;Action,No,https://example.com/games/stranded-deep-remake
Fallout Remastered,PS5;Xbox,8,No,2024,Sports,No,https://example.com/games/fallout-remastered
Cuphead Deluxe Edition,PC;PS5;Xbox;Switch,4,No,2003,Shooter;Action,No,https://example.com/games/cuphead-deluxe-edition
Trine Omega Edition 3,PC;Switch,Many,No,2015,Puzzle;Adventure,No,https://example.com/games/trine-omega-edition-3
Layers of Fear Standard Edition,PS5;Xbox,2,No,2001,4X;Strategy,No,https://example.com/games/layers-of-fear-standard-edition
H1Z1 5,PC;Xbox,2,No,2020,Tactical;Shooter,No,https://example.com/games/h1z1-5
Galactic Civilizations 5,PS5;Xbox,2,Yes,2003,Sandbox,No,https://example.com/games/galactic-civilizations-5
Offworld Trading Company Standard Edition,PC,Many,No,2022,Battle Royale;Shooter,No,https://example.com/games/offworld-trading-company-standard-edition
Fallout Last Edition,PS5;Xbox,,No,2011,Sandbox,Yes,https://example.com/games/fallout-last-edition
Hollow Knight Standard Edition,PC;PS4;Xbox;Switch,Many,Yes,2026,Shooter;RPG,No,https://example.com/games/hollow-knight-standard-edition
Left 4 Dead Complete Edition,PC;PS5;Xbox,,Yes,2010,Shooter;RPG,No,https://example.com/games/left-4-dead-complete-edition
Miscreated Standard Edition,PC;Xbox,,No,2003,4X;Strategy,No,https://example.com/games/miscreated-standard-edition
Rogue Legacy Ultimate Edition,Xbox,6,Yes,2021,Survival;Horror,No,https://example.com/games/rogue-legacy-ultimate-edition
Astral Chain Complete Edition,PS5;Xbox,,Yes,2025,Sandbox,No,https://example.com/games/astral-chain-complete-edition
Gundam Versus Legendary Edition,PC;PS5;Xbox;Switch,,No,2009,MOBA;Strategy,No,https://example.com/games/gundam-versus-legendary-edition
Satisfactory Enhanced Edition,PC;PS5,,Yes,2020,Simulation;Sandbox,Yes,https://example.com/games/satisfactory-enhanced-edition
Banner Saga Omega Edition 2,PC;PS5;Xbox;Switch,4,No,2011,Grand Strategy;Strategy,Yes,https://example.com/games/banner-saga-omega-edition-2
Gundam Seed Battle Assault Omega Edition,PC;PS4;Xbox,,Yes,2004,4X;Strategy,No,https://example.com/games/gundam-seed-battle-assault-omega-edition
Friday the 13th 5,PC,3,Yes,2000,Puzzle;Adventure,No,https://example.com/games/friday-the-13th-5
Hill Climb Racing Physical Edition,PC;PS5,,No,2002,Casual;Party,No,https://example.com/games/hill-climb-racing-physical-edition
Mindustry 5,PC;PS5;Xbox;Switch,4,No,2024,Action;Platformer,Yes,https://example.com/games/mindustry-5
Amnesia Last Edition,PC;Switch,,Yes,2002,Sports,No,https://example.com/games/amnesia-last-edition
Cities Skylines Remake,PC;PS5,3,No,2008,Simulation;Sandbox,No,https://example.com/games/cities-skylines-remake
XCOM Collector's Edition,Xbox,4,Yes,2024,Survival;Horror,No,https://example.com/games/xcom-collector-s-edition
Warhammer 40K Mechanicus Beta Edition,PC;PS5,,No,2006,Sports,No,https://example.com/games/warhammer-40k-mechanicus-beta-edition
Rime Omega Edition 4,PC;PS4;Xbox;Switch,4,Yes,2026,Tactical;Shooter,No,https://example.com/games/rime-omega-edition-4
Castlevania Anniversary Edition,PC;PS5;Xbox,8,No,2005,Simulation,No,https://example.com/games/castlevania-anniversary-edition
NBA 2K Beta Edition,PS5;Xbox,2,Yes,2024,Puzzle;Adventure,No,https://example.com/games/nba-2k-beta-edition
Resident Evil Enhanced Edition,PC,3,No,2007,Action;Platformer,No,https://example.com/games/resident-evil-enhanced-edition
Silent Hill 4,PC;PS5;Xbox;Switch,4,No,2016,Puzzle;Adventure,No,https://example.com/games/silent-hill-4
Unrailed Last Edition,PC;PS5;Xbox,,Yes,2000,RPG;Action,No,https://example.com/games/unrailed-last-edition
Offworld Trading Company,PC;PS4;Xbox;Switch,,No,2017,Strategy;RTS,No,https://example.com/games/offworld-trading-company
Tales of Destiny Digital Edition,PS5;Xbox,4,No,2020,Puzzle;Adventure,Yes,https://example.com/games/tales-of-destiny-digital-edition
Chain Chronicle Omega Edition 2,PS5;Xbox,4,No,2016,Strategy;Turn-Based,No,https://example.com/games/chain-chronicle-omega-edition-2
World in Conflict Complete Edition,PS5;Xbox,4,No,2007,Shooter;RPG,No,https://example.com/games/world-in-conflict-complete-edition
Apex Legends 2,PC;PS4;Xbox,,No,2003,MOBA;Strategy,No,https://example.com/games/apex-legends-2
Ninja Gaiden Omega Edition 2,PC,4,No,2009,Tactical;Shooter,Yes,https://example.com/games/ninja-gaiden-omega-edition-2
Observer Final Edition,PC;PS4;Xbox,6,No,2003,Survival;Horror,No,https://example.com/games/observer-final-edition
Endless Space Final Edition,PC;PS4;Xbox;Switch,4,No,2022,Puzzle;Adventure,No,https://example.com/games/endless-space-final-edition
Just Cause Definitive Edition,PS5;Xbox,,Yes,2010,RPG;Action,No,https://example.com/games/just-cause-definitive-edition
Wuthering Waves Standard Edition,PC;PS4;Xbox,4,No,2016,Simulation;Sandbox,No,https://example.com/games/wuthering-waves-standard-edition
Warhammer 40K Inquisitor Last Edition,Xbox,,Yes,2006,Tactical;Shooter,No,https://example.com/games/warhammer-40k-inquisitor-last-edition
Insurgency Co-op 3,PC;PS5;Xbox,,No,2023,Strategy;RTS,No,https://example.com/games/insurgency-co-op-3
Enlisted Final Edition,PC;PS5;Xbox,,Yes,2001,Shooter;RPG,No,https://example.com/games/enlisted-final-edition
Mechwarrior Anniversary Edition,PC;PS5,,Yes,2001,Shooter;RPG,No,https://example.com/games/mechwarrior-anniversary-edition
Scalebound Last Edition,PC;PS5;Xbox;Switch,4,No,2006,Casual;Party,No,https://example.com/games/scalebound-last-edition
Hearthstone Alpha Edition,PC;Switch,,Yes,2011,Action;Platformer,No,https://example.com/games/hearthstone-alpha-edition
Endzone Omega Edition 4,PC;Xbox,,Yes,2020,Simulation;Sandbox,No,https://example.com/games/endzone-omega-edition-4
Chrono Trigger Omega Edition 2,Xbox,2,Yes,2019,Strategy;Turn-Based,Yes,https://example.com/games/chrono-trigger-omega-edition-2
Observer Alpha Edition,PS5;Xbox,,Yes,2020,Action;Platformer,No,https://example.com/games/observer-alpha-edition
Total War Physical Edition,PC;Switch,4,No,2011,RPG;Action,No,https://example.com/games/total-war-physical-edition
Gundam Extreme Vs Legendary Edition,PC;PS4;Xbox,8,No,2001,Survival;Sandbox,No,https://example.com/games/gundam-extreme-vs-legendary-edition
Red Orchestra Game of the Year Edition,Xbox,8,No,2003,Battle Royale;Shooter,Yes,https://example.com/games/red-orchestra-game-of-the-year-edition
Fez 3,Xbox,4,No,2013,RPG;Action,Yes,https://example.com/games/fez-3
Warhammer 40K Enhanced Edition,PC;PS5,,Yes,2014,Shooter;Action,No,https://example.com/games/warhammer-40k-enhanced-edition
Dirty Bomb Omega Edition 4,PC;Switch,4,No,2016,Strategy;RTS,No,https://example.com/games/dirty-bomb-omega-edition-4
Team Fortress Omega Edition 4,PS5;Xbox,3,Yes,2023,Racing,No,https://example.com/games/team-fortress-omega-edition-4
Gundam Seed Battle Assault 8 Remake,PC;Xbox,,Yes,2017,Survival;Horror,No,https://example.com/games/gundam-seed-battle-assault-8-remake
SaGa 5,Xbox,,Yes,2005,Survival;Sandbox,No,https://example.com/games/saga-5
Frostpunk Digital Edition,Xbox,,No,2007,Strategy;Turn-Based,No,https://example.com/games/frostpunk-digital-edition
Age of Empires Game of the Year Edition,PC;Switch,8,Yes,2005,RPG;Action,No,https://example.com/games/age-of-empires-game-of-the-year-edition
The Forest First Edition,PC;Xbox,4,No,2005,Survival;Horror,No,https://example.com/games/the-forest-first-edition
Dishonored 3,PC;PS4;Xbox;Switch,4,No,2002,Grand Strategy;Strategy,No,https://example.com/games/dishonored-3
Dirty Bomb Physical Edition,PC;PS5;Xbox,4,No,2019,Sports,No,https://example.com/games/dirty-bomb-physical-edition
Risk of Rain 2 Physical Edition,PC;PS5,3,No,2011,Sandbox,No,https://example.com/games/risk-of-rain-2-physical-edition
Jujutsu Kaisen Special Edition,PC,,Yes,2017,Strategy;RTS,No,https://example.com/games/jujutsu-kaisen-special-edition
Starsector Last Edition,PC;PS4;Xbox,Many,No,2014,Casual;Party,No,https://example.com/games/starsector-last-edition
Warhammer 40K Inquisitor Final Edition,PS5;Xbox,,Yes,2021,Action;Platformer,Yes,https://example.com/games/warhammer-40k-inquisitor-final-edition
State of Decay Omega Edition 4,PC;PS4;Xbox,,Yes,2013,4X;Strategy,No,https://example.com/games/state-of-decay-omega-edition-4
Last Bible Definitive Edition,PC;PS5;Xbox,,No,2017,Simulation;Sandbox,No,https://example.com/games/last-bible-definitive-edition
Tiny Tina 4,PC;Switch,4,No,2021,Racing,No,https://example.com/games/tiny-tina-4
Tower of Fantasy First Edition,PC;PS5;Xbox,8,No,2007,4X;Strategy,No,https://example.com/games/tower-of-fantasy-first-edition
Minecraft Beta Edition,PC;PS5;Xbox,,Yes,2009,Puzzle;Adventure,Yes,https://example.com/games/minecraft-beta-edition
Minecraft Story Mode Definitive Edition,PC;PS4;Xbox;Switch,,No,2012,Sandbox,No,https://example.com/games/minecraft-story-mode-definitive-edition
Wasteland Final Edition,PC;PS4;Xbox,8,Yes,2020,Strategy;Turn-Based,No,https://example.com/games/wasteland-final-edition
Romancing SaGa 2,PC;PS5;Xbox;Switch,,No,2017,Shooter;Action,No,https://example.com/games/romancing-saga-2
Sins of a Solar Empire Digital Edition,PC;Xbox,,No,2024,Party;Action,No,https://example.com/games/sins-of-a-solar-empire-digital-edition
Total Warhammer Deluxe Edition,PC;PS5,,Yes,2021,Shooter;RPG,No,https://example.com/games/total-warhammer-deluxe-edition
Final Fantasy XIV Ultimate Edition,PC;PS5,4,No,2015,Grand Strategy;Strategy,No,https://example.com/games/final-fantasy-xiv-ultimate-edition
Gears of War Collector's Edition,PC;PS4;Xbox;Switch,8,Yes,2008,Strategy;RTS,Yes,https://example.com/games/gears-of-war-collector-s-edition
Spelunky Standard Edition,PC;PS5,6,No,2015,Party;Action,No,https://example.com/games/spelunky-standard-edition
Disco Elysium Omega Edition 5,PC;PS4;Xbox,6,Yes,2000,Action;Platformer,No,https://example.com/games/disco-elysium-omega-edition-5
Persona 5 Strikers,PC;Xbox,Many,No,2018,Party;Action,No,https://example.com/games/persona-5-strikers
Back 4 Blood,Xbox,4,No,2015,Puzzle;Adventure,No,https://example.com/games/back-4-blood
Log Horizon Collector's Edition,PC;PS4;Xbox,4,No,2022,Shooter;Action,No,https://example.com/games/log-horizon-collector-s-edition
Clash of Clans First Edition,Xbox,4,No,2013,Battle Royale;Shooter,No,https://example.com/games/clash-of-clans-first-edition
13 Sentinels 4,PC,,Yes,2003,Simulation,No,https://example.com/games/13-sentinels-4
Dragon Ball Z Dokkan Final Edition,PC;PS5;Xbox,4,Yes,2021,4X;Strategy,Yes,https://example.com/games/dragon-ball-z-dokkan-final-edition
Layers of Fear Alpha Edition,PC;PS5,4,No,2005,Simulation;Sandbox,No,https://example.com/games/layers-of-fear-alpha-edition
Shin Megami Tensei 2,PS5;Xbox,2,Yes,2022,Shooter;Action,No,https://example.com/games/shin-megami-tensei-2
Mini Metro Omega Edition 2,PC;PS4;Xbox;Switch,8,Yes,2002,Grand Strategy;Strategy,No,https://example.com/games/mini-metro-omega-edition-2
Ultimate Chicken Horse Omega Edition 2,PC;Switch,,Yes,2011,MOBA;Strategy,Yes,https://example.com/games/ultimate-chicken-horse-omega-edition-2
Tales of Phantasia Omega Edition 3,PC;Xbox,4,No,2015,Simulation,No,https://example.com/games/tales-of-phantasia-omega-edition-3
Wuthering Waves Remastered,PC,,No,2013,MOBA;Strategy,No,https://example.com/games/wuthering-waves-remastered
Steins Gate Beta Edition,PC;PS5,,Yes,2024,4X;Strategy,No,https://example.com/games/steins-gate-beta-edition
Necromunda Omega Edition 5,PC,,No,2014,Sandbox,No,https://example.com/games/necromunda-omega-edition-5
Stranded Deep 3,PC;Switch,6,No,2005,Action;Adventure,No,https://example.com/games/stranded-deep-3
Everspace 2 3,PC,4,Yes,2025,Action;Adventure,No,https://example.com/games/everspace-2-3
Grandia Beta Edition,PC;Switch,8,No,2021,Survival;Sandbox,No,https://example.com/games/grandia-beta-edition
Unravel Limited Edition,PC;PS5,,No,2006,Puzzle;Adventure,No,https://example.com/games/unravel-limited-edition
City Island Limited Edition,PC;PS5;Xbox,,Yes,2008,Strategy;Turn-Based,No,https://example.com/games/city-island-limited-edition
Warhammer 40K Inquisitor Remake,PC;PS4;Xbox,4,Yes,2025,Sandbox,No,https://example.com/games/warhammer-40k-inquisitor-remake
No More Room in Hell Omega Edition 2,PS5;Xbox,,No,2024,MOBA;Strategy,Yes,https://example.com/games/no-more-room-in-hell-omega-edition-2
Blitzkrieg Alpha Edition,PC,4,Yes,2005,Sandbox,No,https://example.com/games/blitzkrieg-alpha-edition
Game of Thrones Conquest Digital Edition,PC,Many,No,2000,Grand Strategy;Strategy,Yes,https://example.com/games/game-of-thrones-conquest-digital-edition
Zone of the Enders Ultimate Edition,PC;PS5,,No,2012,Grand Strategy;Strategy,No,https://example.com/games/zone-of-the-enders-ultimate-edition
Binary Domain Last Edition,PS5;Xbox,4,No,2004,Sports,No,https://example.com/games/binary-domain-last-edition
DayZ Physical Edition,PS5;Xbox,,No,2019,Sports,No,https://example.com/games/dayz-physical-edition
Rainbow Six Final Edition,PC;PS4;Xbox;Switch,,Yes,2022,RPG;Action,Yes,https://example.com/games/rainbow-six-final-edition
Operation Tango Standard Edition,PC;PS5,,No,2003,Battle Royale;Shooter,Yes,https://example.com/games/operation-tango-standard-edition
Enter the Gungeon Ultimate Edition,PC;PS5;Xbox,2,No,2014,RPG;Action,Yes,https://example.com/games/enter-the-gungeon-ultimate-edition
Deliver Us Moon Digital Edition,PC;PS4;Xbox;Switch,,Yes,2023,Survival;Sandbox,No,https://example.com/games/deliver-us-moon-digital-edition
Bulletstorm Standard Edition,PS5;Xbox,,No,2008,Sandbox,No,https://example.com/games/bulletstorm-standard-edition
Sword Art Online Enhanced Edition,PC;Xbox,2,Yes,2021,Shooter;Action,No,https://example.com/games/sword-art-online-enhanced-edition
Grandia 4,PS5;Xbox,,Yes,2025,Sandbox,No,https://example.com/games/grandia-4
Blue Protocol Digital Edition,PS5;Xbox,,Yes,2008,Puzzle;Adventure,Yes,https://example.com/games/blue-protocol-digital-edition
Grip Combat Racing Final Edition,PC;PS5,3,No,2024,Survival;Horror,Yes,https://example.com/games/grip-combat-racing-final-edition
Hollow Knight Final Edition,PC;Xbox,Many,Yes,2017,Strategy;Turn-Based,No,https://example.com/games/hollow-knight-final-edition
Chrono Trigger 5,PC;PS5;Xbox,,Yes,2009,Sports,Yes,https://example.com/games/chrono-trigger-5
Resident Evil Alpha Edition,PC;PS5;Xbox;Switch,,No,2021,Grand Strategy;Strategy,No,https://example.com/games/resident-evil-alpha-edition
Inscryption Last Edition,PC;PS4;Xbox;Switch,,No,2000,Strategy;Turn-Based,No,https://example.com/games/inscryption-last-edition
Trials Final Edition,PS5;Xbox,,Yes,2023,Strategy;Turn-Based,Yes,https://example.com/games/trials-final-edition
Battlezone 99 Omega Edition 2,PC;PS4;Xbox;Switch,8,No,2000,RPG;Action,No,https://example.com/games/battlezone-99-omega-edition-2
Northgard,PC;PS4;Xbox,,No,2023,Strategy;Turn-Based,No,https://example.com/games/northgard
Amnesia Standard Edition,Xbox,,No,2021,RPG;Action,No,https://example.com/games/amnesia-standard-edition
Satisfactory Omega Edition 5,PC;PS5;Xbox;Switch,Many,No,2005,Action;Adventure,No,https://example.com/games/satisfactory-omega-edition-5
No Man's Sky Definitive Edition,PC;Switch,6,No,2002,Survival;Sandbox,Yes,https://example.com/games/no-man-s-sky-definitive-edition
The Elder Scrolls 3,PC;Xbox,,No,2007,Simulation,No,https://example.com/games/the-elder-scrolls-3
Transport Fever 3,PC;PS4;Xbox,,Yes,2010,Racing,No,https://example.com/games/transport-fever-3
Overlord Digital Edition,PC;PS5,,Yes,2000,Sandbox,No,https://example.com/games/overlord-digital-edition
Don't Starve Alpha Edition,PC;Switch,,No,2001,Grand Strategy;Strategy,Yes,https://example.com/games/don-t-starve-alpha-edition
Battleborn First Edition,PS5;Xbox,Many,No,2012,Grand Strategy;Strategy,No,https://example.com/games/battleborn-first-edition
Log Horizon 2,PC;PS4;Xbox,4,No,2007,Survival;Horror,No,https://example.com/games/log-horizon-2
Baja 4,PC;Xbox,Many,No,2020,Sports,No,https://example.com/games/baja-4
Panel de Pon Remastered,PC;PS5;Xbox;Switch,,Yes,2019,Simulation,No,https://example.com/games/panel-de-pon-remastered
Persona Complete Edition,PC;PS5,,No,2020,Survival;Sandbox,No,https://example.com/games/persona-complete-edition
Tales of Berseria Deluxe Edition,Xbox,4,No,2015,Grand Strategy;Strategy,No,https://example.com/games/tales-of-berseria-deluxe-edition
Grounded Collector's Edition,PC,,No,2026,Puzzle;Adventure,No,https://example.com/games/grounded-collector-s-edition
Sonic Racing Definitive Edition,PC,8,No,2007,RPG;Action,No,https://example.com/games/sonic-racing-definitive-edition
Outlast 2,PC;PS4;Xbox,6,No,2016,Tactical;Shooter,No,https://example.com/games/outlast-2
Destruction Derby Ultimate Edition,Xbox,4,No,2011,Strategy;Turn-Based,No,https://example.com/games/destruction-derby-ultimate-edition
SimCity Game of the Year Edition,PC;PS4;Xbox,3,No,2014,Strategy;Turn-Based,No,https://example.com/games/simcity-game-of-the-year-edition
Miscreated Complete Edition,PC;PS5;Xbox;Switch,,Yes,2014,Puzzle;Adventure,No,https://example.com/games/miscreated-complete-edition
SimCity Limited Edition,PC;PS4;Xbox;Switch,,No,2012,Action;Adventure,No,https://example.com/games/simcity-limited-edition
Conan Exiles Last Edition,PC,,Yes,2025,RPG;Action,No,https://example.com/games/conan-exiles-last-edition
Curse of the Dead Gods Collector's Edition,PC;PS5;Xbox;Switch,6,No,2014,Sandbox,No,https://example.com/games/curse-of-the-dead-gods-collector-s-edition
Jak and Daxter 5,PS5;Xbox,,Yes,2022,Survival;Horror,No,https://example.com/games/jak-and-daxter-5
Tropico First Edition,PC;PS5;Xbox,,No,2017,Sports,No,https://example.com/games/tropico-first-edition
Baldur's Gate Definitive Edition,PC;PS4;Xbox,,No,2007,Action;Platformer,No,https://example.com/games/baldur-s-gate-definitive-edition
Two Point Campus Omega Edition 4,PC,4,No,2025,Battle Royale;Shooter,Yes,https://example.com/games/two-point-campus-omega-edition-4
Tales of Phantasia Anniversary Edition,PS5;Xbox,,No,2024,RPG;Action,No,https://example.com/games/tales-of-phantasia-anniversary-edition
Bread and Fred Omega Edition,PC;Xbox,8,No,2023,Action;Adventure,No,https://example.com/games/bread-and-fred-omega-edition
Squad Omega Edition 4,PC;Xbox,4,No,2007,MOBA;Strategy,No,https://example.com/games/squad-omega-edition-4
Hearts of Iron Anniversary Edition,PC,4,No,2014,RPG;Action,No,https://example.com/games/hearts-of-iron-anniversary-edition
Lost Ark Premium Edition,PC,Many,Yes,2019,Grand Strategy;Strategy,No,https://example.com/games/lost-ark-premium-edition
Tunic Physical Edition,PC,,Yes,2001,MOBA;Strategy,No,https://example.com/games/tunic-physical-edition
Shadowverse Beta Edition,PS5;Xbox,,Yes,2017,Simulation,Yes,https://example.com/games/shadowverse-beta-edition
Rise of Nations,PC;PS5;Xbox,4,Yes,2002,Simulation;Sandbox,No,https://example.com/games/rise-of-nations
Portal Last Edition,PS5;Xbox,2,Yes,2017,Shooter;Action,No,https://example.com/games/portal-last-edition
VA 11 HALLA Deluxe Edition,PC;Xbox,,Yes,2011,Tactical;Shooter,No,https://example.com/games/va-11-halla-deluxe-edition
Half-Life Definitive Edition,PC;PS4;Xbox;Switch,4,No,2015,Grand Strategy;Strategy,No,https://example.com/games/half-life-definitive-edition
Shield Hero Omega Edition 2,PC,4,No,2010,Sandbox,No,https://example.com/games/shield-hero-omega-edition-2
Gundam Battle Universe Omega Edition 4,PC;Xbox,Many,Yes,2000,RPG;Action,No,https://example.com/games/gundam-battle-universe-omega-edition-4
RimWorld,PC;PS4;Xbox;Switch,4,No,2004,4X;Strategy,Yes,https://example.com/games/rimworld
Grand Theft Auto 2,PC,,No,2004,Action;Platformer,No,https://example.com/games/grand-theft-auto-2
Conan Exiles Enhanced Edition,PC;PS4;Xbox,4,No,2000,MOBA;Strategy,No,https://example.com/games/conan-exiles-enhanced-edition
Mobile Legends Final Edition,PC;PS4;Xbox;Switch,8,Yes,2000,RPG;Action,No,https://example.com/games/mobile-legends-final-edition
Homeworld Deserts of Kharak 2,PC;PS4;Xbox;Switch,,Yes,2002,Strategy;RTS,No,https://example.com/games/homeworld-deserts-of-kharak-2
Tokyo Mirage Sessions Limited Edition,PC;PS4;Xbox,,Yes,2023,Party;Action,No,https://example.com/games/tokyo-mirage-sessions-limited-edition
Bleach Premium Edition,PC,,No,2019,Puzzle;Adventure,No,https://example.com/games/bleach-premium-edition
Anno Digital Edition,PC;PS5;Xbox;Switch,,No,2019,Shooter;RPG,Yes,https://example.com/games/anno-digital-edition
Dragon Ball Legends Omega Edition 4,Xbox,4,No,2001,Shooter;RPG,No,https://example.com/games/dragon-ball-legends-omega-edition-4
Tyranny Complete Edition,PC;PS5;Xbox,2,No,2014,Action;Adventure,No,https://example.com/games/tyranny-complete-edition
Titan Quest 5,PS5;Xbox,8,No,2001,Simulation,No,https://example.com/games/titan-quest-5
Smalland Alpha Edition,PS5;Xbox,8,No,2016,Survival;Sandbox,No,https://example.com/games/smalland-alpha-edition
World of Demons First Edition,PC;PS4;Xbox,4,No,2012,Strategy;RTS,No,https://example.com/games/world-of-demons-first-edition
Zombie Panic Omega Edition 4,PC;PS4;Xbox;Switch,,Yes,2004,Survival;Horror,No,https://example.com/games/zombie-panic-omega-edition-4
Sam and Max Anniversary Edition,PC;PS5;Xbox,Many,No,2020,Strategy;Turn-Based,No,https://example.com/games/sam-and-max-anniversary-edition
Green Hell Limited Edition,PC;PS5;Xbox,4,Yes,2008,Action;Adventure,Yes,https://example.com/games/green-hell-limited-edition
Warhammer 40K Inquisitor Game of the Year Edition,PC;Switch,2,Yes,2001,Survival;Sandbox,No,https://example.com/games/warhammer-40k-inquisitor-game-of-the-year-edition
Astral Chain Limited Edition,Xbox,2,No,2012,Tactical;Shooter,No,https://example.com/games/astral-chain-limited-edition
No Game No Life Last Edition,PC;Switch,,No,2009,Shooter;RPG,No,https://example.com/games/no-game-no-life-last-edition
Hearthstone Omega Edition 5,PC;PS5;Xbox,4,Yes,2022,RPG;Action,No,https://example.com/games/hearthstone-omega-edition-5
GTA Ultimate Edition,PC;PS4;Xbox,6,No,2016,Sports,No,https://example.com/games/gta-ultimate-edition
Pummel Party Alpha Edition,Xbox,,Yes,2014,Battle Royale;Shooter,No,https://example.com/games/pummel-party-alpha-edition
Radical Dreamers Legendary Edition,PC;PS5,4,No,2025,Simulation,Yes,https://example.com/games/radical-dreamers-legendary-edition
Synergy Omega Edition 3,PC;PS5;Xbox;Switch,4,Yes,2021,Shooter;RPG,No,https://example.com/games/synergy-omega-edition-3
Don't Starve Collector's Edition,PC;PS4;Xbox;Switch,3,Yes,2013,Simulation;Sandbox,Yes,https://example.com/games/don-t-starve-collector-s-edition
Unrailed Limited Edition,PC,2,No,2008,Survival;Horror,No,https://example.com/games/unrailed-limited-edition
Chainsaw Man Omega Edition 4,PC;PS5,,No,2011,Racing,No,https://example.com/games/chainsaw-man-omega-edition-4
Scalebound Omega Edition 2,Xbox,Many,No,2025,Simulation,No,https://example.com/games/scalebound-omega-edition-2
Risk of Rain 2 3,PC;Switch,3,Yes,2016,Shooter;RPG,No,https://example.com/games/risk-of-rain-2-3
Tales of Destiny Beta Edition,PC;PS5;Xbox;Switch,Many,No,2015,Simulation;Sandbox,No,https://example.com/games/tales-of-destiny-beta-edition
Tales of Arise First Edition,PS5;Xbox,4,No,2014,Racing,Yes,https://example.com/games/tales-of-arise-first-edition
Beach Buggy Racing Omega Edition 2,PC;PS5;Xbox,,No,2007,RPG;Action,Yes,https://example.com/games/beach-buggy-racing-omega-edition-2
Township Alpha Edition,PC;PS4;Xbox,,Yes,2001,Simulation;Sandbox,No,https://example.com/games/township-alpha-edition
Redout Last Edition,PC;PS5;Xbox,4,No,2021,Action;Adventure,No,https://example.com/games/redout-last-edition
Surviosis Game of the Year Edition,PC;PS4;Xbox;Switch,,No,2021,Sports,No,https://example.com/games/surviosis-game-of-the-year-edition
Deliver Us Moon Special Edition,PC,4,No,2009,Sandbox,Yes,https://example.com/games/deliver-us-moon-special-edition
GTA Complete Edition,PC;PS4;Xbox,2,No,2023,Action;Adventure,No,https://example.com/games/gta-complete-edition
Battlezone 99 2,PC;Switch,4,Yes,2012,Party;Action,No,https://example.com/games/battlezone-99-2
Battlefield Last Edition,PC;PS4;Xbox;Switch,2,No,2000,Shooter;Action,No,https://example.com/games/battlefield-last-edition
Kingdoms of Amalur Premium Edition,PC;PS5,,No,2024,Puzzle;Adventure,No,https://example.com/games/kingdoms-of-amalur-premium-edition
Black Clover First Edition,PC;PS5;Xbox,Many,No,2012,RPG;Action,Yes,https://example.com/games/black-clover-first-edition
Lunar Limited Edition,PC;PS4;Xbox,,No,2008,4X;Strategy,No,https://example.com/games/lunar-limited-edition
Final Fantasy XIV Physical Edition,PC;Switch,2,No,2026,Grand Strategy;Strategy,No,https://example.com/games/final-fantasy-xiv-physical-edition
No Man's Sky 3,PC,8,No,2006,Survival;Horror,No,https://example.com/games/no-man-s-sky-3
The Walking Dead 2,PC;PS4;Xbox,4,No,2000,Action;Platformer,No,https://example.com/games/the-walking-dead-2
Destruction Derby Last Edition,PC,6,No,2020,Survival;Horror,No,https://example.com/games/destruction-derby-last-edition
RimWorld Anniversary Edition,PC;PS4;Xbox,4,No,2004,Survival;Horror,Yes,https://example.com/games/rimworld-anniversary-edition
The Division Omega Edition 2,Xbox,,Yes,2025,Action;Platformer,No,https://example.com/games/the-division-omega-edition-2
Final Fantasy XIV First Edition,PC;PS5;Xbox,,No,2019,Simulation,No,https://example.com/games/final-fantasy-xiv-first-edition
Rocket League Deluxe Edition,PC;PS5;Xbox,Many,No,2014,Action;Platformer,No,https://example.com/games/rocket-league-deluxe-edition
Resident Evil 5,PC;PS5;Xbox,8,Yes,2008,Shooter;Action,Yes,https://example.com/games/resident-evil-5
God of War Premium Edition,PC;Switch,Many,No,2025,Action;Adventure,No,https://example.com/games/god-of-war-premium-edition
Vanillaware Omega Edition 3,PC;Xbox,Many,No,2009,Simulation,No,https://example.com/games/vanillaware-omega-edition-3
Tools Up Anniversary Edition,PC;PS5,2,No,2000,Sandbox,No,https://example.com/games/tools-up-anniversary-edition
SimCity Beta Edition,PC;PS5,4,No,2003,Tactical;Shooter,No,https://example.com/games/simcity-beta-edition
Company of Heroes 4,PC,,Yes,2018,Tactical;Shooter,Yes,https://example.com/games/company-of-heroes-4
Etrian Odyssey Alpha Edition,PC;PS4;Xbox;Switch,2,Yes,2004,Puzzle;Adventure,No,https://example.com/games/etrian-odyssey-alpha-edition
WRC Remake,PC;PS5;Xbox,4,No,2017,Simulation,No,https://example.com/games/wrc-remake
Limbo Beta Edition,PC;Switch,,Yes,2022,Tactical;Shooter,No,https://example.com/games/limbo-beta-edition
Baldur's Gate Digital Edition,PC;PS5,2,No,2024,Shooter;Action,Yes,https://example.com/games/baldur-s-gate-digital-edition
Baten Kaitos 4,PC;PS5,8,No,2014,Puzzle;Adventure,No,https://example.com/games/baten-kaitos-4
Grim Dawn Deluxe Edition,PC;PS4;Xbox;Switch,4,No,2014,Grand Strategy;Strategy,No,https://example.com/games/grim-dawn-deluxe-edition
Wolfenstein Omega Edition 3,PC;PS5,6,No,2009,Shooter;Action,Yes,https://example.com/games/wolfenstein-omega-edition-3
That Time I Got Reincarnated 5,PC;PS4;Xbox;Switch,4,Yes,2002,Sports,No,https://example.com/games/that-time-i-got-reincarnated-5
The Forest Alpha Edition,PC;PS4;Xbox,,Yes,2020,Racing,No,https://example.com/games/the-forest-alpha-edition
No Man's Sky Omega Edition 3,PC;PS4;Xbox;Switch,,Yes,2002,Sandbox,No,https://example.com/games/no-man-s-sky-omega-edition-3
Gundam Wing Battle Standard Edition,PC;PS5,4,No,2004,RPG;Action,No,https://example.com/games/gundam-wing-battle-standard-edition
End of Nations Omega Edition,PC;PS4;Xbox;Switch,4,No,2012,Survival;Horror,No,https://example.com/games/end-of-nations-omega-edition
Radical Dreamers Omega Edition 4,PC;PS4;Xbox,,No,2021,MOBA;Strategy,No,https://example.com/games/radical-dreamers-omega-edition-4
Radical Dreamers Omega Edition 2,PC,4,No,2010,4X;Strategy,Yes,https://example.com/games/radical-dreamers-omega-edition-2
Conan Exiles 4,PC,Many,No,2013,Action;Platformer,No,https://example.com/games/conan-exiles-4
Paladins Anniversary Edition,PC;PS4;Xbox,2,No,2018,Strategy;RTS,No,https://example.com/games/paladins-anniversary-edition
Accelate Remake,PC;Xbox,,No,2013,Shooter;RPG,No,https://example.com/games/accelate-remake
Dishonored 2,PC;PS5;Xbox,,Yes,2000,Casual;Party,No,https://example.com/games/dishonored-2
Warhammer 40K Physical Edition,PS5;Xbox,,Yes,2018,Action;Platformer,No,https://example.com/games/warhammer-40k-physical-edition
SD Gundam,PC;Switch,,No,2020,Racing,No,https://example.com/games/sd-gundam
Smalland Digital Edition,PC,,Yes,2013,Grand Strategy;Strategy,No,https://example.com/games/smalland-digital-edition
Marvel's Midnight Suns Omega Edition 3,PC;Switch,,Yes,2002,Puzzle;Adventure,No,https://example.com/games/marvel-s-midnight-suns-omega-edition-3
Stronghold Remake,PC,,No,2007,RPG;Action,No,https://example.com/games/stronghold-remake
Rise of Nations Limited Edition,PC;PS4;Xbox;Switch,,No,2019,Racing,No,https://example.com/games/rise-of-nations-limited-edition
Marvel's Midnight Suns Legendary Edition,PC;PS4;Xbox;Switch,8,No,2026,Party;Action,No,https://example.com/games/marvel-s-midnight-suns-legendary-edition
Anno Standard Edition,PS5;Xbox,,Yes,2014,Puzzle;Adventure,Yes,https://example.com/games/anno-standard-edition
Borderlands Remake,Xbox,Many,No,2003,Grand Strategy;Strategy,Yes,https://example.com/games/borderlands-remake
Halo Omega Edition,Xbox,8,No,2024,MOBA;Strategy,Yes,https://example.com/games/halo-omega-edition
Citizen Sleeper 3,PC;PS4;Xbox,,No,2008,RPG;Action,Yes,https://example.com/games/citizen-sleeper-3
Life is Strange Omega Edition 3,PC;PS4;Xbox;Switch,Many,No,2017,Shooter;Action,Yes,https://example.com/games/life-is-strange-omega-edition-3
Eternal Card Game Standard Edition,PC,4,No,2023,4X;Strategy,No,https://example.com/games/eternal-card-game-standard-edition
Gundam Battle 4,PC;PS5;Xbox,,Yes,2022,RPG;Action,No,https://example.com/games/gundam-battle-4
Deep Rock Galactic Game of the Year Edition,PC;PS5,3,No,2004,4X;Strategy,No,https://example.com/games/deep-rock-galactic-game-of-the-year-edition
Inside Legendary Edition,Xbox,8,Yes,2015,Shooter;Action,No,https://example.com/games/inside-legendary-edition
Spintires Remastered,PC;PS4;Xbox,,No,2026,Grand Strategy;Strategy,No,https://example.com/games/spintires-remastered
Warhammer 40K Inquisitor Omega Edition,Xbox,4,No,2010,Action;Adventure,No,https://example.com/games/warhammer-40k-inquisitor-omega-edition
Tetris Omega Edition 5,PC;Xbox,,No,2019,Sports,Yes,https://example.com/games/tetris-omega-edition-5
Iron Harvest Last Edition,Xbox,,Yes,2004,Sandbox,No,https://example.com/games/iron-harvest-last-edition
Homefront Definitive Edition,PC;Xbox,8,No,2026,Simulation,No,https://example.com/games/homefront-definitive-edition
Throne and Liberty Last Edition,PC;PS5,4,No,2013,Survival;Horror,No,https://example.com/games/throne-and-liberty-last-edition
Jackbox Definitive Edition,Xbox,Many,Yes,2022,Survival;Horror,No,https://example.com/games/jackbox-definitive-edition
WRC Physical Edition,PC;PS4;Xbox,Many,Yes,2015,Battle Royale;Shooter,No,https://example.com/games/wrc-physical-edition
They Are Billions 5,PC;PS4;Xbox,8,No,2025,Sandbox,Yes,https://example.com/games/they-are-billions-5
SimCity BuildIt Beta Edition,PC,,No,2024,Racing,No,https://example.com/games/simcity-buildit-beta-edition
Two Point Hospital Special Edition,PC;PS4;Xbox,4,No,2026,Puzzle;Adventure,No,https://example.com/games/two-point-hospital-special-edition
Phoenix Point Digital Edition,PC;PS5;Xbox;Switch,6,No,2017,Action;Platformer,No,https://example.com/games/phoenix-point-digital-edition
Star Ocean Final Edition,PS5;Xbox,Many,No,2003,Action;Platformer,No,https://example.com/games/star-ocean-final-edition
Fast RMX Physical Edition,PC;PS4;Xbox;Switch,,No,2025,Party;Action,No,https://example.com/games/fast-rmx-physical-edition
Brothers in Arms Remastered,PC;Xbox,3,Yes,2017,Action;Adventure,No,https://example.com/games/brothers-in-arms-remastered
XCOM Premium Edition,PC;PS4;Xbox,,Yes,2005,4X;Strategy,No,https://example.com/games/xcom-premium-edition
Forza Omega Edition 3,PC;PS4;Xbox;Switch,8,Yes,2000,Puzzle;Adventure,No,https://example.com/games/forza-omega-edition-3
WRC Omega Edition,PC;Xbox,,No,2019,Battle Royale;Shooter,No,https://example.com/games/wrc-omega-edition
Gundam ZZ Battle Assault Beta Edition,PC;Xbox,,Yes,2026,Racing,Yes,https://example.com/games/gundam-zz-battle-assault-beta-edition
Heretic First Edition,PC,,Yes,2024,Simulation,Yes,https://example.com/games/heretic-first-edition
Warframe Digital Edition,PC;PS4;Xbox,Many,Yes,2000,Survival;Horror,No,https://example.com/games/warframe-digital-edition
Northgard 5,Xbox,4,No,2002,Strategy;RTS,No,https://example.com/games/northgard-5
Arena of Valor Last Edition,PC;PS4;Xbox;Switch,,Yes,2016,Party;Action,No,https://example.com/games/arena-of-valor-last-edition
Scarlet Nexus Omega Edition,PC;PS4;Xbox;Switch,4,No,2013,Survival;Horror,No,https://example.com/games/scarlet-nexus-omega-edition
Battle Brothers Special Edition,PS5;Xbox,,Yes,2019,4X;Strategy,No,https://example.com/games/battle-brothers-special-edition
Gundam Versus Omega Edition,PC,8,No,2021,Battle Royale;Shooter,No,https://example.com/games/gundam-versus-omega-edition
The Elder Scrolls Premium Edition,PC,8,No,2016,Simulation;Sandbox,Yes,https://example.com/games/the-elder-scrolls-premium-edition
Timberborn First Edition,PC;PS5;Xbox;Switch,4,No,2002,Action;Platformer,No,https://example.com/games/timberborn-first-edition
Quake Omega Edition 5,PC;Switch,4,No,2024,Survival;Sandbox,No,https://example.com/games/quake-omega-edition-5
Lost Ark Standard Edition,PC;PS4;Xbox,,Yes,2019,Sandbox,No,https://example.com/games/lost-ark-standard-edition
Stellaris 2,PC,4,No,2023,Party;Action,Yes,https://example.com/games/stellaris-2
SD Gundam 3,PC;PS4;Xbox;Switch,,Yes,2002,Simulation,No,https://example.com/games/sd-gundam-3
Path of Exile 2,PC;PS5;Xbox,4,No,2003,Shooter;RPG,No,https://example.com/games/path-of-exile-2
One Punch Man Omega Edition,PC;PS4;Xbox,3,No,2016,Survival;Horror,No,https://example.com/games/one-punch-man-omega-edition
Her Story Physical Edition,PC;PS4;Xbox;Switch,Many,Yes,2023,Tactical;Shooter,No,https://example.com/games/her-story-physical-edition
Two Point Hospital Omega Edition,PC;PS5;Xbox,,Yes,2008,Action;Platformer,Yes,https://example.com/games/two-point-hospital-omega-edition
Gears of War Game of the Year Edition,PC;PS4;Xbox;Switch,4,No,2010,Shooter;Action,No,https://example.com/games/gears-of-war-game-of-the-year-edition
Two Point Hospital Remake,Xbox,6,No,2026,Casual;Party,No,https://example.com/games/two-point-hospital-remake
Front Mission Alternative Special Edition,PC;PS5;Xbox,6,No,2019,Action;Platformer,No,https://example.com/games/front-mission-alternative-special-edition
Tell Me Why Game of the Year Edition,PC;Switch,Many,Yes,2016,Sports,No,https://example.com/games/tell-me-why-game-of-the-year-edition
Zombie Panic Game of the Year Edition,PC;PS5;Xbox,,No,2007,Simulation,No,https://example.com/games/zombie-panic-game-of-the-year-edition
Gundam Seed Battle Assault 9 Deluxe Edition,PC;Xbox,,No,2006,Grand Strategy;Strategy,Yes,https://example.com/games/gundam-seed-battle-assault-9-deluxe-edition
Hell Let Loose 2,PC;PS5;Xbox,4,Yes,2026,Shooter;Action,No,https://example.com/games/hell-let-loose-2
Zombie Master Last Edition,PC;Xbox,Many,No,2007,Strategy;RTS,No,https://example.com/games/zombie-master-last-edition
Warhammer Fantasy Omega Edition,PC;PS5;Xbox;Switch,4,Yes,2010,Strategy;RTS,No,https://example.com/games/warhammer-fantasy-omega-edition
Shapez Ultimate Edition,PS5;Xbox,4,No,2024,Puzzle;Adventure,No,https://example.com/games/shapez-ultimate-edition
Satisfactory Digital Edition,PC;PS4;Xbox,4,Yes,2024,Sandbox,Yes,https://example.com/games/satisfactory-digital-edition
XCOM Definitive Edition,PC;PS4;Xbox,4,No,2001,Party;Action,No,https://example.com/games/xcom-definitive-edition
Hearthstone Ultimate Edition,Xbox,,Yes,2003,RPG;Action,No,https://example.com/games/hearthstone-ultimate-edition
Warhammer Ultimate Edition,PC;PS4;Xbox,8,No,2006,Sandbox,No,https://example.com/games/warhammer-ultimate-edition
Dyson Sphere Program Alpha Edition,PC;PS5;Xbox,,Yes,2005,Shooter;Action,Yes,https://example.com/games/dyson-sphere-program-alpha-edition
Farmville 3,PC;PS5;Xbox;Switch,4,No,2012,MOBA;Strategy,No,https://example.com/games/farmville-3
Front Mission Alternative 4,PC;Xbox,2,No,2012,Battle Royale;Shooter,No,https://example.com/games/front-mission-alternative-4
Timberborn Limited Edition,PC;Xbox,,No,2021,Action;Adventure,No,https://example.com/games/timberborn-limited-edition
GTA Last Edition,PC;PS5,Many,No,2026,Grand Strategy;Strategy,No,https://example.com/games/gta-last-edition
Warhammer 40K Anniversary Edition,Xbox,,Yes,2003,Strategy;RTS,No,https://example.com/games/warhammer-40k-anniversary-edition
Little Nightmares Limited Edition,PC;PS5;Xbox,6,No,2025,Racing,Yes,https://example.com/games/little-nightmares-limited-edition
Warhammer 40K Chaos Gate Digital Edition,PC;PS5,,Yes,2013,Sports,No,https://example.com/games/warhammer-40k-chaos-gate-digital-edition
VA 11 HALLA Legendary Edition,PS5;Xbox,3,No,2016,Strategy;RTS,No,https://example.com/games/va-11-halla-legendary-edition
Clash of Clans Legendary Edition,PC,4,No,2017,Simulation;Sandbox,No,https://example.com/games/clash-of-clans-legendary-edition
Terraria Omega Edition 2,PC;PS5;Xbox,4,No,2005,Simulation;Sandbox,Yes,https://example.com/games/terraria-omega-edition-2
Wonderful 101 Last Edition,PC;PS5;Xbox;Switch,,Yes,2016,Survival;Horror,No,https://example.com/games/wonderful-101-last-edition
StarCraft 3,PS5;Xbox,,No,2011,Casual;Party,No,https://example.com/games/starcraft-3
Battletech Standard Edition,PC;PS4;Xbox,2,No,2007,Shooter;Action,No,https://example.com/games/battletech-standard-edition
Tomb Raider Remastered,PC;PS5;Xbox,,Yes,2006,Simulation;Sandbox,No,https://example.com/games/tomb-raider-remastered
Atlas Enhanced Edition,PC;PS5;Xbox;Switch,6,No,2026,Grand Strategy;Strategy,No,https://example.com/games/atlas-enhanced-edition
Goblin Slayer Ultimate Edition,PS5;Xbox,2,No,2004,RPG;Action,No,https://example.com/games/goblin-slayer-ultimate-edition
Stronghold Last Edition,PC;PS4;Xbox,8,No,2005,Action;Adventure,No,https://example.com/games/stronghold-last-edition
Ori Beta Edition,PS5;Xbox,,Yes,2014,MOBA;Strategy,No,https://example.com/games/ori-beta-edition
Devil Summoner Last Edition,PC;Xbox,3,Yes,2014,Grand Strategy;Strategy,No,https://example.com/games/devil-summoner-last-edition
Shield Hero 4,PC,,Yes,2022,MOBA;Strategy,Yes,https://example.com/games/shield-hero-4
Borderlands Final Edition,PC;PS5,4,No,2013,Action;Adventure,Yes,https://example.com/games/borderlands-final-edition
Devil Summoner Collector's Edition,PC;PS5,,Yes,2000,4X;Strategy,No,https://example.com/games/devil-summoner-collector-s-edition
Gundam Versus Beta Edition,PC;PS4;Xbox;Switch,4,Yes,2006,Sports,No,https://example.com/games/gundam-versus-beta-edition
Zombie Master Collector's Edition,PC;PS5;Xbox;Switch,6,Yes,2021,Strategy;RTS,Yes,https://example.com/games/zombie-master-collector-s-edition
Nioh Digital Edition,PC,8,No,2001,MOBA;Strategy,Yes,https://example.com/games/nioh-digital-edition
Gwent Deluxe Edition,PS5;Xbox,,Yes,2010,RPG;Action,No,https://example.com/games/gwent-deluxe-edition
Citizen Sleeper Complete Edition,PC;PS5;Xbox;Switch,,Yes,2017,Casual;Party,No,https://example.com/games/citizen-sleeper-complete-edition
Team Fortress Anniversary Edition,PC;Xbox,,No,2006,4X;Strategy,No,https://example.com/games/team-fortress-anniversary-edition
7 Days to Die 2,PC;PS4;Xbox,4,Yes,2017,Survival;Horror,No,https://example.com/games/7-days-to-die-2
Guardians of the Galaxy Telltale Physical Edition,PC;PS4;Xbox;Switch,3,No,2023,Action;Platformer,Yes,https://example.com/games/guardians-of-the-galaxy-telltale-physical-edition
Anno Omega Edition,PC;PS5;Xbox;Switch,Many,No,2021,Shooter;RPG,Yes,https://example.com/games/anno-omega-edition
Oxygen Not Included Alpha Edition,PC;Xbox,,Yes,2010,MOBA;Strategy,No,https://example.com/games/oxygen-not-included-alpha-edition
The Long Dark First Edition,PC;Switch,Many,No,2018,Tactical;Shooter,No,https://example.com/games/the-long-dark-first-edition
Gundam ZZ Battle 4,PC;PS4;Xbox;Switch,3,Yes,2011,Shooter;RPG,No,https://example.com/games/gundam-zz-battle-4
Codename Cure Omega Edition 5,PC,4,Yes,2005,Casual;Party,Yes,https://example.com/games/codename-cure-omega-edition-5
Dr Mario Omega Edition 2,PC;PS5;Xbox;Switch,,Yes,2009,Shooter;Action,No,https://example.com/games/dr-mario-omega-edition-2
Dead Cells Ultimate Edition,Xbox,2,No,2008,Battle Royale;Shooter,No,https://example.com/games/dead-cells-ultimate-edition
Jujutsu Kaisen Definitive Edition,PC;PS4;Xbox,4,No,2019,Racing,No,https://example.com/games/jujutsu-kaisen-definitive-edition
One Piece Bounty Rush Collector's Edition,PC;Switch,3,No,2010,Strategy;RTS,Yes,https://example.com/games/one-piece-bounty-rush-collector-s-edition
Star Wars The Old Republic Definitive Edition,PC;PS5,,No,2000,Party;Action,Yes,https://example.com/games/star-wars-the-old-republic-definitive-edition
Gundam Versus Omega Edition 3,PC;PS5,,Yes,2014,Casual;Party,Yes,https://example.com/games/gundam-versus-omega-edition-3
Warhammer 4,PC,,Yes,2018,Shooter;Action,No,https://example.com/games/warhammer-4
Insurgency Collector's Edition,PC;PS4;Xbox;Switch,4,Yes,2022,Shooter;RPG,No,https://example.com/games/insurgency-collector-s-edition
Albion Online Complete Edition,PC;PS5;Xbox,,No,2022,4X;Strategy,Yes,https://example.com/games/albion-online-complete-edition
Sons of the Forest Deluxe Edition,Xbox,,No,2022,Grand Strategy;Strategy,No,https://example.com/games/sons-of-the-forest-deluxe-edition
Overlord Complete Edition,PC;PS5,,Yes,2026,Party;Action,No,https://example.com/games/overlord-complete-edition
Red Dead Legendary Edition,PC;PS4;Xbox,4,No,2007,MOBA;Strategy,No,https://example.com/games/red-dead-legendary-edition
Tower of God Anniversary Edition,PC;PS4;Xbox;Switch,,No,2005,Sandbox,Yes,https://example.com/games/tower-of-god-anniversary-edition
Colin McRae Legendary Edition,PC;PS5;Xbox;Switch,,Yes,2015,Action;Adventure,No,https://example.com/games/colin-mcrae-legendary-edition
Cuphead Anniversary Edition,Xbox,,Yes,2003,Action;Adventure,No,https://example.com/games/cuphead-anniversary-edition
VA 11 HALLA Enhanced Edition,PS5;Xbox,6,No,2002,Battle Royale;Shooter,No,https://example.com/games/va-11-halla-enhanced-edition
God of War Omega Edition 3,PC;PS5;Xbox,6,Yes,2010,Shooter;Action,No,https://example.com/games/god-of-war-omega-edition-3
NMRiH 3,PC;PS4;Xbox,2,No,2026,Grand Strategy;Strategy,No,https://example.com/games/nmrih-3
Forza Motorsport Enhanced Edition,PC;PS4;Xbox,,Yes,2024,Survival;Sandbox,No,https://example.com/games/forza-motorsport-enhanced-edition
Deliver Us Mars Omega Edition 2,PC;PS5;Xbox,,No,2007,Sports,No,https://example.com/games/deliver-us-mars-omega-edition-2
Sven Co-op 4,PC;Xbox,4,Yes,2026,Survival;Horror,Yes,https://example.com/games/sven-co-op-4
Re Zero Omega Edition 3,PS5;Xbox,4,Yes,2002,Racing,No,https://example.com/games/re-zero-omega-edition-3
Minecraft 4,PC;PS4;Xbox,8,Yes,2016,Simulation;Sandbox,No,https://example.com/games/minecraft-4
Front Mission 2087 Limited Edition,PC;PS5,,No,2011,Simulation,Yes,https://example.com/games/front-mission-2087-limited-edition
Colin McRae Premium Edition,PC;PS5;Xbox;Switch,,No,2003,Shooter;RPG,No,https://example.com/games/colin-mcrae-premium-edition
Front Mission Enhanced Edition,PC;PS5,3,No,2002,Simulation;Sandbox,No,https://example.com/games/front-mission-enhanced-edition
Wasteland Last Edition,PC;Xbox,,No,2000,Racing,No,https://example.com/games/wasteland-last-edition
Natural Selection 5,PC;PS4;Xbox;Switch,,No,2022,Sandbox,Yes,https://example.com/games/natural-selection-5
Serious Sam Beta Edition,PC,2,No,2007,Puzzle;Adventure,Yes,https://example.com/games/serious-sam-beta-edition
Sonic Racing Enhanced Edition,PC;PS5;Xbox,8,No,2022,Shooter;Action,Yes,https://example.com/games/sonic-racing-enhanced-edition
Radical Dreamers Special Edition,Xbox,,Yes,2024,Casual;Party,Yes,https://example.com/games/radical-dreamers-special-edition
RimWorld Limited Edition,PC,2,No,2007,Action;Platformer,No,https://example.com/games/rimworld-limited-edition
Wartales Final Edition,PC;PS4;Xbox;Switch,,Yes,2000,MOBA;Strategy,No,https://example.com/games/wartales-final-edition
Bad North Omega Edition 2,PC;PS5;Xbox;Switch,,Yes,2018,Action;Adventure,No,https://example.com/games/bad-north-omega-edition-2
Poker Night Complete Edition,PC;PS4;Xbox;Switch,,Yes,2026,Casual;Party,No,https://example.com/games/poker-night-complete-edition
Mortal Online Anniversary Edition,PC;PS5,,Yes,2026,Sports,No,https://example.com/games/mortal-online-anniversary-edition
Fate Grand Order Remastered,PC;PS5;Xbox;Switch,4,No,2008,Party;Action,No,https://example.com/games/fate-grand-order-remastered
Sleeping Dogs 4,PC;PS5;Xbox;Switch,,Yes,2010,Battle Royale;Shooter,No,https://example.com/games/sleeping-dogs-4
Gundam Wing Battle Collector's Edition,PC;Switch,2,No,2018,Action;Adventure,Yes,https://example.com/games/gundam-wing-battle-collector-s-edition
Super Robot Wars Game of the Year Edition,PC;Switch,,No,2010,Tactical;Shooter,Yes,https://example.com/games/super-robot-wars-game-of-the-year-edition
Xenonauts First Edition,PC;PS5;Xbox,2,Yes,2004,Battle Royale;Shooter,No,https://example.com/games/xenonauts-first-edition
Saints Row Game of the Year Edition,PC;Switch,,Yes,2006,Sports,No,https://example.com/games/saints-row-game-of-the-year-edition
Apex Legends Omega Edition 5,PC;Xbox,Many,No,2014,Shooter;RPG,Yes,https://example.com/games/apex-legends-omega-edition-5
Once Human Omega Edition,PC;Switch,8,Yes,2025,Tactical;Shooter,Yes,https://example.com/games/once-human-omega-edition
Halo Last Edition,PS5;Xbox,4,No,2016,Action;Platformer,No,https://example.com/games/halo-last-edition
Gundam Battle Operation Alpha Edition,PC,4,No,2026,Party;Action,No,https://example.com/games/gundam-battle-operation-alpha-edition
Black Clover Omega Edition 3,PC;PS5;Xbox,,No,2008,Shooter;RPG,No,https://example.com/games/black-clover-omega-edition-3
Samurai Warriors Physical Edition,PC;PS5,,No,2010,Action;Platformer,No,https://example.com/games/samurai-warriors-physical-edition
Forza Horizon Omega Edition 2,Xbox,8,No,2025,Simulation;Sandbox,No,https://example.com/games/forza-horizon-omega-edition-2
Days Gone Beta Edition,PC;PS5;Xbox;Switch,,No,2004,Simulation,Yes,https://example.com/games/days-gone-beta-edition
Accelate 5,PC;PS5,,Yes,2026,Survival;Sandbox,No,https://example.com/games/accelate-5
Codename Cure Special Edition,PC;PS5;Xbox;Switch,6,No,2003,Party;Action,Yes,https://example.com/games/codename-cure-special-edition
Dark Souls Final Edition,PC;PS4;Xbox,6,No,2025,Party;Action,No,https://example.com/games/dark-souls-final-edition
Bayonetta Final Edition,PC,6,Yes,2019,Puzzle;Adventure,No,https://example.com/games/bayonetta-final-edition
Rogue Legacy Standard Edition,Xbox,4,No,2010,Strategy;Turn-Based,No,https://example.com/games/rogue-legacy-standard-edition
Dishonored Last Edition,PC;Xbox,,Yes,2000,Grand Strategy;Strategy,No,https://example.com/games/dishonored-last-edition
Metal Gear Standard Edition,PC,,Yes,2010,Racing,No,https://example.com/games/metal-gear-standard-edition
Far Cry Omega Edition 5,PC;PS5;Xbox,Many,No,2022,MOBA;Strategy,Yes,https://example.com/games/far-cry-omega-edition-5
Hearts of Iron Omega Edition 2,PC;PS4;Xbox;Switch,,Yes,2016,Simulation;Sandbox,No,https://example.com/games/hearts-of-iron-omega-edition-2
Empire Four Kingdoms,Xbox,8,No,2024,Survival;Horror,Yes,https://example.com/games/empire-four-kingdoms
Divinity,Xbox,,Yes,2019,Survival;Sandbox,No,https://example.com/games/divinity
Re Zero Game of the Year Edition,PC;PS4;Xbox;Switch,4,Yes,2006,Simulation;Sandbox,Yes,https://example.com/games/re-zero-game-of-the-year-edition
The Last of Us Standard Edition,PC;Xbox,4,Yes,2013,Sports,No,https://example.com/games/the-last-of-us-standard-edition
Fallout Shelter Game of the Year Edition,PS5;Xbox,8,No,2024,RPG;Action,No,https://example.com/games/fallout-shelter-game-of-the-year-edition
Fallout Complete Edition,PC;PS4;Xbox,,No,2019,Tactical;Shooter,No,https://example.com/games/fallout-complete-edition
Granblue Fantasy Anniversary Edition,PC;PS5;Xbox;Switch,3,No,2019,Sports,No,https://example.com/games/granblue-fantasy-anniversary-edition
Honkai Star Rail Beta Edition,PC,,No,2009,Casual;Party,No,https://example.com/games/honkai-star-rail-beta-edition
7 Days to Die Complete Edition,PC;PS5;Xbox;Switch,4,No,2008,Action;Platformer,No,https://example.com/games/7-days-to-die-complete-edition
Tetris Complete Edition,PC;PS5,3,Yes,2021,Battle Royale;Shooter,No,https://example.com/games/tetris-complete-edition
Rime Complete Edition,PC;PS5;Xbox,4,Yes,2011,Shooter;Action,No,https://example.com/games/rime-complete-edition
Supreme Commander Remake,PC;Xbox,,No,2006,Sandbox,No,https://example.com/games/supreme-commander-remake
Gundam Seed Battle Assault 6 Anniversary Edition,PC;PS4;Xbox;Switch,4,Yes,2010,Battle Royale;Shooter,No,https://example.com/games/gundam-seed-battle-assault-6-anniversary-edition
Metal Gear Premium Edition,PC;PS5,3,No,2005,Shooter;RPG,Yes,https://example.com/games/metal-gear-premium-edition
Project Zomboid Ultimate Edition,PC;PS5,,No,2018,Shooter;RPG,No,https://example.com/games/project-zomboid-ultimate-edition
Tales of Xillia Legendary Edition,Xbox,4,Yes,2000,4X;Strategy,Yes,https://example.com/games/tales-of-xillia-legendary-edition
Warhammer 40K Mechanicus Omega Edition 2,PC;Xbox,4,No,2011,MOBA;Strategy,No,https://example.com/games/warhammer-40k-mechanicus-omega-edition-2
Blazing Souls Alpha Edition,PC;PS5;Xbox,,No,2016,Sandbox,Yes,https://example.com/games/blazing-souls-alpha-edition
Assassin's Creed Enhanced Edition,PC;PS5;Xbox;Switch,4,No,2024,Strategy;Turn-Based,Yes,https://example.com/games/assassin-s-creed-enhanced-edition
Tropico Limited Edition,PC;Xbox,Many,Yes,2017,Shooter;Action,Yes,https://example.com/games/tropico-limited-edition
World of Warplanes Anniversary Edition,PC;Switch,4,No,2006,Tactical;Shooter,No,https://example.com/games/world-of-warplanes-anniversary-edition
Outriders Legendary Edition,PS5;Xbox,Many,No,2000,4X;Strategy,Yes,https://example.com/games/outriders-legendary-edition
Pokemon Unite Omega Edition,Xbox,,No,2007,Survival;Sandbox,No,https://example.com/games/pokemon-unite-omega-edition
Fallout Shelter Anniversary Edition,PS5;Xbox,,No,2014,Puzzle;Adventure,No,https://example.com/games/fallout-shelter-anniversary-edition
Star Citizen Anniversary Edition,Xbox,,Yes,2021,Shooter;RPG,No,https://example.com/games/star-citizen-anniversary-edition
Hollow Knight Omega Edition,PC;Xbox,4,No,2019,Survival;Horror,No,https://example.com/games/hollow-knight-omega-edition
Gundam Seed Battle Assault 2 Remake,PC;PS5;Xbox;Switch,,Yes,2011,Casual;Party,Yes,https://example.com/games/gundam-seed-battle-assault-2-remake
Fallout Shelter Standard Edition,PC;Xbox,,Yes,2012,Shooter;RPG,No,https://example.com/games/fallout-shelter-standard-edition
Tales of Phantasia First Edition,PC;Xbox,4,No,2008,Action;Platformer,No,https://example.com/games/tales-of-phantasia-first-edition
Warframe 5,PS5;Xbox,2,No,2000,Grand Strategy;Strategy,Yes,https://example.com/games/warframe-5
Another Century's Episode Final Edition,PC;PS5;Xbox;Switch,6,No,2016,Action;Platformer,No,https://example.com/games/another-century-s-episode-final-edition
Endzone Remastered,PC;PS4;Xbox,,Yes,2019,Party;Action,No,https://example.com/games/endzone-remastered
Project Zomboid Last Edition,PC;Xbox,3,No,2019,Grand Strategy;Strategy,No,https://example.com/games/project-zomboid-last-edition
Friday the 13th Limited Edition,PC;PS4;Xbox;Switch,2,No,2007,Tactical;Shooter,No,https://example.com/games/friday-the-13th-limited-edition
Assassin's Creed Deluxe Edition,PC;Switch,,Yes,2011,RPG;Action,No,https://example.com/games/assassin-s-creed-deluxe-edition
Rogue Legacy Complete Edition,PS5;Xbox,3,No,2008,Simulation,No,https://example.com/games/rogue-legacy-complete-edition
Shadow Warrior Game of the Year Edition,PC;PS5,2,No,2005,Action;Platformer,No,https://example.com/games/shadow-warrior-game-of-the-year-edition
Sable Definitive Edition,PC;PS5;Xbox,,Yes,2005,RPG;Action,No,https://example.com/games/sable-definitive-edition
Front Mission Limited Edition,PC;PS4;Xbox;Switch,4,No,2001,Sports,Yes,https://example.com/games/front-mission-limited-edition
Tales of Xillia Omega Edition 3,Xbox,,No,2005,Battle Royale;Shooter,No,https://example.com/games/tales-of-xillia-omega-edition-3
Sudden Strike Omega Edition 4,Xbox,2,No,2010,Action;Platformer,No,https://example.com/games/sudden-strike-omega-edition-4
Invisible Inc 2,PC;Switch,,Yes,2017,Simulation;Sandbox,Yes,https://example.com/games/invisible-inc-2
Gundam Extreme Vs 4,PC,,No,2025,Tactical;Shooter,No,https://example.com/games/gundam-extreme-vs-4
Unravel Definitive Edition,PC;Xbox,,Yes,2010,Racing,No,https://example.com/games/unravel-definitive-edition
Moving Out Ultimate Edition,PC;PS4;Xbox,Many,No,2005,Tactical;Shooter,Yes,https://example.com/games/moving-out-ultimate-edition
Sword Art Online Beta Edition,Xbox,,Yes,2017,Strategy;RTS,Yes,https://example.com/games/sword-art-online-beta-edition
Clash Royale Final Edition,PS5;Xbox,6,No,2001,Racing,No,https://example.com/games/clash-royale-final-edition
Braid 2,PS5;Xbox,,Yes,2011,Casual;Party,No,https://example.com/games/braid-2
Darkest Dungeon Alpha Edition,PC;Xbox,,No,2019,Simulation;Sandbox,No,https://example.com/games/darkest-dungeon-alpha-edition
Monster Train 3,PS5;Xbox,6,No,2017,Action;Platformer,No,https://example.com/games/monster-train-3
Dead Rising Limited Edition,PC;Xbox,4,Yes,2026,Action;Platformer,No,https://example.com/games/dead-rising-limited-edition
Trackmania Omega Edition 3,PC;PS5,4,Yes,2015,Sandbox,No,https://example.com/games/trackmania-omega-edition-3
Blue Archive Standard Edition,PC;Xbox,Many,No,2000,Sandbox,No,https://example.com/games/blue-archive-standard-edition
Xenosaga Omega Edition 5,PC;PS5;Xbox,6,No,2008,MOBA;Strategy,No,https://example.com/games/xenosaga-omega-edition-5
Ultimate Chicken Horse Digital Edition,Xbox,8,Yes,2019,Shooter;Action,No,https://example.com/games/ultimate-chicken-horse-digital-edition
Just Cause 4,Xbox,Many,No,2007,RPG;Action,No,https://example.com/games/just-cause-4
UFO 50 Remastered,PC,3,No,2010,4X;Strategy,No,https://example.com/games/ufo-50-remastered
Zombie Army Omega Edition,PC;PS4;Xbox;Switch,2,No,2013,Shooter;Action,No,https://example.com/games/zombie-army-omega-edition
Baldur's Gate,PS5;Xbox,,No,2013,Action;Platformer,No,https://example.com/games/baldur-s-gate
Poker Night Omega Edition 5,PC;PS5;Xbox,,Yes,2020,Strategy;RTS,No,https://example.com/games/poker-night-omega-edition-5
One Punch Man Beta Edition,PC;PS4;Xbox;Switch,,No,2014,Grand Strategy;Strategy,Yes,https://example.com/games/one-punch-man-beta-edition
Half-Life Limited Edition,PC;PS5;Xbox;Switch,4,Yes,2015,Puzzle;Adventure,No,https://example.com/games/half-life-limited-edition
The Walking Dead 4,PC;PS5;Xbox;Switch,4,Yes,2026,Battle Royale;Shooter,No,https://example.com/games/the-walking-dead-4
Planet Coaster Special Edition,PC;Switch,,No,2016,Tactical;Shooter,No,https://example.com/games/planet-coaster-special-edition
Wonderful 101 Omega Edition 3,PC;PS5;Xbox;Switch,8,Yes,2013,Tactical;Shooter,Yes,https://example.com/games/wonderful-101-omega-edition-3
Dead by Daylight Physical Edition,PC;PS4;Xbox;Switch,,No,2012,4X;Strategy,No,https://example.com/games/dead-by-daylight-physical-edition
Genshin Impact,Xbox,,Yes,2005,Puzzle;Adventure,Yes,https://example.com/games/genshin-impact
Stellaris Collector's Edition,PC;Switch,,Yes,2001,RPG;Action,No,https://example.com/games/stellaris-collector-s-edition
SD Gundam Omega Edition 3,PC;PS5;Xbox,,Yes,2002,Casual;Party,No,https://example.com/games/sd-gundam-omega-edition-3
Shield Hero Physical Edition,PC;Xbox,Many,Yes,2011,Survival;Horror,No,https://example.com/games/shield-hero-physical-edition
Shadow Warrior Legendary Edition,Xbox,6,No,2021,Racing,No,https://example.com/games/shadow-warrior-legendary-edition
Codename Panzers Remake,PC;PS4;Xbox;Switch,4,Yes,2021,Party;Action,No,https://example.com/games/codename-panzers-remake
Surviving the Aftermath Ultimate Edition,Xbox,8,No,2014,Shooter;Action,Yes,https://example.com/games/surviving-the-aftermath-ultimate-edition
Grounded Deluxe Edition,PC;PS4;Xbox,Many,No,2017,Action;Adventure,No,https://example.com/games/grounded-deluxe-edition
DayZ Omega Edition 3,PC;PS4;Xbox;Switch,,Yes,2023,Battle Royale;Shooter,No,https://example.com/games/dayz-omega-edition-3
Forza Motorsport Limited Edition,PC;PS5,4,No,2000,Tactical;Shooter,No,https://example.com/games/forza-motorsport-limited-edition
Offworld Trading Company 4,PC;PS5;Xbox,4,Yes,2013,Battle Royale;Shooter,No,https://example.com/games/offworld-trading-company-4
Stranded Deep Deluxe Edition,Xbox,,No,2009,Simulation;Sandbox,No,https://example.com/games/stranded-deep-deluxe-edition
Dragon Ball Z Dokkan Deluxe Edition,Xbox,Many,No,2011,Puzzle;Adventure,No,https://example.com/games/dragon-ball-z-dokkan-deluxe-edition
Next Car Game Deluxe Edition,PC;Xbox,,Yes,2000,Action;Platformer,No,https://example.com/games/next-car-game-deluxe-edition
GTA Premium Edition,PC;PS4;Xbox;Switch,Many,Yes,2004,Grand Strategy;Strategy,No,https://example.com/games/gta-premium-edition
Sable Beta Edition,PC;PS4;Xbox;Switch,4,No,2013,Simulation;Sandbox,No,https://example.com/games/sable-beta-edition
Berserk Musou Omega Edition 5,PC;PS5;Xbox,4,No,2021,Shooter;Action,No,https://example.com/games/berserk-musou-omega-edition-5
Frontlines Remastered,Xbox,4,No,2019,Sports,No,https://example.com/games/frontlines-remastered
Marvel's Midnight Suns,PC;PS5;Xbox;Switch,8,Yes,2005,Shooter;RPG,No,https://example.com/games/marvel-s-midnight-suns
Little Nightmares Premium Edition,PC;PS5;Xbox;Switch,4,Yes,2020,Puzzle;Adventure,No,https://example.com/games/little-nightmares-premium-edition
Girls Frontline 2,PS5;Xbox,,No,2014,Action;Adventure,No,https://example.com/games/girls-frontline-2
Front Mission 3 Omega Edition 3,PC;PS5,2,No,2021,Simulation,No,https://example.com/games/front-mission-3-omega-edition-3
Shadowverse Deluxe Edition,PC;PS4;Xbox,,No,2011,RPG;Action,No,https://example.com/games/shadowverse-deluxe-edition
Starsector Premium Edition,PC,,No,2021,Racing,No,https://example.com/games/starsector-premium-edition
13 Sentinels Last Edition,PC;PS5,4,No,2002,Action;Adventure,No,https://example.com/games/13-sentinels-last-edition
Minecraft Story Mode Remastered,PC;Xbox,6,No,2020,4X;Strategy,No,https://example.com/games/minecraft-story-mode-remastered
Stardew Valley 2,PS5;Xbox,3,Yes,2007,Simulation,Yes,https://example.com/games/stardew-valley-2
Trine 5,PC;PS5;Xbox,4,No,2003,Party;Action,No,https://example.com/games/trine-5
Sudden Strike Omega Edition,PC,8,No,2018,Shooter;RPG,No,https://example.com/games/sudden-strike-omega-edition
Eternal Card Game 2,PC;Switch,2,No,2001,4X;Strategy,No,https://example.com/games/eternal-card-game-2
Sable Complete Edition,PC;Switch,,No,2002,4X;Strategy,No,https://example.com/games/sable-complete-edition
Dark Souls Enhanced Edition,PC,,Yes,2019,Strategy;RTS,No,https://example.com/games/dark-souls-enhanced-edition
Mobile Suit Gundam Ultimate Edition,PS5;Xbox,,No,2015,Strategy;Turn-Based,No,https://example.com/games/mobile-suit-gundam-ultimate-edition
VA 11 HALLA Digital Edition,PC;Xbox,,Yes,2005,Action;Adventure,Yes,https://example.com/games/va-11-halla-digital-edition
Ark Omega Edition 3,PC;PS4;Xbox;Switch,3,No,2018,MOBA;Strategy,No,https://example.com/games/ark-omega-edition-3
Zombie Master Omega Edition 4,PC;PS4;Xbox,2,No,2002,Sports,No,https://example.com/games/zombie-master-omega-edition-4
Civilization Omega Edition 2,PC;Xbox,,Yes,2008,Puzzle;Adventure,Yes,https://example.com/games/civilization-omega-edition-2
Her Story,Xbox,Many,No,2015,Simulation,Yes,https://example.com/games/her-story
Heroes of the Storm 3,PC,,Yes,2003,Simulation;Sandbox,No,https://example.com/games/heroes-of-the-storm-3
One Piece Pirate Warriors Deluxe Edition,PC,Many,Yes,2022,Grand Strategy;Strategy,No,https://example.com/games/one-piece-pirate-warriors-deluxe-edition
The Dark Pictures Omega Edition 3,PC;PS5,2,No,2011,Simulation;Sandbox,No,https://example.com/games/the-dark-pictures-omega-edition-3
Hades Final Edition,PC,,No,2015,Puzzle;Adventure,No,https://example.com/games/hades-final-edition
Dynasty Warriors Omega Edition 5,PC;PS4;Xbox,8,No,2023,Puzzle;Adventure,No,https://example.com/games/dynasty-warriors-omega-edition-5
Last Day on Earth,PC;Xbox,6,No,2018,Simulation;Sandbox,Yes,https://example.com/games/last-day-on-earth
Farmville Omega Edition,PS5;Xbox,,No,2025,Simulation,Yes,https://example.com/games/farmville-omega-edition
Railroad Tycoon Alpha Edition,PS5;Xbox,,No,2016,Strategy;RTS,No,https://example.com/games/railroad-tycoon-alpha-edition
Asphalt Physical Edition,PC,2,No,2003,Battle Royale;Shooter,No,https://example.com/games/asphalt-physical-edition
Seven Deadly Sins 3,PC;PS4;Xbox;Switch,3,No,2003,Puzzle;Adventure,No,https://example.com/games/seven-deadly-sins-3
BioShock,PC;PS5;Xbox,,Yes,2008,MOBA;Strategy,No,https://example.com/games/bioshock
Dead Rising First Edition,PC;Xbox,,Yes,2005,Survival;Horror,No,https://example.com/games/dead-rising-first-edition
Gundam Wing Battle Definitive Edition,PC;PS4;Xbox;Switch,6,No,2024,Puzzle;Adventure,No,https://example.com/games/gundam-wing-battle-definitive-edition
Pioneer Legendary Edition,Xbox,Many,Yes,2005,Racing,No,https://example.com/games/pioneer-legendary-edition
Green Hell,PC;PS4;Xbox;Switch,3,No,2003,RPG;Action,No,https://example.com/games/green-hell
Amnesia Physical Edition,PC;PS5;Xbox,Many,No,2009,Simulation;Sandbox,No,https://example.com/games/amnesia-physical-edition
Empire Earth Game of the Year Edition,PC;PS5;Xbox;Switch,,No,2010,Survival;Horror,No,https://example.com/games/empire-earth-game-of-the-year-edition
Enlisted 2,Xbox,3,Yes,2000,Tactical;Shooter,Yes,https://example.com/games/enlisted-2
Evolve Standard Edition,PC;PS5;Xbox,4,Yes,2021,Sports,Yes,https://example.com/games/evolve-standard-edition
Honkai Star Rail Game of the Year Edition,PC;PS5;Xbox;Switch,,Yes,2007,Party;Action,No,https://example.com/games/honkai-star-rail-game-of-the-year-edition
Eternal Card Game Deluxe Edition,PC;PS5;Xbox,,No,2008,Tactical;Shooter,No,https://example.com/games/eternal-card-game-deluxe-edition
City Island Physical Edition,PC;PS5,2,No,2020,Survival;Horror,No,https://example.com/games/city-island-physical-edition
Rise of Kingdoms 4,PC;Switch,3,No,2006,Shooter;RPG,No,https://example.com/games/rise-of-kingdoms-4
Celeste Final Edition,PS5;Xbox,Many,No,2020,Action;Platformer,No,https://example.com/games/celeste-final-edition
Planet Zoo Alpha Edition,PC;PS5,4,No,2013,Simulation;Sandbox,No,https://example.com/games/planet-zoo-alpha-edition
Aetheris Beta Edition,PC;PS5,6,No,2025,Battle Royale;Shooter,No,https://example.com/games/aetheris-beta-edition
Offworld Trading Company Omega Edition 4,PC;Xbox,4,No,2013,4X;Strategy,No,https://example.com/games/offworld-trading-company-omega-edition-4
Metal Gear Definitive Edition,PC,,No,2025,Action;Platformer,No,https://example.com/games/metal-gear-definitive-edition
Pioneer Premium Edition,PC,,No,2018,Simulation,Yes,https://example.com/games/pioneer-premium-edition
Daemon X Machina Last Edition,Xbox,,No,2000,Strategy;RTS,No,https://example.com/games/daemon-x-machina-last-edition
Grip Combat Racing Legendary Edition,PC,6,Yes,2019,Shooter;Action,No,https://example.com/games/grip-combat-racing-legendary-edition
Counter-Strike Physical Edition,PS5;Xbox,2,No,2015,Battle Royale;Shooter,No,https://example.com/games/counter-strike-physical-edition
Metal Gear Rising Limited Edition,PS5;Xbox,,Yes,2025,Sandbox,Yes,https://example.com/games/metal-gear-rising-limited-edition
Total Warhammer Premium Edition,PC;PS4;Xbox,4,Yes,2005,Racing,No,https://example.com/games/total-warhammer-premium-edition
Trials Deluxe Edition,PS5;Xbox,4,No,2016,Action;Adventure,Yes,https://example.com/games/trials-deluxe-edition
Homeworld Collector's Edition,PC;Xbox,,Yes,2012,Tactical;Shooter,No,https://example.com/games/homeworld-collector-s-edition
Monster Hunter Last Edition,PC;PS4;Xbox;Switch,,No,2009,Puzzle;Adventure,No,https://example.com/games/monster-hunter-last-edition
H1Z1 Digital Edition,PC;PS5;Xbox,4,No,2024,Shooter;RPG,No,https://example.com/games/h1z1-digital-edition
Shadowrun 4,PC;PS5;Xbox,,No,2006,Survival;Sandbox,No,https://example.com/games/shadowrun-4
World of Tanks Omega Edition,PC;Xbox,,Yes,2024,Tactical;Shooter,No,https://example.com/games/world-of-tanks-omega-edition
Next Car Game Special Edition,PC;PS4;Xbox,,Yes,2019,MOBA;Strategy,No,https://example.com/games/next-car-game-special-edition
GTA Remake,PC;PS5;Xbox,,Yes,2011,Strategy;RTS,No,https://example.com/games/gta-remake
Gundam ZZ Battle Assault,PS5;Xbox,3,No,2000,Grand Strategy;Strategy,No,https://example.com/games/gundam-zz-battle-assault
Hill Climb Racing Remake,PC;PS5;Xbox,8,No,2005,Puzzle;Adventure,No,https://example.com/games/hill-climb-racing-remake
Total War Arena Standard Edition,PC;PS5,3,No,2008,MOBA;Strategy,No,https://example.com/games/total-war-arena-standard-edition
Griftlands Standard Edition,PC;PS4;Xbox;Switch,3,Yes,2022,MOBA;Strategy,Yes,https://example.com/games/griftlands-standard-edition
Astroneer Complete Edition,PC;PS5;Xbox,6,No,2002,4X;Strategy,Yes,https://example.com/games/astroneer-complete-edition
Redout 4,PS5;Xbox,4,No,2008,Puzzle;Adventure,No,https://example.com/games/redout-4
Albion Online Limited Edition,PC,8,Yes,2001,Tactical;Shooter,No,https://example.com/games/albion-online-limited-edition
Bulletstorm Collector's Edition,PC;PS4;Xbox,8,No,2019,Survival;Sandbox,No,https://example.com/games/bulletstorm-collector-s-edition
Squad Digital Edition,PC;PS5;Xbox;Switch,3,Yes,2020,MOBA;Strategy,Yes,https://example.com/games/squad-digital-edition
Rise of Kingdoms Omega Edition 4,PC;Xbox,,Yes,2021,Survival;Horror,Yes,https://example.com/games/rise-of-kingdoms-omega-edition-4
Left 4 Dead Anniversary Edition,PC;PS4;Xbox,6,Yes,2001,Party;Action,No,https://example.com/games/left-4-dead-anniversary-edition
Bad North 3,PS5;Xbox,,No,2012,Casual;Party,No,https://example.com/games/bad-north-3
Arknights Anniversary Edition,PC;PS4;Xbox;Switch,,No,2024,Tactical;Shooter,No,https://example.com/games/arknights-anniversary-edition
Vanquish Remake,PS5;Xbox,6,No,2020,Shooter;Action,No,https://example.com/games/vanquish-remake
Gundam Battle Special Edition,PC;PS5;Xbox;Switch,Many,Yes,2024,RPG;Action,No,https://example.com/games/gundam-battle-special-edition
Homeworld First Edition,PC;PS4;Xbox;Switch,4,Yes,2000,Action;Adventure,No,https://example.com/games/homeworld-first-edition
Factorio First Edition,PC;Switch,4,No,2015,Sports,No,https://example.com/games/factorio-first-edition
Wolfenstein Omega Edition 4,PC;PS4;Xbox;Switch,4,No,2015,Party;Action,No,https://example.com/games/wolfenstein-omega-edition-4
Planet Coaster Deluxe Edition,PC;Switch,Many,Yes,2023,Casual;Party,No,https://example.com/games/planet-coaster-deluxe-edition
Gundam Battle Remastered,PC;PS5;Xbox,,Yes,2006,Strategy;RTS,No,https://example.com/games/gundam-battle-remastered
Two Point Campus Remake,PC;PS4;Xbox,4,No,2024,Simulation;Sandbox,No,https://example.com/games/two-point-campus-remake
BioShock Standard Edition,PC;Xbox,,No,2006,MOBA;Strategy,No,https://example.com/games/bioshock-standard-edition
That Time I Got Reincarnated Omega Edition 4,PC;Xbox,,No,2019,Battle Royale;Shooter,No,https://example.com/games/that-time-i-got-reincarnated-omega-edition-4
Aven Colony Remake,Xbox,3,Yes,2020,Action;Platformer,No,https://example.com/games/aven-colony-remake
Atlas Omega Edition 3,PC;Xbox,,Yes,2024,Strategy;RTS,No,https://example.com/games/atlas-omega-edition-3
Arknights Enhanced Edition,PS5;Xbox,Many,No,2002,Action;Platformer,Yes,https://example.com/games/arknights-enhanced-edition
Tales of Vesperia 4,PC;Switch,,Yes,2019,Tactical;Shooter,No,https://example.com/games/tales-of-vesperia-4
Invisible Inc Enhanced Edition,Xbox,4,No,2025,Tactical;Shooter,Yes,https://example.com/games/invisible-inc-enhanced-edition
Portal First Edition,PC;Xbox,,Yes,2015,Casual;Party,No,https://example.com/games/portal-first-edition
Tokyo Mirage Sessions Beta Edition,Xbox,8,No,2008,Shooter;RPG,No,https://example.com/games/tokyo-mirage-sessions-beta-edition
Black Desert,PC;PS5,4,No,2025,Tactical;Shooter,No,https://example.com/games/black-desert
Days Gone Remastered,PC,4,No,2017,Survival;Horror,No,https://example.com/games/days-gone-remastered
Ronduine Game of the Year Edition,PC,,Yes,2011,Casual;Party,No,https://example.com/games/ronduine-game-of-the-year-edition
Crash Team Racing Omega Edition 2,PC;PS4;Xbox,3,No,2006,Survival;Sandbox,No,https://example.com/games/crash-team-racing-omega-edition-2
Flatout Special Edition,Xbox,Many,Yes,2009,Tactical;Shooter,Yes,https://example.com/games/flatout-special-edition
Until Dawn Remastered,PC;PS5,,Yes,2012,4X;Strategy,No,https://example.com/games/until-dawn-remastered
Blue Archive Legendary Edition,PC;PS4;Xbox,,No,2022,Puzzle;Adventure,No,https://example.com/games/blue-archive-legendary-edition
Chainsaw Man 5,PC;PS4;Xbox,,No,2016,Strategy;RTS,No,https://example.com/games/chainsaw-man-5
Log Horizon Deluxe Edition,PC;PS5;Xbox;Switch,,No,2005,Action;Platformer,No,https://example.com/games/log-horizon-deluxe-edition
Empire Four Kingdoms Ultimate Edition,PC;Xbox,,No,2024,Sandbox,No,https://example.com/games/empire-four-kingdoms-ultimate-edition
We Were Here Collector's Edition,PC;PS5;Xbox;Switch,3,No,2011,Strategy;Turn-Based,Yes,https://example.com/games/we-were-here-collector-s-edition
Devil May Cry Game of the Year Edition,PC,,No,2026,Party;Action,No,https://example.com/games/devil-may-cry-game-of-the-year-edition
Gran Turismo 2,Xbox,6,No,2024,Simulation;Sandbox,No,https://example.com/games/gran-turismo-2
Clash of Kings Enhanced Edition,Xbox,8,No,2005,Shooter;RPG,No,https://example.com/games/clash-of-kings-enhanced-edition
Platinum Games Omega Edition 2,PC,2,Yes,2025,Racing,No,https://example.com/games/platinum-games-omega-edition-2
Crosscode Last Edition,Xbox,3,Yes,2011,Strategy;Turn-Based,No,https://example.com/games/crosscode-last-edition
Green Hell Deluxe Edition,PC;Xbox,,Yes,2008,Strategy;RTS,No,https://example.com/games/green-hell-deluxe-edition
Guild Wars Deluxe Edition,Xbox,4,No,2023,Casual;Party,No,https://example.com/games/guild-wars-deluxe-edition
One Piece Bounty Rush 2,PC;PS5;Xbox;Switch,Many,No,2011,MOBA;Strategy,No,https://example.com/games/one-piece-bounty-rush-2
Dirt Omega Edition 5,PC;PS4;Xbox;Switch,,Yes,2000,Simulation;Sandbox,No,https://example.com/games/dirt-omega-edition-5
Age of Wonders Omega Edition 4,PS5;Xbox,Many,No,2026,Simulation,Yes,https://example.com/games/age-of-wonders-omega-edition-4
Boomerang Fu Remastered,PC;PS5,Many,No,2020,Simulation;Sandbox,No,https://example.com/games/boomerang-fu-remastered
Divinity Alpha Edition,PC;PS5;Xbox,8,Yes,2007,Simulation;Sandbox,No,https://example.com/games/divinity-alpha-edition
Gundam Seed Battle Beta Edition,Xbox,2,Yes,2007,Survival;Horror,No,https://example.com/games/gundam-seed-battle-beta-edition
Rainbow Six Standard Edition,PC;PS5,,Yes,2016,Survival;Sandbox,No,https://example.com/games/rainbow-six-standard-edition
Trackmania Omega Edition 2,PC;PS5;Xbox,6,No,2025,Sandbox,No,https://example.com/games/trackmania-omega-edition-2
Smite Omega Edition 2,PC;PS5,3,No,2019,RPG;Action,No,https://example.com/games/smite-omega-edition-2
Offworld Trading Company Omega Edition 3,PC;Xbox,4,No,2021,RPG;Action,No,https://example.com/games/offworld-trading-company-omega-edition-3
Jak and Daxter Complete Edition,PC,,No,2020,Survival;Horror,No,https://example.com/games/jak-and-daxter-complete-edition
Gundam ZZ Battle Assault 2,PC;PS5,4,No,2006,Simulation,No,https://example.com/games/gundam-zz-battle-assault-2
Company of Heroes Remastered,PC;PS4;Xbox,,No,2015,Grand Strategy;Strategy,No,https://example.com/games/company-of-heroes-remastered
Age of Empires Final Edition,PC;Xbox,8,Yes,2009,Shooter;RPG,Yes,https://example.com/games/age-of-empires-final-edition
Redneck Rampage,PC;PS4;Xbox,,Yes,2001,Puzzle;Adventure,No,https://example.com/games/redneck-rampage
Zero Escape Anniversary Edition,PC;PS5;Xbox;Switch,,No,2024,Shooter;RPG,No,https://example.com/games/zero-escape-anniversary-edition
Wonderful 101 Premium Edition,PC;Xbox,8,Yes,2026,Action;Adventure,No,https://example.com/games/wonderful-101-premium-edition
Townscaper Premium Edition,PC;PS5;Xbox;Switch,3,No,2003,Survival;Horror,Yes,https://example.com/games/townscaper-premium-edition
Gundam ZZ Battle Assault Omega Edition 4,Xbox,4,Yes,2009,Shooter;Action,No,https://example.com/games/gundam-zz-battle-assault-omega-edition-4
Guardians of the Galaxy Telltale Complete Edition,PC;PS5;Xbox,4,No,2012,Shooter;Action,No,https://example.com/games/guardians-of-the-galaxy-telltale-complete-edition
Rust Ultimate Edition,PC;Switch,3,Yes,2002,Survival;Sandbox,No,https://example.com/games/rust-ultimate-edition
Chrono Trigger Special Edition,PS5;Xbox,,No,2025,Action;Platformer,Yes,https://example.com/games/chrono-trigger-special-edition
Zombie Panic Source Anniversary Edition,PC;PS4;Xbox,,No,2002,Simulation;Sandbox,No,https://example.com/games/zombie-panic-source-anniversary-edition
Stellaris 4,PC;Switch,Many,Yes,2009,Action;Adventure,No,https://example.com/games/stellaris-4
Chainsaw Man Omega Edition,PC;PS5;Xbox,2,Yes,2000,Sports,Yes,https://example.com/games/chainsaw-man-omega-edition
Marvel's Midnight Suns Alpha Edition,PC,2,No,2014,Strategy;RTS,No,https://example.com/games/marvel-s-midnight-suns-alpha-edition
Overcooked Alpha Edition,PC;Xbox,3,Yes,2023,Action;Adventure,No,https://example.com/games/overcooked-alpha-edition
Dyson Sphere Program 5,PC;PS4;Xbox;Switch,3,Yes,2021,Grand Strategy;Strategy,No,https://example.com/games/dyson-sphere-program-5
Attack on Titan Last Edition,PC,8,Yes,2004,Grand Strategy;Strategy,No,https://example.com/games/attack-on-titan-last-edition
Doom Alpha Edition,PS5;Xbox,,No,2026,Simulation,No,https://example.com/games/doom-alpha-edition
Surviving the Aftermath Remake,PC;PS4;Xbox;Switch,,No,2020,Tactical;Shooter,Yes,https://example.com/games/surviving-the-aftermath-remake
The Walking Dead Remastered,Xbox,2,No,2013,Action;Adventure,No,https://example.com/games/the-walking-dead-remastered
Remnant Ultimate Edition,PC;Xbox,,No,2018,Survival;Horror,No,https://example.com/games/remnant-ultimate-edition
Starsector Remake,PS5;Xbox,Many,No,2000,Racing,No,https://example.com/games/starsector-remake
Journey 4,PC;PS4;Xbox,,No,2020,Simulation,Yes,https://example.com/games/journey-4
Crosscode Enhanced Edition,PS5;Xbox,,No,2003,Shooter;Action,No,https://example.com/games/crosscode-enhanced-edition
Heroes of the Storm Deluxe Edition,PC;PS5;Xbox,,No,2022,Strategy;RTS,No,https://example.com/games/heroes-of-the-storm-deluxe-edition
Supreme Commander Omega Edition 5,PC,4,No,2006,Casual;Party,No,https://example.com/games/supreme-commander-omega-edition-5
Warhammer Fantasy Collector's Edition,PC;PS4;Xbox;Switch,4,No,2005,Shooter;Action,Yes,https://example.com/games/warhammer-fantasy-collector-s-edition
Rust Remastered,PC;PS5;Xbox;Switch,8,Yes,2017,Sports,No,https://example.com/games/rust-remastered
Baten Kaitos Omega Edition 4,PS5;Xbox,2,No,2010,Grand Strategy;Strategy,No,https://example.com/games/baten-kaitos-omega-edition-4
Just Cause Premium Edition,PC;PS5;Xbox;Switch,Many,No,2026,Grand Strategy;Strategy,No,https://example.com/games/just-cause-premium-edition
Last Day on Earth 5,PC;PS5,Many,No,2004,Shooter;Action,Yes,https://example.com/games/last-day-on-earth-5
Forza Horizon 5,PC;PS4;Xbox,4,No,2017,Grand Strategy;Strategy,No,https://example.com/games/forza-horizon-5
Blood Final Edition,Xbox,4,No,2009,Shooter;RPG,No,https://example.com/games/blood-final-edition
Lunar Omega Edition 2,PC;PS5;Xbox,4,No,2000,Casual;Party,No,https://example.com/games/lunar-omega-edition-2
Next Car Game Last Edition,PC;PS5,4,Yes,2013,Survival;Horror,No,https://example.com/games/next-car-game-last-edition
Chainsaw Man Standard Edition,PC,,Yes,2007,Action;Platformer,No,https://example.com/games/chainsaw-man-standard-edition
Gundam Extreme Vs Enhanced Edition,PS5;Xbox,2,No,2010,Party;Action,Yes,https://example.com/games/gundam-extreme-vs-enhanced-edition
Post Scriptum Beta Edition,PC;PS4;Xbox,,No,2026,Sports,No,https://example.com/games/post-scriptum-beta-edition
Deliver Us Moon Definitive Edition,PC;PS5;Xbox,3,No,2026,Simulation,Yes,https://example.com/games/deliver-us-moon-definitive-edition
Hades 3,PC,,Yes,2006,Shooter;RPG,No,https://example.com/games/hades-3
Tales of Vesperia Omega Edition 4,PC;Switch,4,Yes,2019,Puzzle;Adventure,No,https://example.com/games/tales-of-vesperia-omega-edition-4
Amnesia Collector's Edition,PC;PS5,,No,2008,Shooter;RPG,Yes,https://example.com/games/amnesia-collector-s-edition
Sky Children of the Light 2,Xbox,,No,2016,Grand Strategy;Strategy,No,https://example.com/games/sky-children-of-the-light-2
Gundam Seed Battle Operation Game of the Year Edition,Xbox,,Yes,2003,Sandbox,No,https://example.com/games/gundam-seed-battle-operation-game-of-the-year-edition
Attack on Titan Remake,PC;PS5;Xbox;Switch,8,No,2007,Shooter;RPG,No,https://example.com/games/attack-on-titan-remake
Goblin Slayer,PC;PS5;Xbox;Switch,,Yes,2013,Shooter;RPG,No,https://example.com/games/goblin-slayer
Saints Row,PC;Xbox,,Yes,2014,Strategy;RTS,No,https://example.com/games/saints-row
Quake Remastered,PS5;Xbox,6,No,2006,Party;Action,No,https://example.com/games/quake-remastered
Homeworld Final Edition,PC;PS5;Xbox,2,No,2004,Action;Adventure,Yes,https://example.com/games/homeworld-final-edition
Gundam Seed Battle Assault 9 Omega Edition 2,PC;PS4;Xbox;Switch,3,No,2016,Tactical;Shooter,Yes,https://example.com/games/gundam-seed-battle-assault-9-omega-edition-2
Metal Gear Physical Edition,PC;Switch,3,Yes,2010,Survival;Horror,No,https://example.com/games/metal-gear-physical-edition
Azur Lane Omega Edition 5,PC,,Yes,2023,Action;Adventure,No,https://example.com/games/azur-lane-omega-edition-5
Inscryption Omega Edition 3,PS5;Xbox,,No,2020,Action;Adventure,Yes,https://example.com/games/inscryption-omega-edition-3
Subnautica Premium Edition,Xbox,4,Yes,2015,Strategy;Turn-Based,Yes,https://example.com/games/subnautica-premium-edition
Return of the Obra Dinn 5,PC;PS5;Xbox;Switch,,Yes,2023,Shooter;RPG,No,https://example.com/games/return-of-the-obra-dinn-5
Trine Alpha Edition,PC;PS5;Xbox;Switch,,No,2010,Action;Platformer,No,https://example.com/games/trine-alpha-edition
Lawbreakers 3,PC;PS5;Xbox;Switch,4,No,2009,Action;Platformer,Yes,https://example.com/games/lawbreakers-3
Unrailed 4,PC;Xbox,,Yes,2025,Battle Royale;Shooter,No,https://example.com/games/unrailed-4
Arena of Valor Standard Edition,PC,2,Yes,2006,Sports,No,https://example.com/games/arena-of-valor-standard-edition
Metroid Ultimate Edition,PS5;Xbox,Many,No,2010,Action;Adventure,Yes,https://example.com/games/metroid-ultimate-edition
Astroneer Digital Edition,PS5;Xbox,,Yes,2005,Shooter;Action,No,https://example.com/games/astroneer-digital-edition
Cities Skylines Alpha Edition,PC;Switch,,No,2022,Battle Royale;Shooter,No,https://example.com/games/cities-skylines-alpha-edition
Jurassic World Evolution Premium Edition,Xbox,4,No,2005,Action;Platformer,No,https://example.com/games/jurassic-world-evolution-premium-edition
Miscreated Omega Edition 5,PS5;Xbox,4,Yes,2021,Survival;Horror,Yes,https://example.com/games/miscreated-omega-edition-5
Shadowrun Game of the Year Edition,PS5;Xbox,,Yes,2003,Racing,No,https://example.com/games/shadowrun-game-of-the-year-edition
Prison Architect Beta Edition,PC;PS5,,Yes,2016,Strategy;Turn-Based,Yes,https://example.com/games/prison-architect-beta-edition
Grey Goo Physical Edition,PS5;Xbox,,Yes,2022,4X;Strategy,No,https://example.com/games/grey-goo-physical-edition
Bad North 4,PC;Xbox,2,Yes,2010,Simulation,No,https://example.com/games/bad-north-4
Grand Theft Auto Game of the Year Edition,PC;PS5;Xbox;Switch,8,No,2005,Survival;Horror,Yes,https://example.com/games/grand-theft-auto-game-of-the-year-edition
Sam and Max Legendary Edition,PC;PS4;Xbox;Switch,4,No,2023,Tactical;Shooter,No,https://example.com/games/sam-and-max-legendary-edition
Twisted Metal Enhanced Edition,PC;Xbox,,No,2011,Shooter;Action,No,https://example.com/games/twisted-metal-enhanced-edition
Asphalt Omega Edition 3,PC;PS5;Xbox;Switch,4,No,2012,Racing,Yes,https://example.com/games/asphalt-omega-edition-3
Jackbox Omega Edition 3,Xbox,6,Yes,2021,Casual;Party,No,https://example.com/games/jackbox-omega-edition-3
Resident Evil Deluxe Edition,PC;Switch,,Yes,2000,Puzzle;Adventure,No,https://example.com/games/resident-evil-deluxe-edition
Iron Harvest Omega Edition,PC;PS5,Many,No,2000,Survival;Horror,No,https://example.com/games/iron-harvest-omega-edition
Wreckfest Remastered,PS5;Xbox,6,No,2024,Survival;Sandbox,No,https://example.com/games/wreckfest-remastered
Prison Architect Last Edition,PC;PS5;Xbox,,No,2016,Simulation;Sandbox,No,https://example.com/games/prison-architect-last-edition
Mindustry Omega Edition 4,PC;PS5;Xbox;Switch,,Yes,2014,4X;Strategy,No,https://example.com/games/mindustry-omega-edition-4
Zombie Panic Source Last Edition,PC,6,No,2023,Strategy;Turn-Based,No,https://example.com/games/zombie-panic-source-last-edition
Enter the Gungeon Enhanced Edition,PC;Switch,,Yes,2021,Survival;Horror,No,https://example.com/games/enter-the-gungeon-enhanced-edition
Timberborn Omega Edition 3,PC;PS4;Xbox,4,No,2009,Sports,No,https://example.com/games/timberborn-omega-edition-3
Killing Floor Alpha Edition,PC;PS4;Xbox,Many,No,2004,Tactical;Shooter,Yes,https://example.com/games/killing-floor-alpha-edition
Ultimate Chicken Horse Anniversary Edition,PC,,Yes,2002,Simulation,No,https://example.com/games/ultimate-chicken-horse-anniversary-edition
Raft Omega Edition,PC;Switch,8,No,2012,Grand Strategy;Strategy,Yes,https://example.com/games/raft-omega-edition
Tyranny First Edition,PC,,Yes,2019,Action;Adventure,No,https://example.com/games/tyranny-first-edition
Rocket League Omega Edition 5,PC;PS5;Xbox;Switch,,Yes,2015,Survival;Horror,No,https://example.com/games/rocket-league-omega-edition-5
Dirt 3,PC;PS5;Xbox;Switch,6,No,2001,Strategy;Turn-Based,No,https://example.com/games/dirt-3
Trine Omega Edition,Xbox,,No,2019,Strategy;Turn-Based,No,https://example.com/games/trine-omega-edition
Tetris Omega Edition,PC;Xbox,,No,2003,Strategy;RTS,No,https://example.com/games/tetris-omega-edition
Raft Deluxe Edition,PC;PS4;Xbox,,No,2000,Simulation;Sandbox,No,https://example.com/games/raft-deluxe-edition
Frostpunk Omega Edition,PC;PS4;Xbox;Switch,,Yes,2020,Shooter;RPG,No,https://example.com/games/frostpunk-omega-edition
Iron Harvest Enhanced Edition,Xbox,8,No,2008,Tactical;Shooter,No,https://example.com/games/iron-harvest-enhanced-edition
Sky Children of the Light Digital Edition,PC;PS4;Xbox;Switch,2,No,2006,Racing,No,https://example.com/games/sky-children-of-the-light-digital-edition
No Game No Life,PC;PS5;Xbox;Switch,,No,2005,Simulation;Sandbox,No,https://example.com/games/no-game-no-life
Sudden Strike Omega Edition 5,PC;Xbox,Many,No,2019,4X;Strategy,No,https://example.com/games/sudden-strike-omega-edition-5
Risk of Rain 2 Remake,PC;Xbox,8,No,2008,Puzzle;Adventure,No,https://example.com/games/risk-of-rain-2-remake
Fallout Tactics Deluxe Edition,PC;PS4;Xbox;Switch,4,Yes,2006,Simulation,No,https://example.com/games/fallout-tactics-deluxe-edition
Dying Light 2,PC;PS4;Xbox;Switch,,No,2012,Action;Platformer,Yes,https://example.com/games/dying-light-2
Until Dawn 2,PC,,Yes,2011,MOBA;Strategy,No,https://example.com/games/until-dawn-2
Dead Cells First Edition,PC;PS4;Xbox;Switch,,No,2014,Shooter;RPG,No,https://example.com/games/dead-cells-first-edition
Gundam Wing Battle Omega Edition 4,PC;Switch,4,Yes,2021,MOBA;Strategy,Yes,https://example.com/games/gundam-wing-battle-omega-edition-4
0 AD 4,PC;PS5,4,No,2018,Action;Adventure,No,https://example.com/games/0-ad-4
Nioh Enhanced Edition,PC;Switch,,No,2023,Simulation,No,https://example.com/games/nioh-enhanced-edition
Silent Hill Physical Edition,PC;Switch,6,Yes,2003,Shooter;RPG,Yes,https://example.com/games/silent-hill-physical-edition
Heretic Digital Edition,Xbox,4,No,2019,Grand Strategy;Strategy,No,https://example.com/games/heretic-digital-edition
Goblin Slayer 4,PC,2,Yes,2012,Survival;Horror,No,https://example.com/games/goblin-slayer-4
Disco Elysium Special Edition,Xbox,4,No,2021,4X;Strategy,Yes,https://example.com/games/disco-elysium-special-edition
Warhammer 40K Mechanicus Complete Edition,PC;PS5;Xbox;Switch,2,No,2000,Strategy;RTS,Yes,https://example.com/games/warhammer-40k-mechanicus-complete-edition
Gundam Seed Battle Assault 6,PC;PS4;Xbox;Switch,,Yes,2023,Simulation,No,https://example.com/games/gundam-seed-battle-assault-6
Heretic Definitive Edition,PC;Switch,,No,2006,MOBA;Strategy,No,https://example.com/games/heretic-definitive-edition
Tower of Fantasy Remastered,PS5;Xbox,4,No,2020,Strategy;Turn-Based,No,https://example.com/games/tower-of-fantasy-remastered
Hell Let Loose Game of the Year Edition,PC;Xbox,,Yes,2001,Sports,No,https://example.com/games/hell-let-loose-game-of-the-year-edition
Serious Sam Final Edition,PC;PS4;Xbox;Switch,,No,2011,Grand Strategy;Strategy,No,https://example.com/games/serious-sam-final-edition
Planet Coaster Complete Edition,PC;PS5,3,No,2024,Party;Action,No,https://example.com/games/planet-coaster-complete-edition
Shapez Omega Edition,PC;PS5;Xbox;Switch,4,No,2005,Shooter;Action,Yes,https://example.com/games/shapez-omega-edition
Cities Skylines Final Edition,PC;PS5,,No,2002,Survival;Sandbox,Yes,https://example.com/games/cities-skylines-final-edition
Puyo Puyo Definitive Edition,PC;PS5;Xbox;Switch,8,Yes,2006,Action;Platformer,No,https://example.com/games/puyo-puyo-definitive-edition
Naruto 4,PC;PS5;Xbox;Switch,8,No,2010,Casual;Party,No,https://example.com/games/naruto-4
Tales of Symphonia Limited Edition,PC;PS4;Xbox,,No,2003,Simulation,No,https://example.com/games/tales-of-symphonia-limited-edition
Gwent 2,PS5;Xbox,4,Yes,2015,Grand Strategy;Strategy,No,https://example.com/games/gwent-2
StarCraft Omega Edition 4,PC;PS5;Xbox,,No,2003,Action;Adventure,No,https://example.com/games/starcraft-omega-edition-4
Dragon Ball Z Dokkan Omega Edition 3,PC;PS4;Xbox;Switch,Many,No,2015,Casual;Party,No,https://example.com/games/dragon-ball-z-dokkan-omega-edition-3
Persona 5 Strikers Standard Edition,PC;PS5,,No,2010,Grand Strategy;Strategy,Yes,https://example.com/games/persona-5-strikers-standard-edition
CSR Racing Limited Edition,PC;PS5;Xbox;Switch,,No,2008,Survival;Horror,No,https://example.com/games/csr-racing-limited-edition
Overwatch 5,PS5;Xbox,6,Yes,2001,RPG;Action,No,https://example.com/games/overwatch-5
Unrailed Alpha Edition,PC;Xbox,,No,2023,Strategy;RTS,No,https://example.com/games/unrailed-alpha-edition
Diablo Complete Edition,PC;PS5,Many,No,2019,Sandbox,No,https://example.com/games/diablo-complete-edition
Europa Universalis Game of the Year Edition,PC,,No,2004,Strategy;Turn-Based,No,https://example.com/games/europa-universalis-game-of-the-year-edition
Medal of Honor Beta Edition,PC;Switch,6,No,2007,Battle Royale;Shooter,Yes,https://example.com/games/medal-of-honor-beta-edition
Minecraft Story Mode Standard Edition,PC;PS5,,Yes,2001,Action;Adventure,No,https://example.com/games/minecraft-story-mode-standard-edition
Ninja Gaiden Ultimate Edition,PS5;Xbox,4,No,2022,Shooter;Action,Yes,https://example.com/games/ninja-gaiden-ultimate-edition
Painkiller,PC;PS5;Xbox,3,Yes,2002,Shooter;RPG,No,https://example.com/games/painkiller
Mudrunner Physical Edition,PS5;Xbox,2,No,2018,Sandbox,No,https://example.com/games/mudrunner-physical-edition
Wuthering Waves Definitive Edition,Xbox,,Yes,2005,Battle Royale;Shooter,Yes,https://example.com/games/wuthering-waves-definitive-edition
Planetary Annihilation Final Edition,PC;PS5;Xbox;Switch,Many,Yes,2000,Strategy;RTS,No,https://example.com/games/planetary-annihilation-final-edition
Deliver Us Moon Collector's Edition,PC;PS5,3,No,2015,Sandbox,No,https://example.com/games/deliver-us-moon-collector-s-edition
Etrian Odyssey Remastered,PC;PS5,4,Yes,2015,Battle Royale;Shooter,No,https://example.com/games/etrian-odyssey-remastered
Puyo Puyo Remastered,PC;Xbox,4,No,2023,Action;Adventure,No,https://example.com/games/puyo-puyo-remastered
Moving Out Enhanced Edition,PC;PS4;Xbox,3,Yes,2015,Action;Platformer,Yes,https://example.com/games/moving-out-enhanced-edition
Sonic Racing Complete Edition,PC;PS5,2,No,2008,Survival;Horror,No,https://example.com/games/sonic-racing-complete-edition
Blue Archive Digital Edition,PC;Switch,,Yes,2006,Sports,No,https://example.com/games/blue-archive-digital-edition
Tales of Graces Game of the Year Edition,PC;PS4;Xbox;Switch,,No,2021,Tactical;Shooter,No,https://example.com/games/tales-of-graces-game-of-the-year-edition
Oxygen Not Included Premium Edition,Xbox,8,No,2012,Simulation;Sandbox,No,https://example.com/games/oxygen-not-included-premium-edition
Overlord 5,PC;Xbox,,No,2004,Strategy;Turn-Based,No,https://example.com/games/overlord-5
Outer Wilds Complete Edition,Xbox,,Yes,2022,Survival;Horror,Yes,https://example.com/games/outer-wilds-complete-edition
Tokyo Ghoul Remastered,PC;PS4;Xbox,4,No,2004,Action;Platformer,Yes,https://example.com/games/tokyo-ghoul-remastered
Clash Royale 2,Xbox,3,No,2010,Racing,No,https://example.com/games/clash-royale-2
Township Physical Edition,PC;PS4;Xbox,8,No,2021,4X;Strategy,Yes,https://example.com/games/township-physical-edition
Hearthstone Legendary Edition,PC,3,No,2020,Survival;Horror,No,https://example.com/games/hearthstone-legendary-edition
The Long Dark 4,PC;PS5;Xbox;Switch,8,Yes,2005,RPG;Action,No,https://example.com/games/the-long-dark-4
Evolve Omega Edition 4,PC;Xbox,,Yes,2023,Survival;Horror,No,https://example.com/games/evolve-omega-edition-4
Battleborn Limited Edition,PC;Switch,2,No,2023,MOBA;Strategy,Yes,https://example.com/games/battleborn-limited-edition
Fez Omega Edition 5,PC;PS5;Xbox;Switch,6,Yes,2021,Strategy;Turn-Based,No,https://example.com/games/fez-omega-edition-5
Northgard Last Edition,PS5;Xbox,2,No,2024,Party;Action,No,https://example.com/games/northgard-last-edition
Flatout Remake,PC;Xbox,Many,No,2015,Survival;Horror,No,https://example.com/games/flatout-remake
Call of Duty Anniversary Edition,PC;Switch,,No,2025,Survival;Sandbox,No,https://example.com/games/call-of-duty-anniversary-edition
Wreckfest Deluxe Edition,PC;Switch,6,No,2006,MOBA;Strategy,No,https://example.com/games/wreckfest-deluxe-edition
Far Cry Final Edition,PC;PS4;Xbox,8,No,2011,Racing,No,https://example.com/games/far-cry-final-edition
Metal Gear Last Edition,PC;Xbox,4,No,2001,Sandbox,No,https://example.com/games/metal-gear-last-edition
Cosmic Star Heroine Omega Edition,PC;Xbox,4,No,2023,Action;Adventure,No,https://example.com/games/cosmic-star-heroine-omega-edition
Metal Gear Legendary Edition,PC;PS5;Xbox;Switch,2,Yes,2005,Sports,No,https://example.com/games/metal-gear-legendary-edition
Unturned Omega Edition 2,PC;PS5;Xbox,,Yes,2022,Strategy;Turn-Based,No,https://example.com/games/unturned-omega-edition-2
City Island First Edition,PC;PS5,,No,2021,Battle Royale;Shooter,Yes,https://example.com/games/city-island-first-edition
Ratchet and Clank Omega Edition 2,PC;Switch,,Yes,2005,Survival;Sandbox,No,https://example.com/games/ratchet-and-clank-omega-edition-2
Call of Duty Game of the Year Edition,Xbox,4,No,2024,MOBA;Strategy,No,https://example.com/games/call-of-duty-game-of-the-year-edition
Armored Core 4,PC;Xbox,,No,2005,Casual;Party,No,https://example.com/games/armored-core-4
Traffic Rider Premium Edition,PC;Xbox,,Yes,2013,Survival;Horror,No,https://example.com/games/traffic-rider-premium-edition
Gundam Seed Battle Assault 7 Omega Edition,PC;PS4;Xbox,,No,2008,Shooter;Action,No,https://example.com/games/gundam-seed-battle-assault-7-omega-edition
Tropico Complete Edition,PC;Xbox,4,No,2007,RPG;Action,Yes,https://example.com/games/tropico-complete-edition
Pummel Party Omega Edition 3,PC;PS5,8,No,2016,Tactical;Shooter,Yes,https://example.com/games/pummel-party-omega-edition-3
Dorfromantik Remake,PC;PS4;Xbox,Many,Yes,2019,Action;Adventure,Yes,https://example.com/games/dorfromantik-remake
Xenonauts Omega Edition 3,PC;PS4;Xbox,3,No,2014,Shooter;Action,No,https://example.com/games/xenonauts-omega-edition-3
Poker Night 5,PC;Xbox,,Yes,2020,RPG;Action,No,https://example.com/games/poker-night-5
Gundam Seed Battle Assault 9 Special Edition,PC;PS4;Xbox,,Yes,2012,RPG;Action,No,https://example.com/games/gundam-seed-battle-assault-9-special-edition
Gundam Seed Battle Assault 8 Omega Edition 5,PC;Xbox,2,No,2019,Sports,No,https://example.com/games/gundam-seed-battle-assault-8-omega-edition-5
Poker Night Game of the Year Edition,PC;Xbox,,No,2026,Shooter;Action,No,https://example.com/games/poker-night-game-of-the-year-edition
DayZ First Edition,PC;Switch,4,No,2012,Strategy;RTS,No,https://example.com/games/dayz-first-edition
Returnal Digital Edition,PC;Switch,6,No,2014,4X;Strategy,No,https://example.com/games/returnal-digital-edition
Two Point Game of the Year Edition,PC,,No,2013,Puzzle;Adventure,No,https://example.com/games/two-point-game-of-the-year-edition
Squad Alpha Edition,Xbox,,Yes,2024,Strategy;RTS,No,https://example.com/games/squad-alpha-edition
Zill O'll Anniversary Edition,PC;PS4;Xbox,4,No,2008,Strategy;Turn-Based,No,https://example.com/games/zill-o-ll-anniversary-edition
Albion Online Beta Edition,PC;PS5,3,No,2010,Party;Action,No,https://example.com/games/albion-online-beta-edition
Palworld Remastered,PC;Switch,6,No,2003,Casual;Party,No,https://example.com/games/palworld-remastered
Surviving Mars Beta Edition,PS5;Xbox,4,No,2007,Tactical;Shooter,No,https://example.com/games/surviving-mars-beta-edition
Spelunky Omega Edition 2,PC;PS5;Xbox,,No,2018,Battle Royale;Shooter,No,https://example.com/games/spelunky-omega-edition-2
Empire Earth Premium Edition,PC;Switch,2,No,2018,Survival;Sandbox,Yes,https://example.com/games/empire-earth-premium-edition
Traffic Rider First Edition,Xbox,,Yes,2003,Strategy;Turn-Based,No,https://example.com/games/traffic-rider-first-edition
Warframe Legendary Edition,PC;PS4;Xbox,2,No,2009,Survival;Sandbox,No,https://example.com/games/warframe-legendary-edition
Killing Floor Standard Edition,PC,,Yes,2002,Simulation,No,https://example.com/games/killing-floor-standard-edition
Torchlight Alpha Edition,PS5;Xbox,,Yes,2023,Survival;Sandbox,No,https://example.com/games/torchlight-alpha-edition
Xenosaga,PC;PS4;Xbox;Switch,6,No,2016,Shooter;RPG,No,https://example.com/games/xenosaga
Age of Empires Last Edition,PS5;Xbox,4,No,2021,Racing,No,https://example.com/games/age-of-empires-last-edition
Smite Enhanced Edition,PC;PS5;Xbox,Many,No,2024,RPG;Action,Yes,https://example.com/games/smite-enhanced-edition
Gundam Seed Battle Assault 3 Omega Edition 2,PS5;Xbox,2,Yes,2015,4X;Strategy,No,https://example.com/games/gundam-seed-battle-assault-3-omega-edition-2
Live a Live Remastered,PC;Switch,8,No,2017,Racing,Yes,https://example.com/games/live-a-live-remastered
Bread and Fred First Edition,PC,,Yes,2013,Strategy;Turn-Based,No,https://example.com/games/bread-and-fred-first-edition
Doom 5,PC;Switch,,Yes,2020,Simulation,No,https://example.com/games/doom-5
Warhammer 40K Inquisitor Physical Edition,PC,8,Yes,2025,Survival;Horror,No,https://example.com/games/warhammer-40k-inquisitor-physical-edition
Flatout Omega Edition,PS5;Xbox,,Yes,2011,Action;Platformer,Yes,https://example.com/games/flatout-omega-edition
Assassin's Creed Omega Edition 5,PC;PS5,,No,2012,Party;Action,No,https://example.com/games/assassin-s-creed-omega-edition-5
Left 4 Dead,PC;PS4;Xbox;Switch,Many,No,2015,Survival;Sandbox,No,https://example.com/games/left-4-dead
Mortal Online Legendary Edition,PC;Xbox,2,No,2019,4X;Strategy,Yes,https://example.com/games/mortal-online-legendary-edition
Live a Live Enhanced Edition,PC,,No,2021,Strategy;Turn-Based,No,https://example.com/games/live-a-live-enhanced-edition
Eternal Card Game Alpha Edition,PC;PS5;Xbox;Switch,,Yes,2019,Puzzle;Adventure,No,https://example.com/games/eternal-card-game-alpha-edition
Star Ocean Omega Edition 5,PC;PS5;Xbox;Switch,,No,2011,Simulation,No,https://example.com/games/star-ocean-omega-edition-5
Super Robot Wars Anniversary Edition,PC;Xbox,,No,2007,Sports,No,https://example.com/games/super-robot-wars-anniversary-edition
Gundam Seed Battle Assault 8 Deluxe Edition,PC;PS5,6,Yes,2022,Shooter;Action,Yes,https://example.com/games/gundam-seed-battle-assault-8-deluxe-edition
God of War Remastered,PC;PS5;Xbox;Switch,2,No,2011,Survival;Sandbox,No,https://example.com/games/god-of-war-remastered
Oxygen Not Included Complete Edition,Xbox,,No,2001,Shooter;RPG,No,https://example.com/games/oxygen-not-included-complete-edition
Colin McRae 4,PC;Xbox,Many,No,2007,Casual;Party,No,https://example.com/games/colin-mcrae-4
Guardians of the Galaxy Telltale Enhanced Edition,PC;Xbox,4,Yes,2018,Sports,Yes,https://example.com/games/guardians-of-the-galaxy-telltale-enhanced-edition
Dead Cells Omega Edition 2,PC,Many,No,2017,MOBA;Strategy,No,https://example.com/games/dead-cells-omega-edition-2
Palworld Final Edition,Xbox,,Yes,2004,Strategy;Turn-Based,Yes,https://example.com/games/palworld-final-edition
Subnautica Remake,Xbox,6,No,2021,Sports,No,https://example.com/games/subnautica-remake
Chrono Cross 4,PC,4,No,2009,Battle Royale;Shooter,Yes,https://example.com/games/chrono-cross-4
Deliver Us Mars Omega Edition 5,PC;PS5;Xbox;Switch,3,No,2018,Sports,No,https://example.com/games/deliver-us-mars-omega-edition-5
Wreckfest Omega Edition 2,PC;Switch,4,No,2025,Sports,No,https://example.com/games/wreckfest-omega-edition-2
Fallout Tactics Ultimate Edition,PC;PS4;Xbox,,No,2010,Simulation;Sandbox,No,https://example.com/games/fallout-tactics-ultimate-edition
Jujutsu Kaisen Final Edition,Xbox,8,Yes,2011,Survival;Horror,No,https://example.com/games/jujutsu-kaisen-final-edition
Payday 4,PC;PS4;Xbox,Many,Yes,2010,Strategy;Turn-Based,No,https://example.com/games/payday-4
Apex Legends Remake,PC;PS4;Xbox,8,No,2004,Casual;Party,Yes,https://example.com/games/apex-legends-remake
Fallout Enhanced Edition,Xbox,,Yes,2013,Puzzle;Adventure,No,https://example.com/games/fallout-enhanced-edition
Codename Cure,PC,4,No,2024,Action;Adventure,Yes,https://example.com/games/codename-cure
Fallout Tactics Last Edition,PC;PS4;Xbox,,No,2017,MOBA;Strategy,No,https://example.com/games/fallout-tactics-last-edition
Jurassic World Evolution 4,PC;Xbox,4,Yes,2011,Sandbox,No,https://example.com/games/jurassic-world-evolution-4
Sunset Overdrive Legendary Edition,PC;PS5;Xbox,Many,No,2008,Grand Strategy;Strategy,No,https://example.com/games/sunset-overdrive-legendary-edition
Puyo Puyo Final Edition,PC,4,Yes,2000,Action;Adventure,No,https://example.com/games/puyo-puyo-final-edition
Metroid 3,PS5;Xbox,8,Yes,2019,Simulation,No,https://example.com/games/metroid-3
UFO 50 Special Edition,PC;PS5;Xbox;Switch,6,No,2019,Shooter;Action,No,https://example.com/games/ufo-50-special-edition
Gundam Battle Chronicle Beta Edition,PC;Switch,8,No,2023,Simulation;Sandbox,No,https://example.com/games/gundam-battle-chronicle-beta-edition
Samurai Warriors Collector's Edition,Xbox,4,Yes,2017,Party;Action,No,https://example.com/games/samurai-warriors-collector-s-edition
Bleeding Edge Final Edition,PC;PS4;Xbox;Switch,4,No,2002,Sandbox,No,https://example.com/games/bleeding-edge-final-edition
Mordheim Legendary Edition,PC;PS5;Xbox,4,No,2004,Puzzle;Adventure,No,https://example.com/games/mordheim-legendary-edition
Goddess of Victory First Edition,PC,2,No,2025,Shooter;Action,Yes,https://example.com/games/goddess-of-victory-first-edition
Payday Beta Edition,PC;Xbox,,Yes,2002,Sports,No,https://example.com/games/payday-beta-edition
Chrono Trigger 2,PS5;Xbox,3,No,2020,Sports,No,https://example.com/games/chrono-trigger-2
Flatout Omega Edition 2,Xbox,8,No,2012,Simulation;Sandbox,No,https://example.com/games/flatout-omega-edition-2
Farmville,PC;Xbox,,Yes,2017,Sports,No,https://example.com/games/farmville
Twisted Metal Physical Edition,PC;PS5;Xbox,6,Yes,2015,Strategy;Turn-Based,No,https://example.com/games/twisted-metal-physical-edition
Lords Mobile Definitive Edition,PC;PS5;Xbox,2,No,2026,Survival;Horror,No,https://example.com/games/lords-mobile-definitive-edition
Sniper Elite Physical Edition,PC;PS5,,No,2002,Action;Platformer,No,https://example.com/games/sniper-elite-physical-edition
Sven Co-op Remake,PC;Switch,8,Yes,2009,Strategy;RTS,No,https://example.com/games/sven-co-op-remake
Far Cry Remastered,PC;PS5,3,No,2014,Party;Action,No,https://example.com/games/far-cry-remastered
Front Mission 3 First Edition,PC;PS4;Xbox,,Yes,2008,Sandbox,No,https://example.com/games/front-mission-3-first-edition
Zenless Zone Zero Standard Edition,PC;PS5;Xbox,4,No,2026,Strategy;Turn-Based,No,https://example.com/games/zenless-zone-zero-standard-edition
Warcraft Final Edition,PC,,No,2022,Tactical;Shooter,No,https://example.com/games/warcraft-final-edition
No Game No Life Omega Edition,PC;PS5,6,No,2006,Strategy;Turn-Based,No,https://example.com/games/no-game-no-life-omega-edition
Hyrule Warriors Premium Edition,PC;Xbox,,Yes,2026,RPG;Action,Yes,https://example.com/games/hyrule-warriors-premium-edition
Don't Starve 3,PC,4,No,2008,Racing,No,https://example.com/games/don-t-starve-3
Remnant Enhanced Edition,PC;Switch,6,Yes,2021,Tactical;Shooter,No,https://example.com/games/remnant-enhanced-edition
Gundam Seed Battle Assault 3 3,PC;PS4;Xbox;Switch,,No,2008,Casual;Party,No,https://example.com/games/gundam-seed-battle-assault-3-3
Blue Archive Complete Edition,PC;PS4;Xbox;Switch,4,No,2003,4X;Strategy,No,https://example.com/games/blue-archive-complete-edition
XCOM 3,PC;PS5,2,Yes,2015,Tactical;Shooter,No,https://example.com/games/xcom-3
Slay the Spire Omega Edition 2,PC;PS5;Xbox;Switch,3,No,2025,RPG;Action,Yes,https://example.com/games/slay-the-spire-omega-edition-2
Breathedge Special Edition,PC;PS5;Xbox;Switch,8,No,2025,Strategy;RTS,No,https://example.com/games/breathedge-special-edition
Bulletstorm Complete Edition,PC;PS5;Xbox,2,No,2021,4X;Strategy,No,https://example.com/games/bulletstorm-complete-edition
Boomerang Fu Beta Edition,PC;Xbox,4,No,2013,MOBA;Strategy,No,https://example.com/games/boomerang-fu-beta-edition
Killing Floor Omega Edition 4,PC;PS5;Xbox,Many,No,2008,4X;Strategy,No,https://example.com/games/killing-floor-omega-edition-4
Townscaper Enhanced Edition,PC;PS5;Xbox;Switch,Many,Yes,2022,MOBA;Strategy,Yes,https://example.com/games/townscaper-enhanced-edition
Radical Dreamers 3,PC,4,Yes,2006,Grand Strategy;Strategy,No,https://example.com/games/radical-dreamers-3
Endless Space 3,PC;PS4;Xbox;Switch,3,No,2016,Party;Action,Yes,https://example.com/games/endless-space-3
Fallout Omega Edition 3,PC,,No,2015,Racing,No,https://example.com/games/fallout-omega-edition-3
Wuthering Waves 2,PS5;Xbox,6,Yes,2021,Sports,No,https://example.com/games/wuthering-waves-2
Fire Emblem Warriors Standard Edition,Xbox,,No,2004,Puzzle;Adventure,No,https://example.com/games/fire-emblem-warriors-standard-edition
Sniper Elite Omega Edition 3,Xbox,,No,2009,Strategy;RTS,No,https://example.com/games/sniper-elite-omega-edition-3
Sly Cooper Omega Edition,Xbox,,Yes,2009,Party;Action,No,https://example.com/games/sly-cooper-omega-edition
State of Survival Physical Edition,PC;PS5,4,Yes,2025,Simulation;Sandbox,Yes,https://example.com/games/state-of-survival-physical-edition
Elden Ring Anniversary Edition,PC;PS5,4,No,2012,4X;Strategy,No,https://example.com/games/elden-ring-anniversary-edition
Arknights Ultimate Edition,PC;Xbox,,Yes,2024,Party;Action,No,https://example.com/games/arknights-ultimate-edition
Mortal Online Game of the Year Edition,PC;PS5;Xbox;Switch,Many,No,2026,Action;Adventure,No,https://example.com/games/mortal-online-game-of-the-year-edition
Guild Wars Legendary Edition,PC;PS4;Xbox;Switch,4,No,2004,Shooter;RPG,Yes,https://example.com/games/guild-wars-legendary-edition
Bleeding Edge Digital Edition,Xbox,,No,2016,Sports,No,https://example.com/games/bleeding-edge-digital-edition
Life is Feudal Premium Edition,Xbox,3,No,2001,Sandbox,Yes,https://example.com/games/life-is-feudal-premium-edition
No More Room in Hell Anniversary Edition,PC;PS5;Xbox,4,Yes,2019,Strategy;RTS,No,https://example.com/games/no-more-room-in-hell-anniversary-edition
MX vs ATV Omega Edition 2,PC;PS5,2,No,2024,Sandbox,No,https://example.com/games/mx-vs-atv-omega-edition-2
Warhammer 40K Chaos Gate Omega Edition 2,PC,,Yes,2025,Simulation;Sandbox,No,https://example.com/games/warhammer-40k-chaos-gate-omega-edition-2
Dragon Quest Heroes Premium Edition,PS5;Xbox,3,Yes,2006,Shooter;Action,No,https://example.com/games/dragon-quest-heroes-premium-edition
Inside Game of the Year Edition,Xbox,4,Yes,2009,Action;Adventure,Yes,https://example.com/games/inside-game-of-the-year-edition
Paladins 3,Xbox,,Yes,2017,Strategy;Turn-Based,No,https://example.com/games/paladins-3
Lunar Alpha Edition,PC;PS5;Xbox;Switch,2,Yes,2011,Strategy;RTS,No,https://example.com/games/lunar-alpha-edition
Vanquish 5,PC;Xbox,3,Yes,2022,Grand Strategy;Strategy,No,https://example.com/games/vanquish-5
Genshin Impact Complete Edition,PC;Xbox,4,No,2008,Shooter;Action,No,https://example.com/games/genshin-impact-complete-edition
Brothers in Arms Omega Edition 3,PS5;Xbox,8,No,2011,RPG;Action,No,https://example.com/games/brothers-in-arms-omega-edition-3
War Front Definitive Edition,PC;PS5,2,No,2023,MOBA;Strategy,No,https://example.com/games/war-front-definitive-edition
Evolve Premium Edition,PC;PS5;Xbox,,No,2026,Shooter;Action,No,https://example.com/games/evolve-premium-edition
Rust 5,Xbox,2,Yes,2002,Casual;Party,No,https://example.com/games/rust-5
13 Sentinels Digital Edition,PC,4,No,2022,Puzzle;Adventure,Yes,https://example.com/games/13-sentinels-digital-edition
Hollow Knight Premium Edition,PC;PS5;Xbox,4,Yes,2004,Shooter;RPG,No,https://example.com/games/hollow-knight-premium-edition
Mini Metro Complete Edition,Xbox,8,No,2009,Simulation;Sandbox,No,https://example.com/games/mini-metro-complete-edition
NMRiH 2,PC;PS4;Xbox;Switch,,No,2020,Simulation,Yes,https://example.com/games/nmrih-2
Heroes of the Storm First Edition,PC;PS5;Xbox;Switch,,Yes,2020,Simulation;Sandbox,No,https://example.com/games/heroes-of-the-storm-first-edition
Jak and Daxter 4,PC;Xbox,3,No,2022,Shooter;RPG,Yes,https://example.com/games/jak-and-daxter-4
Mudrunner Remastered,PC;Switch,8,No,2003,Puzzle;Adventure,No,https://example.com/games/mudrunner-remastered
Alien Isolation Enhanced Edition,PC;PS4;Xbox,2,Yes,2005,Sports,Yes,https://example.com/games/alien-isolation-enhanced-edition
The Crew Game of the Year Edition,PC;Xbox,8,Yes,2026,Party;Action,No,https://example.com/games/the-crew-game-of-the-year-edition
They Are Billions Special Edition,Xbox,4,No,2005,Grand Strategy;Strategy,No,https://example.com/games/they-are-billions-special-edition
Inside Special Edition,PC;PS4;Xbox,6,No,2002,Tactical;Shooter,No,https://example.com/games/inside-special-edition
Konosuba Special Edition,PC;Switch,4,No,2008,4X;Strategy,No,https://example.com/games/konosuba-special-edition
Forza Horizon 2,PC,4,Yes,2018,Simulation;Sandbox,No,https://example.com/games/forza-horizon-2
Tales of Arise Deluxe Edition,PC;PS5;Xbox,4,No,2026,Action;Platformer,No,https://example.com/games/tales-of-arise-deluxe-edition
Titan Quest Omega Edition 2,PS5;Xbox,,Yes,2019,Tactical;Shooter,No,https://example.com/games/titan-quest-omega-edition-2
One Punch Man Omega Edition 3,PC;Switch,6,Yes,2018,Strategy;Turn-Based,Yes,https://example.com/games/one-punch-man-omega-edition-3
Saints Row Remake,PC;PS5;Xbox,8,No,2004,Action;Adventure,No,https://example.com/games/saints-row-remake
Jak and Daxter Ultimate Edition,PC;PS4;Xbox;Switch,,Yes,2023,Action;Adventure,Yes,https://example.com/games/jak-and-daxter-ultimate-edition
Elder Scrolls Online Limited Edition,PC;Xbox,,No,2008,Survival;Sandbox,No,https://example.com/games/elder-scrolls-online-limited-edition
Serious Sam Digital Edition,PC,8,Yes,2026,Simulation,No,https://example.com/games/serious-sam-digital-edition
Apex Legends Omega Edition 3,PC;Switch,2,Yes,2011,Survival;Sandbox,Yes,https://example.com/games/apex-legends-omega-edition-3
Spec Ops 3,PC;Xbox,,Yes,2011,Action;Adventure,No,https://example.com/games/spec-ops-3
Dying Light Premium Edition,PS5;Xbox,6,No,2008,Action;Adventure,No,https://example.com/games/dying-light-premium-edition
Vanillaware Anniversary Edition,Xbox,6,Yes,2026,Racing,No,https://example.com/games/vanillaware-anniversary-edition
Warhammer 40K Special Edition,PS5;Xbox,3,Yes,2005,Party;Action,No,https://example.com/games/warhammer-40k-special-edition
Gundam Seed Battle Operation Anniversary Edition,PS5;Xbox,2,No,2020,Party;Action,Yes,https://example.com/games/gundam-seed-battle-operation-anniversary-edition
Vanquish Limited Edition,PC;Switch,,No,2023,Party;Action,Yes,https://example.com/games/vanquish-limited-edition
Diablo First Edition,PC;PS5;Xbox,,No,2023,Party;Action,No,https://example.com/games/diablo-first-edition
Friday the 13th Omega Edition 4,PC;PS4;Xbox,6,Yes,2018,Simulation,No,https://example.com/games/friday-the-13th-omega-edition-4
Alien Isolation Omega Edition,PC;PS5;Xbox,4,No,2003,Shooter;Action,No,https://example.com/games/alien-isolation-omega-edition
Trackmania Standard Edition,PC;Switch,6,No,2008,Shooter;RPG,No,https://example.com/games/trackmania-standard-edition
Before We Leave Special Edition,PC;Switch,,No,2010,Action;Adventure,No,https://example.com/games/before-we-leave-special-edition
Minecraft Ultimate Edition,PC;PS4;Xbox;Switch,4,Yes,2011,Tactical;Shooter,No,https://example.com/games/minecraft-ultimate-edition
Elite Dangerous Game of the Year Edition,PS5;Xbox,,Yes,2021,Survival;Horror,Yes,https://example.com/games/elite-dangerous-game-of-the-year-edition
SaGa Final Edition,PC;PS4;Xbox,,Yes,2018,Shooter;RPG,No,https://example.com/games/saga-final-edition
Gundam Battle Operation 4,PC;Xbox,4,No,2019,Sandbox,No,https://example.com/games/gundam-battle-operation-4
Titanfall Premium Edition,Xbox,3,Yes,2006,Simulation;Sandbox,No,https://example.com/games/titanfall-premium-edition
DayZ Last Edition,PC;PS4;Xbox,4,No,2006,Casual;Party,Yes,https://example.com/games/dayz-last-edition
Kingdom Enhanced Edition,PC;Switch,4,No,2025,Shooter;RPG,No,https://example.com/games/kingdom-enhanced-edition
Warcraft 4,PC;PS5,6,No,2019,Simulation,Yes,https://example.com/games/warcraft-4
Overlord Final Edition,PC;Xbox,Many,No,2009,Action;Platformer,No,https://example.com/games/overlord-final-edition
Battlefield Collector's Edition,PC,,No,2010,Puzzle;Adventure,Yes,https://example.com/games/battlefield-collector-s-edition
Gundam Seed Battle Chronicle Remastered,PS5;Xbox,6,No,2016,Shooter;RPG,No,https://example.com/games/gundam-seed-battle-chronicle-remastered
Blitzkrieg Limited Edition,PC;Xbox,,No,2021,MOBA;Strategy,Yes,https://example.com/games/blitzkrieg-limited-edition
Black Desert Digital Edition,PC;PS5;Xbox,6,No,2001,RPG;Action,No,https://example.com/games/black-desert-digital-edition
Deus Ex Final Edition,PC;PS5;Xbox,4,No,2005,MOBA;Strategy,Yes,https://example.com/games/deus-ex-final-edition
Stranded Deep Enhanced Edition,Xbox,,No,2014,Racing,No,https://example.com/games/stranded-deep-enhanced-edition
Doom Omega Edition 4,PC;Switch,8,Yes,2017,Shooter;RPG,Yes,https://example.com/games/doom-omega-edition-4
Apex Legends Deluxe Edition,PC;PS4;Xbox;Switch,4,No,2000,Sports,No,https://example.com/games/apex-legends-deluxe-edition
Warcraft Game of the Year Edition,PC;PS5;Xbox,4,No,2010,Puzzle;Adventure,No,https://example.com/games/warcraft-game-of-the-year-edition
Etrian Odyssey Omega Edition 2,PC;PS4;Xbox;Switch,6,No,2010,Survival;Sandbox,No,https://example.com/games/etrian-odyssey-omega-edition-2
Medal of Honor Deluxe Edition,PC;PS4;Xbox;Switch,,Yes,2012,Party;Action,No,https://example.com/games/medal-of-honor-deluxe-edition
Gundam ZZ Battle Physical Edition,PC;Switch,3,Yes,2021,Survival;Sandbox,No,https://example.com/games/gundam-zz-battle-physical-edition
Tiny Tina Last Edition,PC;PS5;Xbox,3,Yes,2015,Strategy;RTS,No,https://example.com/games/tiny-tina-last-edition
Jak and Daxter Digital Edition,PC;PS5,8,No,2022,Strategy;RTS,No,https://example.com/games/jak-and-daxter-digital-edition
The Crew Omega Edition 4,PS5;Xbox,,Yes,2020,Tactical;Shooter,No,https://example.com/games/the-crew-omega-edition-4
Gundam Seed Battle Assault Limited Edition,PC;PS5;Xbox;Switch,3,No,2011,Racing,No,https://example.com/games/gundam-seed-battle-assault-limited-edition
Factorio Ultimate Edition,PC;PS4;Xbox;Switch,4,No,2001,Shooter;Action,No,https://example.com/games/factorio-ultimate-edition
Divinity Game of the Year Edition,PC;PS5;Xbox,4,Yes,2018,Grand Strategy;Strategy,No,https://example.com/games/divinity-game-of-the-year-edition
Clash of Kings Omega Edition 3,PC,4,Yes,2007,RPG;Action,No,https://example.com/games/clash-of-kings-omega-edition-3
Army of Two Beta Edition,PS5;Xbox,,Yes,2014,Casual;Party,No,https://example.com/games/army-of-two-beta-edition
Phoenix Point Omega Edition 2,PC;PS5,,Yes,2019,Sports,No,https://example.com/games/phoenix-point-omega-edition-2
Sekiro 5,Xbox,8,No,2016,Battle Royale;Shooter,No,https://example.com/games/sekiro-5
Lost Ark Limited Edition,PC;PS4;Xbox;Switch,4,No,2010,Sandbox,No,https://example.com/games/lost-ark-limited-edition
Chainsaw Man Remake,Xbox,,Yes,2001,Survival;Sandbox,No,https://example.com/games/chainsaw-man-remake
Observer 2,PC;Xbox,Many,Yes,2025,4X;Strategy,Yes,https://example.com/games/observer-2
Farmville Omega Edition 2,PC;Switch,4,No,2018,Simulation,No,https://example.com/games/farmville-omega-edition-2
Resident Evil Last Edition,PC;Xbox,3,No,2009,Shooter;RPG,No,https://example.com/games/resident-evil-last-edition
Xenosaga Final Edition,PC;PS5;Xbox;Switch,3,Yes,2014,Strategy;Turn-Based,Yes,https://example.com/games/xenosaga-final-edition
Breathedge First Edition,PC;PS5;Xbox;Switch,8,No,2025,MOBA;Strategy,Yes,https://example.com/games/breathedge-first-edition
Warhammer Fantasy 5,PS5;Xbox,3,No,2024,Strategy;RTS,No,https://example.com/games/warhammer-fantasy-5
Griftlands Omega Edition 3,Xbox,,Yes,2021,Sports,No,https://example.com/games/griftlands-omega-edition-3
Zombie Army Beta Edition,PC;PS4;Xbox,Many,No,2010,Racing,No,https://example.com/games/zombie-army-beta-edition
Endless Legend Omega Edition 4,PC;PS5,4,Yes,2010,Shooter;RPG,No,https://example.com/games/endless-legend-omega-edition-4
Axiom Ver Deluxe Edition,PC;Switch,,No,2011,RPG;Action,No,https://example.com/games/axiom-ver-deluxe-edition
Sudden Strike Complete Edition,PS5;Xbox,8,No,2001,Grand Strategy;Strategy,No,https://example.com/games/sudden-strike-complete-edition
Journey Game of the Year Edition,PC;Xbox,,Yes,2001,Strategy;RTS,Yes,https://example.com/games/journey-game-of-the-year-edition
Counter-Strike Game of the Year Edition,PC,Many,No,2002,Grand Strategy;Strategy,No,https://example.com/games/counter-strike-game-of-the-year-edition
Forza Digital Edition,PC;PS5;Xbox,,No,2026,Grand Strategy;Strategy,Yes,https://example.com/games/forza-digital-edition
Eternal Card Game Enhanced Edition,Xbox,Many,No,2008,Shooter;RPG,No,https://example.com/games/eternal-card-game-enhanced-edition
Serious Sam Special Edition,PC;PS5;Xbox,4,Yes,2018,Party;Action,Yes,https://example.com/games/serious-sam-special-edition
Azur Lane 3,PC,6,No,2009,Shooter;RPG,Yes,https://example.com/games/azur-lane-3
7 Days to Die Enhanced Edition,PC;PS5;Xbox,4,Yes,2017,Sandbox,No,https://example.com/games/7-days-to-die-enhanced-edition
Redout Omega Edition,PC;PS5,,Yes,2007,Tactical;Shooter,Yes,https://example.com/games/redout-omega-edition
Hexen Last Edition,Xbox,2,No,2013,Simulation,Yes,https://example.com/games/hexen-last-edition
Empires Mod Enhanced Edition,PC;Xbox,,No,2018,Tactical;Shooter,No,https://example.com/games/empires-mod-enhanced-edition
World of Warplanes Alpha Edition,PC;Xbox,8,Yes,2005,Simulation,Yes,https://example.com/games/world-of-warplanes-alpha-edition
Army of Two Digital Edition,PC;PS5;Xbox,,No,2025,Action;Adventure,No,https://example.com/games/army-of-two-digital-edition
Homefront Collector's Edition,PC;PS4;Xbox;Switch,4,Yes,2013,Strategy;RTS,Yes,https://example.com/games/homefront-collector-s-edition
Northgard Deluxe Edition,PC;PS5;Xbox,6,No,2002,Survival;Sandbox,No,https://example.com/games/northgard-deluxe-edition
Blitzkrieg Deluxe Edition,PC;PS4;Xbox;Switch,8,No,2007,Simulation;Sandbox,No,https://example.com/games/blitzkrieg-deluxe-edition
Watch Dogs Collector's Edition,PC;Switch,,Yes,2001,4X;Strategy,No,https://example.com/games/watch-dogs-collector-s-edition
Apex Legends Final Edition,PC;PS4;Xbox,4,No,2016,Action;Platformer,No,https://example.com/games/apex-legends-final-edition
Danganronpa First Edition,PC;PS5,,Yes,2008,Simulation;Sandbox,No,https://example.com/games/danganronpa-first-edition
Homeworld 3,PC;Xbox,2,No,2018,MOBA;Strategy,No,https://example.com/games/homeworld-3
Azur Lane Last Edition,PC;PS4;Xbox,Many,Yes,2005,Party;Action,Yes,https://example.com/games/azur-lane-last-edition
Gang Beasts Special Edition,PC;Switch,2,No,2016,Racing,Yes,https://example.com/games/gang-beasts-special-edition
Black Desert Game of the Year Edition,PC;PS4;Xbox,8,Yes,2003,Puzzle;Adventure,Yes,https://example.com/games/black-desert-game-of-the-year-edition
Red Orchestra Last Edition,Xbox,,Yes,2003,Casual;Party,No,https://example.com/games/red-orchestra-last-edition
Dark Souls Last Edition,PC;PS4;Xbox,6,No,2005,Tactical;Shooter,No,https://example.com/games/dark-souls-last-edition
Return of the Obra Dinn,PC;PS5;Xbox;Switch,,No,2013,Action;Adventure,Yes,https://example.com/games/return-of-the-obra-dinn
Lunar Enhanced Edition,PC,,Yes,2011,Tactical;Shooter,No,https://example.com/games/lunar-enhanced-edition
Overwatch Ultimate Edition,PC;PS4;Xbox,,Yes,2000,Sandbox,No,https://example.com/games/overwatch-ultimate-edition
Samurai Warriors Digital Edition,Xbox,,No,2013,Party;Action,Yes,https://example.com/games/samurai-warriors-digital-edition
Steins Gate Game of the Year Edition,PC;PS5,,No,2021,Racing,No,https://example.com/games/steins-gate-game-of-the-year-edition
Everspace 2 Definitive Edition,PC;Switch,,Yes,2010,Tactical;Shooter,No,https://example.com/games/everspace-2-definitive-edition
Smalland Complete Edition,PC;Xbox,Many,Yes,2013,Racing,Yes,https://example.com/games/smalland-complete-edition
Tales of Vesperia Omega Edition 3,PC;PS5;Xbox,8,No,2024,Tactical;Shooter,No,https://example.com/games/tales-of-vesperia-omega-edition-3
Surviving the Aftermath Complete Edition,PC;Xbox,,No,2022,Action;Adventure,No,https://example.com/games/surviving-the-aftermath-complete-edition
Real Racing Omega Edition 3,PC;PS4;Xbox,6,No,2025,Racing,No,https://example.com/games/real-racing-omega-edition-3
MX vs ATV 4,PC;PS5;Xbox,,Yes,2021,Puzzle;Adventure,No,https://example.com/games/mx-vs-atv-4
Total Warhammer Limited Edition,PC,Many,No,2022,Strategy;RTS,No,https://example.com/games/total-warhammer-limited-edition
Supreme Commander 2,PC;PS5;Xbox,4,Yes,2007,Puzzle;Adventure,No,https://example.com/games/supreme-commander-2
Gundam Battle Operation First Edition,PC,6,No,2003,Survival;Sandbox,No,https://example.com/games/gundam-battle-operation-first-edition
Smite 5,PC;PS4;Xbox;Switch,4,No,2006,Sandbox,No,https://example.com/games/smite-5
Monogatari Anniversary Edition,PC;PS5;Xbox,4,No,2010,Grand Strategy;Strategy,No,https://example.com/games/monogatari-anniversary-edition
Front Mission Anniversary Edition,Xbox,4,No,2020,Simulation,No,https://example.com/games/front-mission-anniversary-edition
Arma Remake,PC;Switch,2,Yes,2016,Action;Platformer,No,https://example.com/games/arma-remake
Amnesia Limited Edition,PC;PS4;Xbox;Switch,4,No,2025,Simulation,No,https://example.com/games/amnesia-limited-edition
Asphalt Alpha Edition,PC;PS4;Xbox,,No,2012,Survival;Sandbox,No,https://example.com/games/asphalt-alpha-edition
Stranded Deep Last Edition,PC;PS5;Xbox;Switch,3,No,2025,Sandbox,No,https://example.com/games/stranded-deep-last-edition
Batman Telltale Omega Edition 3,PC;Xbox,8,Yes,2026,Puzzle;Adventure,No,https://example.com/games/batman-telltale-omega-edition-3
Subnautica First Edition,Xbox,,No,2008,Action;Platformer,Yes,https://example.com/games/subnautica-first-edition
Guardians of the Galaxy Telltale Premium Edition,PC;PS4;Xbox,,No,2011,Casual;Party,No,https://example.com/games/guardians-of-the-galaxy-telltale-premium-edition
Final Fantasy XIV Legendary Edition,PC;PS4;Xbox,,No,2000,Shooter;Action,Yes,https://example.com/games/final-fantasy-xiv-legendary-edition
Half-Life Omega Edition 4,PC;PS5;Xbox;Switch,,Yes,2006,Strategy;RTS,No,https://example.com/games/half-life-omega-edition-4
Albion Online Enhanced Edition,Xbox,3,Yes,2018,MOBA;Strategy,No,https://example.com/games/albion-online-enhanced-edition
Mini Metro Legendary Edition,PC;PS4;Xbox;Switch,,Yes,2003,Shooter;Action,No,https://example.com/games/mini-metro-legendary-edition
Zenless Zone Zero Special Edition,PC,Many,Yes,2001,4X;Strategy,No,https://example.com/games/zenless-zone-zero-special-edition
Armored Core Complete Edition,PC;PS4;Xbox;Switch,6,No,2006,RPG;Action,No,https://example.com/games/armored-core-complete-edition
Until Dawn First Edition,Xbox,6,No,2009,Shooter;RPG,No,https://example.com/games/until-dawn-first-edition
Transport Fever Final Edition,PC,,Yes,2010,Grand Strategy;Strategy,No,https://example.com/games/transport-fever-final-edition
Madden NFL Complete Edition,PS5;Xbox,2,No,2016,Sports,No,https://example.com/games/madden-nfl-complete-edition
Smalland Enhanced Edition,PC;PS4;Xbox,,Yes,2001,Strategy;Turn-Based,No,https://example.com/games/smalland-enhanced-edition
Attack on Titan Deluxe Edition,PC;PS5;Xbox;Switch,6,Yes,2020,Racing,No,https://example.com/games/attack-on-titan-deluxe-edition
Two Point Standard Edition,PC,,Yes,2013,Battle Royale;Shooter,No,https://example.com/games/two-point-standard-edition
Grimgir Ultimate Edition,PC;PS5;Xbox;Switch,,Yes,2014,Party;Action,No,https://example.com/games/grimgir-ultimate-edition
Two Point Last Edition,PC;PS4;Xbox,4,Yes,2000,Sports,Yes,https://example.com/games/two-point-last-edition
Ratchet and Clank Omega Edition 3,PC;PS5;Xbox;Switch,,Yes,2025,Strategy;Turn-Based,No,https://example.com/games/ratchet-and-clank-omega-edition-3
Planet Coaster Limited Edition,PC;PS5;Xbox,4,No,2007,Party;Action,No,https://example.com/games/planet-coaster-limited-edition
Zenless Zone Zero Remastered,PC;PS4;Xbox;Switch,,No,2026,Sandbox,Yes,https://example.com/games/zenless-zone-zero-remastered
Sudden Strike Beta Edition,PC,,Yes,2022,Casual;Party,Yes,https://example.com/games/sudden-strike-beta-edition
Moving Out Anniversary Edition,Xbox,,Yes,2025,RPG;Action,No,https://example.com/games/moving-out-anniversary-edition
Gundam Extreme Vs Premium Edition,PC;Xbox,3,No,2011,Shooter;RPG,No,https://example.com/games/gundam-extreme-vs-premium-edition
Zill O'll Digital Edition,PC;PS4;Xbox;Switch,6,No,2006,Casual;Party,No,https://example.com/games/zill-o-ll-digital-edition
Shapez Limited Edition,PC;PS5,8,No,2005,4X;Strategy,No,https://example.com/games/shapez-limited-edition
Brothers in Arms Beta Edition,PC;PS5;Xbox,4,Yes,2002,Casual;Party,No,https://example.com/games/brothers-in-arms-beta-edition
Smalland Remake,PS5;Xbox,,Yes,2003,Strategy;Turn-Based,No,https://example.com/games/smalland-remake
Heretic 2,PC;PS4;Xbox;Switch,2,Yes,2014,Sports,No,https://example.com/games/heretic-2
Rainbow Six 5,PC;Switch,6,No,2017,MOBA;Strategy,No,https://example.com/games/rainbow-six-5
Arma 5,Xbox,,Yes,2012,Puzzle;Adventure,No,https://example.com/games/arma-5
Digital Devil Saga Beta Edition,PC;PS5;Xbox,,Yes,2017,RPG;Action,No,https://example.com/games/digital-devil-saga-beta-edition
Endless Legend Omega Edition 3,PC;PS5,2,No,2000,MOBA;Strategy,No,https://example.com/games/endless-legend-omega-edition-3
H1Z1 3,PC;PS5;Xbox,Many,No,2013,Racing,No,https://example.com/games/h1z1-3
Gundam Seed Battle Assault 4,PC;PS5;Xbox;Switch,,Yes,2010,Shooter;Action,Yes,https://example.com/games/gundam-seed-battle-assault-4
Platinum Games Collector's Edition,PC;PS4;Xbox;Switch,4,Yes,2001,Party;Action,No,https://example.com/games/platinum-games-collector-s-edition
Breathedge Enhanced Edition,PC;PS5,2,No,2023,Puzzle;Adventure,Yes,https://example.com/games/breathedge-enhanced-edition
Gundam Seed Battle Operation Standard Edition,PC;PS4;Xbox,4,No,2014,Simulation,No,https://example.com/games/gundam-seed-battle-operation-standard-edition
Baldur's Gate 2,PC;PS4;Xbox;Switch,,No,2013,Puzzle;Adventure,No,https://example.com/games/baldur-s-gate-2
Tales of Graces Standard Edition,PC;PS5;Xbox,8,No,2002,Survival;Sandbox,Yes,https://example.com/games/tales-of-graces-standard-edition
Zombie Panic Source Remake,PC;PS4;Xbox,,No,2012,Survival;Sandbox,Yes,https://example.com/games/zombie-panic-source-remake
Log Horizon Complete Edition,PC;PS4;Xbox;Switch,,Yes,2026,Party;Action,No,https://example.com/games/log-horizon-complete-edition
Devil Summoner,PC;PS5;Xbox,,No,2025,MOBA;Strategy,No,https://example.com/games/devil-summoner
Digital Devil Saga Remastered,PC;PS4;Xbox,,Yes,2013,Simulation,No,https://example.com/games/digital-devil-saga-remastered
Armored Core Beta Edition,PC;Switch,,No,2023,Strategy;RTS,No,https://example.com/games/armored-core-beta-edition
One Punch Man Standard Edition,PC;Switch,4,No,2015,Tactical;Shooter,Yes,https://example.com/games/one-punch-man-standard-edition
Black Desert Omega Edition 2,PC;PS5,4,Yes,2019,4X;Strategy,No,https://example.com/games/black-desert-omega-edition-2
Before We Leave 4,PC;PS4;Xbox,,No,2013,Tactical;Shooter,No,https://example.com/games/before-we-leave-4
Chrono Cross Omega Edition 4,Xbox,4,No,2003,Sandbox,Yes,https://example.com/games/chrono-cross-omega-edition-4
Gundam Seed Battle Assault 10 Omega Edition,PC;Switch,,No,2007,Strategy;Turn-Based,Yes,https://example.com/games/gundam-seed-battle-assault-10-omega-edition
Townscaper Last Edition,PC;PS4;Xbox;Switch,Many,No,2017,Action;Platformer,No,https://example.com/games/townscaper-last-edition
Evochron Alpha Edition,PC;Xbox,6,Yes,2005,Sports,No,https://example.com/games/evochron-alpha-edition
Steins Gate Omega Edition 3,PC;PS5;Xbox;Switch,4,No,2024,Racing,Yes,https://example.com/games/steins-gate-omega-edition-3
Forza Collector's Edition,PC;PS4;Xbox,,No,2015,Action;Platformer,No,https://example.com/games/forza-collector-s-edition
DayZ 2,PC;Xbox,Many,No,2021,Shooter;RPG,Yes,https://example.com/games/dayz-2
Call of Duty Omega Edition 3,PC;Xbox,,Yes,2016,Shooter;RPG,No,https://example.com/games/call-of-duty-omega-edition-3
Another Century's Episode Alpha Edition,PC;PS5,,Yes,2007,4X;Strategy,No,https://example.com/games/another-century-s-episode-alpha-edition
Total Warhammer Remake,PC;PS4;Xbox,,Yes,2021,Puzzle;Adventure,No,https://example.com/games/total-warhammer-remake
Tomb Raider Enhanced Edition,PC;Xbox,Many,No,2020,Racing,No,https://example.com/games/tomb-raider-enhanced-edition
Terraria,Xbox,4,No,2000,Casual;Party,No,https://example.com/games/terraria
Far Cry Standard Edition,PC;PS5;Xbox;Switch,4,No,2019,Racing,No,https://example.com/games/far-cry-standard-edition
Observer Collector's Edition,PC,4,No,2010,Puzzle;Adventure,No,https://example.com/games/observer-collector-s-edition
Return of the Obra Dinn Omega Edition 2,PC;PS5;Xbox,6,Yes,2023,Shooter;Action,No,https://example.com/games/return-of-the-obra-dinn-omega-edition-2
H1Z1 Physical Edition,PC;Switch,4,No,2025,Party;Action,No,https://example.com/games/h1z1-physical-edition
One Piece Pirate Warriors Omega Edition 2,PC;PS4;Xbox,,No,2019,Casual;Party,Yes,https://example.com/games/one-piece-pirate-warriors-omega-edition-2
Gang Beasts 2,PC;Switch,,No,2012,Simulation;Sandbox,Yes,https://example.com/games/gang-beasts-2
Cities Skylines Deluxe Edition,PC;PS4;Xbox;Switch,,Yes,2018,Strategy;Turn-Based,No,https://example.com/games/cities-skylines-deluxe-edition
Path of Exile Omega Edition 3,PS5;Xbox,,Yes,2009,Survival;Horror,No,https://example.com/games/path-of-exile-omega-edition-3
Codename Panzers Omega Edition 3,PS5;Xbox,4,No,2026,RPG;Action,Yes,https://example.com/games/codename-panzers-omega-edition-3
Battlezone 99 Definitive Edition,PC;Switch,,No,2016,Shooter;Action,No,https://example.com/games/battlezone-99-definitive-edition
Gundam Seed Battle Assault 10 4,PC;Switch,4,No,2006,Battle Royale;Shooter,Yes,https://example.com/games/gundam-seed-battle-assault-10-4
Boomerang Fu Omega Edition 4,PC;PS5,6,No,2025,Party;Action,No,https://example.com/games/boomerang-fu-omega-edition-4
Asphalt Definitive Edition,PC;PS4;Xbox,2,Yes,2021,Survival;Horror,No,https://example.com/games/asphalt-definitive-edition
Age of Empires Legendary Edition,PC;PS4;Xbox;Switch,,No,2018,Simulation;Sandbox,Yes,https://example.com/games/age-of-empires-legendary-edition
Elder Scrolls Online Omega Edition 3,PC,3,No,2003,Action;Platformer,No,https://example.com/games/elder-scrolls-online-omega-edition-3
Two Point Campus First Edition,Xbox,,Yes,2025,Puzzle;Adventure,No,https://example.com/games/two-point-campus-first-edition
Digital Devil Saga Special Edition,Xbox,4,No,2023,Battle Royale;Shooter,No,https://example.com/games/digital-devil-saga-special-edition
Elder Scrolls Online Omega Edition 5,PS5;Xbox,,Yes,2022,Survival;Sandbox,No,https://example.com/games/elder-scrolls-online-omega-edition-5
Mobile Legends Complete Edition,PS5;Xbox,,No,2024,Action;Platformer,No,https://example.com/games/mobile-legends-complete-edition
Last Epoch,PC;PS4;Xbox;Switch,,No,2018,Battle Royale;Shooter,No,https://example.com/games/last-epoch
Monogatari Last Edition,PS5;Xbox,4,No,2018,Tactical;Shooter,No,https://example.com/games/monogatari-last-edition
Night Call Alpha Edition,PS5;Xbox,,No,2006,Action;Adventure,No,https://example.com/games/night-call-alpha-edition
Star Citizen Physical Edition,PC;PS5;Xbox,4,Yes,2001,Simulation,No,https://example.com/games/star-citizen-physical-edition
Tales of Vesperia Definitive Edition,PC;PS5,2,No,2025,Survival;Horror,No,https://example.com/games/tales-of-vesperia-definitive-edition
Doom First Edition,Xbox,,Yes,2004,Party;Action,No,https://example.com/games/doom-first-edition
Fallout Tactics Special Edition,PC;PS5;Xbox,,No,2017,RPG;Action,No,https://example.com/games/fallout-tactics-special-edition
Gears Tactics Beta Edition,PC;PS5;Xbox;Switch,,Yes,2019,Action;Adventure,No,https://example.com/games/gears-tactics-beta-edition
Remnant Legendary Edition,PC;Switch,,Yes,2002,Battle Royale;Shooter,No,https://example.com/games/remnant-legendary-edition
Black Clover Enhanced Edition,Xbox,3,No,2002,Shooter;RPG,No,https://example.com/games/black-clover-enhanced-edition
Devil Summoner Alpha Edition,PC,2,Yes,2008,Survival;Horror,No,https://example.com/games/devil-summoner-alpha-edition
Amnesia Remake,PC;PS5;Xbox;Switch,8,No,2004,Simulation,No,https://example.com/games/amnesia-remake
Kingdom Premium Edition,PC;Switch,4,No,2009,RPG;Action,No,https://example.com/games/kingdom-premium-edition
DayZ Collector's Edition,PC;PS4;Xbox;Switch,4,No,2008,Sandbox,No,https://example.com/games/dayz-collector-s-edition
Gundam Seed Battle Assault 2 Standard Edition,PC;PS4;Xbox,,No,2015,Sandbox,No,https://example.com/games/gundam-seed-battle-assault-2-standard-edition
Hearts of Iron,PC;PS5,4,Yes,2020,Survival;Horror,No,https://example.com/games/hearts-of-iron
Far Cry Deluxe Edition,PC;Switch,4,Yes,2011,Action;Adventure,No,https://example.com/games/far-cry-deluxe-edition
The Elder Scrolls,PS5;Xbox,4,No,2014,MOBA;Strategy,No,https://example.com/games/the-elder-scrolls
Rust Final Edition,PC;Xbox,4,No,2015,Sandbox,No,https://example.com/games/rust-final-edition
Zero Escape Omega Edition 4,PC;PS4;Xbox;Switch,6,No,2010,4X;Strategy,No,https://example.com/games/zero-escape-omega-edition-4
Diablo Beta Edition,PC;Xbox,,No,2006,Shooter;RPG,Yes,https://example.com/games/diablo-beta-edition
Gundam ZZ Battle Assault 4,PC;PS5;Xbox,4,No,2019,4X;Strategy,No,https://example.com/games/gundam-zz-battle-assault-4
Men of War 4,PC;PS5;Xbox,,Yes,2023,Shooter;Action,No,https://example.com/games/men-of-war-4
Warhammer Deluxe Edition,PC;PS5,8,No,2009,Simulation;Sandbox,No,https://example.com/games/warhammer-deluxe-edition
Zone of the Enders Omega Edition,PC;PS5;Xbox;Switch,,Yes,2023,4X;Strategy,No,https://example.com/games/zone-of-the-enders-omega-edition
Homeworld,PC;PS5,,No,2008,Racing,No,https://example.com/games/homeworld
Tomb Raider First Edition,PC;PS4;Xbox;Switch,4,No,2019,Casual;Party,No,https://example.com/games/tomb-raider-first-edition
Forza Motorsport Omega Edition 4,PC;Switch,,No,2002,Tactical;Shooter,No,https://example.com/games/forza-motorsport-omega-edition-4
Nioh Omega Edition 5,PC;PS5;Xbox,,Yes,2009,Simulation,No,https://example.com/games/nioh-omega-edition-5
Metal Gear Omega Edition 2,PC;PS5,8,Yes,2015,Tactical;Shooter,No,https://example.com/games/metal-gear-omega-edition-2
Dr Mario Final Edition,PC;PS4;Xbox,4,No,2005,Strategy;Turn-Based,No,https://example.com/games/dr-mario-final-edition
Duke Nukem Anniversary Edition,PC;PS5,6,No,2001,Casual;Party,No,https://example.com/games/duke-nukem-anniversary-edition
Return of the Obra Dinn Legendary Edition,PC,,Yes,2007,Casual;Party,Yes,https://example.com/games/return-of-the-obra-dinn-legendary-edition
The Walking Dead Collector's Edition,PC;PS4;Xbox,,No,2015,Party;Action,No,https://example.com/games/the-walking-dead-collector-s-edition
Rise of Nations Anniversary Edition,PC;Xbox,Many,No,2011,Action;Platformer,No,https://example.com/games/rise-of-nations-anniversary-edition
Zenless Zone Zero Last Edition,PC;PS5;Xbox,Many,No,2023,Tactical;Shooter,No,https://example.com/games/zenless-zone-zero-last-edition
Gundam Battle Universe Anniversary Edition,PC,,No,2013,Action;Platformer,No,https://example.com/games/gundam-battle-universe-anniversary-edition
Batman Telltale Remastered,PC;Xbox,,Yes,2019,Strategy;RTS,No,https://example.com/games/batman-telltale-remastered
Everspace Limited Edition,PC;PS5,3,No,2005,Survival;Sandbox,Yes,https://example.com/games/everspace-limited-edition
Clash of Kings Special Edition,PC;PS4;Xbox,,Yes,2018,Shooter;RPG,No,https://example.com/games/clash-of-kings-special-edition
Raft Standard Edition,PC;PS5;Xbox;Switch,,No,2000,Action;Adventure,No,https://example.com/games/raft-standard-edition
Act of War First Edition,PC;PS5;Xbox;Switch,3,No,2017,RPG;Action,No,https://example.com/games/act-of-war-first-edition
Sword Art Online Omega Edition 5,PS5;Xbox,4,No,2016,Simulation;Sandbox,No,https://example.com/games/sword-art-online-omega-edition-5
Guild Wars Anniversary Edition,PC;Switch,4,No,2012,Simulation;Sandbox,Yes,https://example.com/games/guild-wars-anniversary-edition
Warhammer 40K Chaos Gate Physical Edition,Xbox,3,No,2001,Action;Platformer,No,https://example.com/games/warhammer-40k-chaos-gate-physical-edition
Oxygen Not Included Beta Edition,PS5;Xbox,2,Yes,2024,Survival;Horror,No,https://example.com/games/oxygen-not-included-beta-edition
Just Cause Beta Edition,PS5;Xbox,,Yes,2019,MOBA;Strategy,No,https://example.com/games/just-cause-beta-edition
Gwent Anniversary Edition,PS5;Xbox,4,No,2019,Casual;Party,No,https://example.com/games/gwent-anniversary-edition
Age of Empires 4,PC;PS4;Xbox;Switch,4,Yes,2009,RPG;Action,No,https://example.com/games/age-of-empires-4
Dirt Remastered,PC;PS5;Xbox;Switch,8,Yes,2013,Battle Royale;Shooter,No,https://example.com/games/dirt-remastered
Tomb Raider Legendary Edition,Xbox,,Yes,2013,Grand Strategy;Strategy,No,https://example.com/games/tomb-raider-legendary-edition
Fallout Alpha Edition,PC,,No,2015,Shooter;Action,No,https://example.com/games/fallout-alpha-edition
Ratchet and Clank Limited Edition,PS5;Xbox,4,No,2023,Shooter;Action,No,https://example.com/games/ratchet-and-clank-limited-edition
Homeworld Deserts of Kharak Collector's Edition,Xbox,,No,2006,Grand Strategy;Strategy,Yes,https://example.com/games/homeworld-deserts-of-kharak-collector-s-edition
Gears Tactics 4,PC;PS5;Xbox,,Yes,2019,Strategy;RTS,No,https://example.com/games/gears-tactics-4
Observer Definitive Edition,PC;PS5;Xbox,2,No,2013,Battle Royale;Shooter,No,https://example.com/games/observer-definitive-edition
Prison Architect Remake,Xbox,,No,2006,Puzzle;Adventure,No,https://example.com/games/prison-architect-remake
The Crew First Edition,PC;Switch,3,Yes,2015,Racing,Yes,https://example.com/games/the-crew-first-edition
Little Nightmares Last Edition,PC;PS5,4,No,2026,Strategy;RTS,Yes,https://example.com/games/little-nightmares-last-edition
Bayonetta Deluxe Edition,PC;PS4;Xbox,,Yes,2014,Party;Action,No,https://example.com/games/bayonetta-deluxe-edition
Tales of Berseria 5,PC;Switch,,Yes,2020,Sandbox,No,https://example.com/games/tales-of-berseria-5
Baldur's Gate Omega Edition 3,Xbox,4,No,2017,4X;Strategy,No,https://example.com/games/baldur-s-gate-omega-edition-3
Crusader Kings Physical Edition,PS5;Xbox,,No,2005,Survival;Horror,Yes,https://example.com/games/crusader-kings-physical-edition
Baldur's Gate Omega Edition 2,PC,4,Yes,2014,Survival;Horror,No,https://example.com/games/baldur-s-gate-omega-edition-2
Catherine Limited Edition,PC;PS5;Xbox,,No,2010,Grand Strategy;Strategy,No,https://example.com/games/catherine-limited-edition
Dragon's Crown Physical Edition,PC,,Yes,2022,Survival;Horror,No,https://example.com/games/dragon-s-crown-physical-edition
Infamous 5,PC;Xbox,2,No,2003,4X;Strategy,No,https://example.com/games/infamous-5
Inside,PC,4,No,2025,4X;Strategy,No,https://example.com/games/inside
Natural Selection Physical Edition,PC;PS5;Xbox;Switch,,No,2019,RPG;Action,Yes,https://example.com/games/natural-selection-physical-edition
Destruction Derby Complete Edition,PC;PS5,,No,2014,Strategy;Turn-Based,No,https://example.com/games/destruction-derby-complete-edition
Warhammer 40K Mechanicus Limited Edition,PC;Switch,,No,2001,Simulation,Yes,https://example.com/games/warhammer-40k-mechanicus-limited-edition
Front Mission Online Collector's Edition,PS5;Xbox,4,No,2002,Casual;Party,No,https://example.com/games/front-mission-online-collector-s-edition
Deus Ex Omega Edition,Xbox,4,No,2015,Survival;Horror,Yes,https://example.com/games/deus-ex-omega-edition
Sins of a Solar Empire Anniversary Edition,PC;PS5;Xbox,3,No,2013,Casual;Party,No,https://example.com/games/sins-of-a-solar-empire-anniversary-edition
Oxygen Not Included Omega Edition 4,PC;PS4;Xbox,6,No,2019,Sports,Yes,https://example.com/games/oxygen-not-included-omega-edition-4
Icarus Deluxe Edition,PC;PS4;Xbox,3,No,2010,Puzzle;Adventure,No,https://example.com/games/icarus-deluxe-edition
Killing Floor Last Edition,PC;PS4;Xbox;Switch,,No,2012,Simulation;Sandbox,No,https://example.com/games/killing-floor-last-edition
Naruto Physical Edition,PC;PS4;Xbox,4,No,2004,Tactical;Shooter,No,https://example.com/games/naruto-physical-edition
Insurgency Co-op Omega Edition 3,PC;PS5;Xbox;Switch,,No,2004,Sports,No,https://example.com/games/insurgency-co-op-omega-edition-3
Boomerang Fu Remake,PC,,No,2011,Tactical;Shooter,No,https://example.com/games/boomerang-fu-remake
Azur Lane Alpha Edition,PC;PS4;Xbox;Switch,,No,2023,Strategy;RTS,No,https://example.com/games/azur-lane-alpha-edition
Grip Combat Racing First Edition,PC;PS5;Xbox,,Yes,2024,Strategy;Turn-Based,No,https://example.com/games/grip-combat-racing-first-edition
Rust Game of the Year Edition,PC;PS4;Xbox,3,No,2020,Action;Platformer,No,https://example.com/games/rust-game-of-the-year-edition
Gwent Premium Edition,PC;PS5,,Yes,2006,Simulation;Sandbox,No,https://example.com/games/gwent-premium-edition
Fallout Game of the Year Edition,PC;PS4;Xbox;Switch,2,No,2023,Simulation;Sandbox,No,https://example.com/games/fallout-game-of-the-year-edition
Tales of Zestiria Game of the Year Edition,PC;PS4;Xbox,,Yes,2007,Action;Adventure,Yes,https://example.com/games/tales-of-zestiria-game-of-the-year-edition
Homeworld 2,PC;Xbox,8,No,2020,Battle Royale;Shooter,No,https://example.com/games/homeworld-2
Team Fortress Game of the Year Edition,PC;PS5,4,No,2025,Party;Action,No,https://example.com/games/team-fortress-game-of-the-year-edition
Spintires Legendary Edition,PC;PS5;Xbox,4,Yes,2024,Shooter;Action,No,https://example.com/games/spintires-legendary-edition
Total War 4,PC;Xbox,,Yes,2003,Strategy;Turn-Based,No,https://example.com/games/total-war-4
Enter the Gungeon,PC;Switch,2,No,2020,Strategy;RTS,No,https://example.com/games/enter-the-gungeon
Battlefield 2,PC,,No,2026,RPG;Action,No,https://example.com/games/battlefield-2
Overlord Physical Edition,PC;PS5,4,Yes,2017,Simulation;Sandbox,No,https://example.com/games/overlord-physical-edition
SaGa Remastered,PS5;Xbox,,No,2002,Sports,No,https://example.com/games/saga-remastered
Gloomhaven Deluxe Edition,PC,,Yes,2016,Survival;Horror,No,https://example.com/games/gloomhaven-deluxe-edition
Axiom Ver Beta Edition,Xbox,,No,2010,Tactical;Shooter,No,https://example.com/games/axiom-ver-beta-edition
Killing Floor 5,PC;Switch,8,No,2011,Party;Action,No,https://example.com/games/killing-floor-5
Life is Strange 3,PC;PS4;Xbox;Switch,,No,2001,Action;Adventure,No,https://example.com/games/life-is-strange-3
Stronghold 4,PC;PS5,8,Yes,2018,Shooter;RPG,No,https://example.com/games/stronghold-4
Boomerang Fu Ultimate Edition,Xbox,4,Yes,2006,Puzzle;Adventure,No,https://example.com/games/boomerang-fu-ultimate-edition
Empire Four Kingdoms 5,PS5;Xbox,,Yes,2019,Racing,No,https://example.com/games/empire-four-kingdoms-5
Rainbow Six Remastered,PC;Xbox,4,Yes,2013,Racing,No,https://example.com/games/rainbow-six-remastered
Bleach First Edition,PC;PS5;Xbox;Switch,,Yes,2016,Survival;Horror,No,https://example.com/games/bleach-first-edition
Monster Hunter Physical Edition,PC;PS5,2,No,2018,MOBA;Strategy,No,https://example.com/games/monster-hunter-physical-edition
Evolve Special Edition,PC,,Yes,2009,Racing,No,https://example.com/games/evolve-special-edition
Dragon Ball Z Dokkan 5,PC,,No,2013,Simulation;Sandbox,No,https://example.com/games/dragon-ball-z-dokkan-5
Payday Alpha Edition,Xbox,2,Yes,2001,Casual;Party,No,https://example.com/games/payday-alpha-edition
Zenless Zone Zero 5,PS5;Xbox,4,No,2019,Racing,No,https://example.com/games/zenless-zone-zero-5
New World Physical Edition,PC;Xbox,3,No,2000,Tactical;Shooter,No,https://example.com/games/new-world-physical-edition
Albion Online Remastered,PS5;Xbox,,Yes,2012,Grand Strategy;Strategy,Yes,https://example.com/games/albion-online-remastered
Total War,PC;PS4;Xbox,4,No,2001,Grand Strategy;Strategy,Yes,https://example.com/games/total-war
Redneck Rampage Enhanced Edition,PC;Switch,,No,2015,MOBA;Strategy,No,https://example.com/games/redneck-rampage-enhanced-edition
Clash Royale Legendary Edition,PC;Xbox,3,No,2022,Casual;Party,No,https://example.com/games/clash-royale-legendary-edition
Grounded First Edition,Xbox,2,No,2001,MOBA;Strategy,No,https://example.com/games/grounded-first-edition
Zone of the Enders Enhanced Edition,PS5;Xbox,3,No,2014,Puzzle;Adventure,No,https://example.com/games/zone-of-the-enders-enhanced-edition
Gundam Seed Battle Assault 5 Physical Edition,PC;PS5;Xbox,2,No,2019,Survival;Horror,No,https://example.com/games/gundam-seed-battle-assault-5-physical-edition
Half-Life Omega Edition 2,PC;PS5;Xbox,4,No,2011,Puzzle;Adventure,No,https://example.com/games/half-life-omega-edition-2
Tales of Destiny Premium Edition,PC;Xbox,,Yes,2001,Sports,No,https://example.com/games/tales-of-destiny-premium-edition
Tools Up Digital Edition,PC,4,No,2009,Simulation,No,https://example.com/games/tools-up-digital-edition
Squad Remastered,PC;PS4;Xbox;Switch,,No,2017,Sports,No,https://example.com/games/squad-remastered
Hyrule Warriors Physical Edition,PC;Switch,8,Yes,2006,Survival;Horror,No,https://example.com/games/hyrule-warriors-physical-edition
Evolve Omega Edition 3,Xbox,,No,2015,Shooter;Action,No,https://example.com/games/evolve-omega-edition-3
BioShock Omega Edition,PC,,Yes,2026,Sandbox,No,https://example.com/games/bioshock-omega-edition
Pokemon Unite Final Edition,PC;Xbox,Many,No,2017,Simulation,No,https://example.com/games/pokemon-unite-final-edition
No Man's Sky Premium Edition,PC;Switch,,No,2007,Survival;Sandbox,No,https://example.com/games/no-man-s-sky-premium-edition
Surviving Mars 2,PC;PS5;Xbox,,No,2025,Action;Adventure,No,https://example.com/games/surviving-mars-2
Hexen Final Edition,PC;PS4;Xbox,8,No,2012,Racing,Yes,https://example.com/games/hexen-final-edition
Sekiro Remastered,PC;Xbox,4,Yes,2025,Sports,No,https://example.com/games/sekiro-remastered
Human Fall Flat Alpha Edition,PC;Switch,,No,2018,Survival;Sandbox,No,https://example.com/games/human-fall-flat-alpha-edition
Army of Two 2,PS5;Xbox,8,Yes,2023,Racing,Yes,https://example.com/games/army-of-two-2
Natural Selection Omega Edition,PC;PS5;Xbox,8,Yes,2019,Shooter;RPG,No,https://example.com/games/natural-selection-omega-edition
Eternal Card Game Physical Edition,PC;PS4;Xbox,Many,No,2025,Survival;Horror,No,https://example.com/games/eternal-card-game-physical-edition
Endless Space Collector's Edition,Xbox,4,No,2001,Racing,No,https://example.com/games/endless-space-collector-s-edition
Grimgir Legendary Edition,PC;Switch,4,Yes,2006,Action;Platformer,Yes,https://example.com/games/grimgir-legendary-edition
Destruction Derby Omega Edition 4,PC;Switch,3,Yes,2005,Shooter;RPG,No,https://example.com/games/destruction-derby-omega-edition-4
State of Survival 2,PC;PS4;Xbox,,No,2014,Battle Royale;Shooter,No,https://example.com/games/state-of-survival-2
Township,PC;PS4;Xbox;Switch,,No,2023,Battle Royale;Shooter,No,https://example.com/games/township
Timberborn 3,PS5;Xbox,,No,2002,Shooter;Action,No,https://example.com/games/timberborn-3
Everspace Definitive Edition,PC;PS5;Xbox;Switch,,No,2000,Tactical;Shooter,No,https://example.com/games/everspace-definitive-edition
Mafia Ultimate Edition,PC,4,No,2020,Battle Royale;Shooter,Yes,https://example.com/games/mafia-ultimate-edition
Enlisted Omega Edition 2,PC;PS5,4,No,2020,Strategy;RTS,No,https://example.com/games/enlisted-omega-edition-2
Tales of Symphonia Omega Edition 3,PC;PS4;Xbox;Switch,,No,2004,Shooter;RPG,No,https://example.com/games/tales-of-symphonia-omega-edition-3
One Piece Pirate Warriors Alpha Edition,PS5;Xbox,8,No,2023,Strategy;Turn-Based,No,https://example.com/games/one-piece-pirate-warriors-alpha-edition
Overwatch Omega Edition 3,PC;PS5,3,No,2004,Party;Action,Yes,https://example.com/games/overwatch-omega-edition-3
Pillars of Eternity Special Edition,PC,6,Yes,2007,MOBA;Strategy,No,https://example.com/games/pillars-of-eternity-special-edition
Samurai Warriors Final Edition,PC;Switch,4,No,2015,Simulation,No,https://example.com/games/samurai-warriors-final-edition
Game of Thrones Conquest Beta Edition,PC;PS5;Xbox,,Yes,2026,Battle Royale;Shooter,No,https://example.com/games/game-of-thrones-conquest-beta-edition
StarCraft Omega Edition 2,PC;PS5;Xbox;Switch,,No,2003,Survival;Horror,No,https://example.com/games/starcraft-omega-edition-2
Odin Sphere Standard Edition,PC,8,No,2016,Simulation,No,https://example.com/games/odin-sphere-standard-edition
Enemy Territory Anniversary Edition,PC;Switch,3,Yes,2009,Shooter;RPG,No,https://example.com/games/enemy-territory-anniversary-edition
God of War 2,PC;PS4;Xbox;Switch,4,No,2023,Simulation;Sandbox,No,https://example.com/games/god-of-war-2
Mudrunner 2,PC;PS5;Xbox;Switch,,Yes,2010,Sports,Yes,https://example.com/games/mudrunner-2
Baldur's Gate First Edition,PC;PS4;Xbox,,Yes,2025,Action;Adventure,No,https://example.com/games/baldur-s-gate-first-edition
Panel de Pon 3,PC;Switch,,No,2013,Action;Adventure,Yes,https://example.com/games/panel-de-pon-3
Red Orchestra Digital Edition,PC;PS4;Xbox,4,No,2002,Survival;Sandbox,No,https://example.com/games/red-orchestra-digital-edition
Dragon Quest Heroes Legendary Edition,PC;PS5,,Yes,2004,Party;Action,No,https://example.com/games/dragon-quest-heroes-legendary-edition
Gundam Versus Deluxe Edition,PS5;Xbox,,No,2023,RPG;Action,No,https://example.com/games/gundam-versus-deluxe-edition
Grimgir Alpha Edition,Xbox,,Yes,2013,Tactical;Shooter,No,https://example.com/games/grimgir-alpha-edition
Snowrunner Omega Edition 4,PC;Switch,,No,2014,Action;Platformer,No,https://example.com/games/snowrunner-omega-edition-4
Spec Ops Definitive Edition,PC;PS5;Xbox,8,No,2011,Casual;Party,No,https://example.com/games/spec-ops-definitive-edition
Stronghold Omega Edition 4,Xbox,4,No,2023,Shooter;Action,No,https://example.com/games/stronghold-omega-edition-4
Sekiro Limited Edition,PC;PS4;Xbox,2,No,2016,Casual;Party,No,https://example.com/games/sekiro-limited-edition
Konosuba Game of the Year Edition,PC;PS5,4,Yes,2006,MOBA;Strategy,No,https://example.com/games/konosuba-game-of-the-year-edition
Codename Cure Collector's Edition,PC;Xbox,Many,Yes,2005,Casual;Party,Yes,https://example.com/games/codename-cure-collector-s-edition
Two Point Definitive Edition,PC;PS4;Xbox;Switch,4,No,2007,Party;Action,No,https://example.com/games/two-point-definitive-edition
Human Fall Flat Final Edition,PC;PS5;Xbox;Switch,4,No,2002,Strategy;RTS,No,https://example.com/games/human-fall-flat-final-edition
Throne and Liberty Remastered,PC;PS4;Xbox,2,No,2025,Simulation;Sandbox,No,https://example.com/games/throne-and-liberty-remastered
Banner Saga Standard Edition,PC;PS5,,No,2006,Shooter;RPG,Yes,https://example.com/games/banner-saga-standard-edition
Heroes of the Storm Standard Edition,PC;Switch,4,No,2010,Action;Platformer,No,https://example.com/games/heroes-of-the-storm-standard-edition
Elden Ring Omega Edition 4,Xbox,4,No,2022,Party;Action,No,https://example.com/games/elden-ring-omega-edition-4
Paladins Special Edition,PC;Switch,,No,2004,Survival;Sandbox,No,https://example.com/games/paladins-special-edition
Beach Buggy Racing 5,PC;PS5;Xbox;Switch,6,No,2003,Survival;Sandbox,No,https://example.com/games/beach-buggy-racing-5
War Thunder Collector's Edition,PC,3,Yes,2007,Sports,No,https://example.com/games/war-thunder-collector-s-edition
Breathedge 4,PC;Switch,4,No,2010,Racing,No,https://example.com/games/breathedge-4
Infamous Premium Edition,PC;PS4;Xbox;Switch,,No,2015,Tactical;Shooter,No,https://example.com/games/infamous-premium-edition
Duke Nukem Ultimate Edition,PC;PS5;Xbox;Switch,Many,Yes,2004,Battle Royale;Shooter,No,https://example.com/games/duke-nukem-ultimate-edition
Sable 2,PC,2,No,2009,Party;Action,No,https://example.com/games/sable-2
Crash Team Racing Final Edition,PC;PS5;Xbox,,No,2011,4X;Strategy,No,https://example.com/games/crash-team-racing-final-edition
State of Decay Collector's Edition,PC;PS5;Xbox,,No,2000,Shooter;Action,No,https://example.com/games/state-of-decay-collector-s-edition
Crosscode Anniversary Edition,PC;Xbox,4,No,2019,Casual;Party,No,https://example.com/games/crosscode-anniversary-edition
Slay the Spire Last Edition,PC;PS4;Xbox;Switch,,Yes,2024,Racing,Yes,https://example.com/games/slay-the-spire-last-edition
Once Human Ultimate Edition,PC;PS4;Xbox;Switch,4,No,2014,Battle Royale;Shooter,Yes,https://example.com/games/once-human-ultimate-edition
Tales of Vesperia 5,PC;PS5,4,No,2020,Simulation;Sandbox,Yes,https://example.com/games/tales-of-vesperia-5
Mechwarrior Omega Edition,PC;PS5;Xbox;Switch,,No,2007,Battle Royale;Shooter,No,https://example.com/games/mechwarrior-omega-edition
Anno Legendary Edition,PC;PS5,Many,No,2013,Racing,No,https://example.com/games/anno-legendary-edition
Gundam Seed Battle Assault 9 2,PC;Switch,2,No,2006,Tactical;Shooter,No,https://example.com/games/gundam-seed-battle-assault-9-2
Company of Heroes Remake,PC;PS5;Xbox,4,Yes,2005,Racing,No,https://example.com/games/company-of-heroes-remake
Gundam Battle Chronicle Enhanced Edition,PC;PS5;Xbox;Switch,2,No,2024,Action;Adventure,No,https://example.com/games/gundam-battle-chronicle-enhanced-edition
One Piece Pirate Warriors Special Edition,Xbox,8,No,2012,Simulation,No,https://example.com/games/one-piece-pirate-warriors-special-edition
Boom Beach Deluxe Edition,PC;PS5;Xbox;Switch,3,No,2010,Battle Royale;Shooter,No,https://example.com/games/boom-beach-deluxe-edition
Star Wars The Old Republic Last Edition,PC;PS4;Xbox;Switch,6,No,2014,Shooter;RPG,No,https://example.com/games/star-wars-the-old-republic-last-edition
Guild Wars Omega Edition 4,PC;Xbox,,No,2026,Survival;Sandbox,No,https://example.com/games/guild-wars-omega-edition-4
Hexen 2,PC,4,No,2015,Puzzle;Adventure,No,https://example.com/games/hexen-2
Tales of Arise Legendary Edition,PC;PS5;Xbox;Switch,3,Yes,2024,Strategy;RTS,No,https://example.com/games/tales-of-arise-legendary-edition
Goddess of Victory Physical Edition,PC;PS4;Xbox;Switch,3,No,2007,Strategy;RTS,No,https://example.com/games/goddess-of-victory-physical-edition
Gundam Seed Battle Universe 2,PC;PS4;Xbox;Switch,4,No,2011,Racing,Yes,https://example.com/games/gundam-seed-battle-universe-2
Rime Final Edition,PC;Xbox,,Yes,2025,Simulation;Sandbox,No,https://example.com/games/rime-final-edition
Wasteland Omega Edition 2,PS5;Xbox,4,No,2006,Casual;Party,Yes,https://example.com/games/wasteland-omega-edition-2
Kerbal Space Program Final Edition,PC;PS4;Xbox,8,Yes,2025,Survival;Sandbox,No,https://example.com/games/kerbal-space-program-final-edition
World War Z Omega Edition 5,PC;PS5;Xbox;Switch,Many,No,2017,Puzzle;Adventure,No,https://example.com/games/world-war-z-omega-edition-5
Risk of Rain First Edition,PC;PS5;Xbox,,Yes,2012,Survival;Horror,No,https://example.com/games/risk-of-rain-first-edition
Chorus Collector's Edition,PC;PS4;Xbox,,Yes,2023,MOBA;Strategy,No,https://example.com/games/chorus-collector-s-edition
Zombie Army Omega Edition 2,PC;PS5;Xbox,4,No,2000,MOBA;Strategy,No,https://example.com/games/zombie-army-omega-edition-2
SD Gundam Ultimate Edition,PC;PS4;Xbox,4,Yes,2010,Action;Platformer,Yes,https://example.com/games/sd-gundam-ultimate-edition
Forza Motorsport 5,PC,4,Yes,2012,Grand Strategy;Strategy,No,https://example.com/games/forza-motorsport-5
Oxygen Not Included Physical Edition,PC;Switch,4,Yes,2025,RPG;Action,No,https://example.com/games/oxygen-not-included-physical-edition
Quake 3,PC;PS5;Xbox,3,Yes,2024,Casual;Party,No,https://example.com/games/quake-3
Flower 4,PC;PS5;Xbox;Switch,4,No,2010,Strategy;RTS,Yes,https://example.com/games/flower-4
Re Zero Omega Edition,PC;Xbox,6,No,2009,Action;Platformer,No,https://example.com/games/re-zero-omega-edition
Call of Duty First Edition,PC,4,Yes,2004,Shooter;Action,No,https://example.com/games/call-of-duty-first-edition
Ninja Gaiden Omega Edition 3,PC;PS4;Xbox;Switch,4,No,2004,Simulation;Sandbox,No,https://example.com/games/ninja-gaiden-omega-edition-3
The Cursed Island Last Edition,PC;PS4;Xbox;Switch,3,No,2004,Puzzle;Adventure,No,https://example.com/games/the-cursed-island-last-edition
The Wolf Among Us Enhanced Edition,PC;Switch,4,Yes,2018,Battle Royale;Shooter,Yes,https://example.com/games/the-wolf-among-us-enhanced-edition
We Were Here,PC;Xbox,2,No,2015,Casual;Party,No,https://example.com/games/we-were-here
Ultimate Chicken Horse Remastered,PC;PS4;Xbox,8,No,2008,Simulation;Sandbox,No,https://example.com/games/ultimate-chicken-horse-remastered
Metal Gear Rising Legendary Edition,PC;Switch,3,No,2025,Action;Platformer,No,https://example.com/games/metal-gear-rising-legendary-edition
Satisfactory Special Edition,PC;PS5,6,Yes,2006,Tactical;Shooter,No,https://example.com/games/satisfactory-special-edition
Gundam Seed Battle Assault 9 Game of the Year Edition,PC;PS5,,No,2010,Survival;Horror,No,https://example.com/games/gundam-seed-battle-assault-9-game-of-the-year-edition
Hyrule Warriors Beta Edition,PC;Switch,,No,2013,Simulation,No,https://example.com/games/hyrule-warriors-beta-edition
Grimgir Omega Edition 4,PC,8,No,2023,Strategy;Turn-Based,No,https://example.com/games/grimgir-omega-edition-4
Monster Train Omega Edition,Xbox,,No,2008,Shooter;Action,No,https://example.com/games/monster-train-omega-edition
Observer 3,PC;Xbox,4,No,2007,Tactical;Shooter,No,https://example.com/games/observer-3
Shadowverse Ultimate Edition,PC;Switch,4,No,2005,Shooter;RPG,No,https://example.com/games/shadowverse-ultimate-edition
Warhammer 40K Chaos Gate,PS5;Xbox,,Yes,2018,Action;Platformer,No,https://example.com/games/warhammer-40k-chaos-gate
Motorstorm Ultimate Edition,PC;Xbox,3,Yes,2007,Shooter;Action,No,https://example.com/games/motorstorm-ultimate-edition
Gundam Seed Battle Assault Premium Edition,PC;PS5,,Yes,2024,MOBA;Strategy,Yes,https://example.com/games/gundam-seed-battle-assault-premium-edition
Dragon's Crown Anniversary Edition,PC;PS4;Xbox;Switch,,Yes,2016,Racing,Yes,https://example.com/games/dragon-s-crown-anniversary-edition
Pokemon Unite Remake,PS5;Xbox,Many,Yes,2011,Grand Strategy;Strategy,No,https://example.com/games/pokemon-unite-remake
Two Point Hospital Deluxe Edition,Xbox,4,No,2016,Survival;Horror,No,https://example.com/games/two-point-hospital-deluxe-edition
Shadowrun Remake,PC;PS5;Xbox,8,No,2013,Racing,No,https://example.com/games/shadowrun-remake
Nikke Omega Edition 2,PS5;Xbox,Many,Yes,2018,Racing,Yes,https://example.com/games/nikke-omega-edition-2
Binary Domain Complete Edition,PC;Xbox,6,No,2007,Grand Strategy;Strategy,No,https://example.com/games/binary-domain-complete-edition
Terraria Alpha Edition,PC;PS5;Xbox,4,No,2007,MOBA;Strategy,Yes,https://example.com/games/terraria-alpha-edition
FIFA Limited Edition,PC,,No,2023,MOBA;Strategy,No,https://example.com/games/fifa-limited-edition
Hell Let Loose Omega Edition,PC,4,Yes,2014,Casual;Party,No,https://example.com/games/hell-let-loose-omega-edition
Dragon Ball Legends First Edition,PC;PS5;Xbox;Switch,2,No,2016,Grand Strategy;Strategy,Yes,https://example.com/games/dragon-ball-legends-first-edition
Mini Metro Alpha Edition,PC;PS4;Xbox;Switch,6,No,2024,Survival;Horror,No,https://example.com/games/mini-metro-alpha-edition
Medal of Honor Remastered,Xbox,4,No,2020,RPG;Action,Yes,https://example.com/games/medal-of-honor-remastered
Another Century's Episode Omega Edition 5,PC;PS5;Xbox,8,Yes,2012,4X;Strategy,No,https://example.com/games/another-century-s-episode-omega-edition-5
Surviving the Aftermath Collector's Edition,PC;PS4;Xbox,,No,2020,Shooter;Action,No,https://example.com/games/surviving-the-aftermath-collector-s-edition
Dragon Ball Legends Game of the Year Edition,PC;PS4;Xbox,,Yes,2003,Shooter;Action,No,https://example.com/games/dragon-ball-legends-game-of-the-year-edition
Men of War Definitive Edition,PC;PS4;Xbox,,Yes,2025,Sandbox,Yes,https://example.com/games/men-of-war-definitive-edition
Gundam Seed Battle Assault 4 Collector's Edition,PS5;Xbox,6,Yes,2017,4X;Strategy,No,https://example.com/games/gundam-seed-battle-assault-4-collector-s-edition
Back 4 Blood Omega Edition 4,PS5;Xbox,4,No,2009,Party;Action,No,https://example.com/games/back-4-blood-omega-edition-4
UFO 50 Alpha Edition,PC;Switch,,No,2017,Shooter;Action,No,https://example.com/games/ufo-50-alpha-edition
Chorus Definitive Edition,PC;Switch,3,Yes,2023,RPG;Action,No,https://example.com/games/chorus-definitive-edition
Gundam Seed Battle Universe Premium Edition,PC;PS4;Xbox;Switch,,No,2005,Grand Strategy;Strategy,No,https://example.com/games/gundam-seed-battle-universe-premium-edition
Kena 4,Xbox,,Yes,2007,Strategy;RTS,No,https://example.com/games/kena-4
BioShock Final Edition,Xbox,,No,2003,Grand Strategy;Strategy,Yes,https://example.com/games/bioshock-final-edition
Sly Cooper Omega Edition 2,PC;PS4;Xbox,8,No,2020,Shooter;RPG,No,https://example.com/games/sly-cooper-omega-edition-2
Trackmania 3,PC;Switch,4,No,2017,Puzzle;Adventure,No,https://example.com/games/trackmania-3
Blood Premium Edition,PS5;Xbox,6,Yes,2025,Party;Action,No,https://example.com/games/blood-premium-edition
Killing Floor Special Edition,PC;PS5;Xbox;Switch,2,No,2009,Strategy;RTS,No,https://example.com/games/killing-floor-special-edition
Grim Dawn Enhanced Edition,PC;PS5,3,Yes,2005,Action;Adventure,No,https://example.com/games/grim-dawn-enhanced-edition
Fallout 2,PC;PS4;Xbox;Switch,3,No,2023,Grand Strategy;Strategy,Yes,https://example.com/games/fallout-2
Pillars of Eternity Limited Edition,PC;Switch,,Yes,2012,MOBA;Strategy,No,https://example.com/games/pillars-of-eternity-limited-edition
StarCraft Physical Edition,PC;Xbox,,Yes,2005,Grand Strategy;Strategy,No,https://example.com/games/starcraft-physical-edition
Metal Gear Special Edition,PC;PS5,2,Yes,2013,Simulation,Yes,https://example.com/games/metal-gear-special-edition
Dishonored Special Edition,PS5;Xbox,4,No,2012,Shooter;RPG,No,https://example.com/games/dishonored-special-edition
Army of Two Last Edition,PC;PS5;Xbox,,Yes,2014,Party;Action,Yes,https://example.com/games/army-of-two-last-edition
Assassin's Creed 4,PC;PS4;Xbox,,Yes,2013,Sandbox,No,https://example.com/games/assassin-s-creed-4
Brothers in Arms Omega Edition 2,PC;Xbox,4,No,2010,MOBA;Strategy,No,https://example.com/games/brothers-in-arms-omega-edition-2
Raft Limited Edition,PC;Switch,,No,2021,Strategy;Turn-Based,No,https://example.com/games/raft-limited-edition
Scarlet Nexus Beta Edition,PC;PS5;Xbox,3,No,2012,Survival;Horror,No,https://example.com/games/scarlet-nexus-beta-edition
Escape Dead Island,Xbox,,Yes,2004,Tactical;Shooter,Yes,https://example.com/games/escape-dead-island
Fallout Tactics Premium Edition,PC;Switch,4,Yes,2020,Survival;Horror,Yes,https://example.com/games/fallout-tactics-premium-edition
Tales of Xillia Special Edition,PS5;Xbox,,No,2022,Tactical;Shooter,No,https://example.com/games/tales-of-xillia-special-edition
Grey Goo Enhanced Edition,PC;PS4;Xbox,,No,2008,Racing,Yes,https://example.com/games/grey-goo-enhanced-edition
Front Mission 2087 4,PS5;Xbox,6,Yes,2009,Casual;Party,No,https://example.com/games/front-mission-2087-4
Kena Game of the Year Edition,PC,2,Yes,2000,Simulation,No,https://example.com/games/kena-game-of-the-year-edition
Ready or Not,PS5;Xbox,4,No,2002,Simulation;Sandbox,No,https://example.com/games/ready-or-not
The Last of Us Omega Edition 2,Xbox,6,No,2006,Sandbox,No,https://example.com/games/the-last-of-us-omega-edition-2
Endzone Beta Edition,Xbox,,Yes,2023,Grand Strategy;Strategy,No,https://example.com/games/endzone-beta-edition
Diablo Anniversary Edition,Xbox,4,Yes,2007,Tactical;Shooter,Yes,https://example.com/games/diablo-anniversary-edition
Ratchet and Clank Remake,PC;PS5;Xbox,,No,2007,4X;Strategy,No,https://example.com/games/ratchet-and-clank-remake
RimWorld Omega Edition 5,PC,,No,2007,Grand Strategy;Strategy,No,https://example.com/games/rimworld-omega-edition-5
Overcooked 4,PC,,Yes,2016,Casual;Party,No,https://example.com/games/overcooked-4
Evochron Definitive Edition,PC;PS5;Xbox;Switch,,Yes,2005,Puzzle;Adventure,No,https://example.com/games/evochron-definitive-edition
Sol Cresta Omega Edition 4,PC;Xbox,,No,2006,Action;Adventure,No,https://example.com/games/sol-cresta-omega-edition-4
Insurgency,PC;Switch,3,No,2004,4X;Strategy,No,https://example.com/games/insurgency
The Crew Definitive Edition,PC;PS4;Xbox,,No,2016,Puzzle;Adventure,No,https://example.com/games/the-crew-definitive-edition
Panel de Pon Standard Edition,PC;Xbox,Many,No,2024,Tactical;Shooter,No,https://example.com/games/panel-de-pon-standard-edition
Surviving the Aftermath Remastered,PC;Switch,,Yes,2026,Battle Royale;Shooter,No,https://example.com/games/surviving-the-aftermath-remastered
Gundam Seed Battle Assault 2 Limited Edition,PC;PS5;Xbox;Switch,6,Yes,2007,Shooter;RPG,No,https://example.com/games/gundam-seed-battle-assault-2-limited-edition
Front Mission Online Premium Edition,PC;PS5;Xbox;Switch,,Yes,2022,Simulation,No,https://example.com/games/front-mission-online-premium-edition
Tales of Symphonia Game of the Year Edition,PC,2,Yes,2003,Puzzle;Adventure,No,https://example.com/games/tales-of-symphonia-game-of-the-year-edition
Gundam Seed Destiny Complete Edition,PC;Switch,Many,Yes,2026,Simulation,No,https://example.com/games/gundam-seed-destiny-complete-edition
Mobile Legends Legendary Edition,PC;Switch,3,Yes,2010,Shooter;Action,Yes,https://example.com/games/mobile-legends-legendary-edition
Blitzkrieg 4,PS5;Xbox,3,Yes,2004,Puzzle;Adventure,No,https://example.com/games/blitzkrieg-4
Total War Arena Deluxe Edition,PS5;Xbox,2,No,2009,Survival;Horror,No,https://example.com/games/total-war-arena-deluxe-edition
Insurgency 2,PC;Xbox,Many,No,2024,Strategy;Turn-Based,No,https://example.com/games/insurgency-2
Days Gone First Edition,PC;Xbox,2,No,2023,Action;Platformer,No,https://example.com/games/days-gone-first-edition
Surviving the Aftermath Limited Edition,Xbox,4,No,2018,Shooter;RPG,Yes,https://example.com/games/surviving-the-aftermath-limited-edition
Metal Gear Rising Omega Edition 3,PC;PS4;Xbox;Switch,4,Yes,2004,MOBA;Strategy,Yes,https://example.com/games/metal-gear-rising-omega-edition-3
Subnautica Ultimate Edition,PC;Switch,,Yes,2006,Survival;Sandbox,No,https://example.com/games/subnautica-ultimate-edition
Icarus Collector's Edition,PS5;Xbox,3,Yes,2026,Casual;Party,No,https://example.com/games/icarus-collector-s-edition
MX vs ATV Definitive Edition,PC;PS5;Xbox,4,No,2001,Sandbox,Yes,https://example.com/games/mx-vs-atv-definitive-edition
New World Special Edition,PC,,No,2004,Strategy;Turn-Based,Yes,https://example.com/games/new-world-special-edition
Life is Strange Enhanced Edition,PC;PS5,,No,2007,Simulation;Sandbox,No,https://example.com/games/life-is-strange-enhanced-edition
Watch Dogs Deluxe Edition,PC;PS4;Xbox;Switch,Many,Yes,2007,Survival;Sandbox,Yes,https://example.com/games/watch-dogs-deluxe-edition
System Shock Digital Edition,PC;PS5,,Yes,2011,Simulation,No,https://example.com/games/system-shock-digital-edition
Hold Your Own Deluxe Edition,PS5;Xbox,,Yes,2004,Grand Strategy;Strategy,No,https://example.com/games/hold-your-own-deluxe-edition
Slay the Spire Omega Edition 4,Xbox,8,No,2000,Simulation,No,https://example.com/games/slay-the-spire-omega-edition-4
Astroneer Final Edition,PC;PS5;Xbox;Switch,,Yes,2018,Sports,No,https://example.com/games/astroneer-final-edition
Gundam Battle Universe Omega Edition 5,PC;PS4;Xbox;Switch,4,Yes,2010,Grand Strategy;Strategy,No,https://example.com/games/gundam-battle-universe-omega-edition-5
Endzone Omega Edition,PC;PS5,,Yes,2014,Racing,No,https://example.com/games/endzone-omega-edition
Dyson Sphere Program Standard Edition,PC;PS5,,Yes,2015,Strategy;Turn-Based,No,https://example.com/games/dyson-sphere-program-standard-edition
Sam and Max Omega Edition 3,PS5;Xbox,Many,No,2025,Party;Action,No,https://example.com/games/sam-and-max-omega-edition-3
Dragon Ball Z Dokkan Physical Edition,Xbox,,No,2011,Simulation;Sandbox,No,https://example.com/games/dragon-ball-z-dokkan-physical-edition
Captain of Industry Alpha Edition,PC;PS4;Xbox;Switch,Many,No,2000,Strategy;Turn-Based,No,https://example.com/games/captain-of-industry-alpha-edition
Counter-Strike Omega Edition 5,PC;PS5,8,No,2026,Grand Strategy;Strategy,No,https://example.com/games/counter-strike-omega-edition-5
System Shock Final Edition,PC;Switch,,No,2015,Shooter;Action,No,https://example.com/games/system-shock-final-edition
Stronghold Physical Edition,PC;PS4;Xbox;Switch,6,No,2007,Racing,No,https://example.com/games/stronghold-physical-edition
No Man's Sky Final Edition,PS5;Xbox,,No,2024,Sandbox,Yes,https://example.com/games/no-man-s-sky-final-edition
Front Mission Alternative Ultimate Edition,PC;Xbox,,No,2013,Battle Royale;Shooter,No,https://example.com/games/front-mission-alternative-ultimate-edition
Armored Core 2,PC;PS5;Xbox;Switch,,Yes,2000,Puzzle;Adventure,No,https://example.com/games/armored-core-2
Inside Alpha Edition,PC;PS5;Xbox;Switch,,Yes,2003,MOBA;Strategy,No,https://example.com/games/inside-alpha-edition
Last Bible Limited Edition,PC;Switch,2,No,2021,Grand Strategy;Strategy,No,https://example.com/games/last-bible-limited-edition
Daemon X Machina Final Edition,PC;Xbox,,No,2009,Simulation;Sandbox,No,https://example.com/games/daemon-x-machina-final-edition
Civilization Standard Edition,PS5;Xbox,,Yes,2007,Strategy;RTS,No,https://example.com/games/civilization-standard-edition
Seven Deadly Sins Beta Edition,PC;PS4;Xbox,3,No,2004,Casual;Party,No,https://example.com/games/seven-deadly-sins-beta-edition
Iron Harvest Omega Edition 4,PS5;Xbox,2,No,2004,MOBA;Strategy,Yes,https://example.com/games/iron-harvest-omega-edition-4
Chorus Standard Edition,PC;Xbox,,No,2003,Shooter;RPG,Yes,https://example.com/games/chorus-standard-edition
Ratchet and Clank Ultimate Edition,PC;Xbox,3,No,2001,Battle Royale;Shooter,No,https://example.com/games/ratchet-and-clank-ultimate-edition
Hold Your Own Omega Edition 4,PC;PS4;Xbox;Switch,6,Yes,2018,MOBA;Strategy,No,https://example.com/games/hold-your-own-omega-edition-4
Apex Legends Special Edition,Xbox,4,Yes,2006,Sandbox,No,https://example.com/games/apex-legends-special-edition
Offworld Trading Company 5,PC;PS4;Xbox;Switch,4,No,2016,Casual;Party,No,https://example.com/games/offworld-trading-company-5
Phoenix Point Beta Edition,PC,8,No,2021,RPG;Action,No,https://example.com/games/phoenix-point-beta-edition
Accelate Physical Edition,PC;Xbox,,No,2019,Party;Action,No,https://example.com/games/accelate-physical-edition
Starsector Omega Edition 5,PS5;Xbox,6,Yes,2017,Battle Royale;Shooter,No,https://example.com/games/starsector-omega-edition-5
Lords Mobile Deluxe Edition,PC;Switch,4,No,2011,Party;Action,No,https://example.com/games/lords-mobile-deluxe-edition
Torchlight Remastered,PC,,Yes,2018,4X;Strategy,No,https://example.com/games/torchlight-remastered
Limbo Special Edition,Xbox,4,No,2016,Shooter;RPG,No,https://example.com/games/limbo-special-edition
Farmville Deluxe Edition,PC;PS4;Xbox,,No,2025,Shooter;RPG,No,https://example.com/games/farmville-deluxe-edition
Phoenix Point Ultimate Edition,PC;Switch,,No,2001,Simulation;Sandbox,No,https://example.com/games/phoenix-point-ultimate-edition
The Dark Pictures Alpha Edition,PC;Xbox,,No,2022,Tactical;Shooter,No,https://example.com/games/the-dark-pictures-alpha-edition
Elite Dangerous Special Edition,PC;Xbox,4,No,2017,Simulation;Sandbox,No,https://example.com/games/elite-dangerous-special-edition
Supreme Commander Beta Edition,PC;PS5;Xbox;Switch,8,No,2012,Puzzle;Adventure,No,https://example.com/games/supreme-commander-beta-edition
Deliver Us Mars Enhanced Edition,PC;PS5;Xbox,4,Yes,2016,Strategy;RTS,Yes,https://example.com/games/deliver-us-mars-enhanced-edition
Rust Digital Edition,Xbox,8,Yes,2002,Simulation;Sandbox,Yes,https://example.com/games/rust-digital-edition
Tales of Vesperia First Edition,PC;PS5;Xbox,,No,2021,Party;Action,No,https://example.com/games/tales-of-vesperia-first-edition
Asphalt Game of the Year Edition,Xbox,Many,No,2006,Simulation;Sandbox,No,https://example.com/games/asphalt-game-of-the-year-edition
Hearthstone Deluxe Edition,PC;PS5,,Yes,2010,Survival;Sandbox,No,https://example.com/games/hearthstone-deluxe-edition
Nioh Special Edition,PC;Switch,,No,2001,Racing,No,https://example.com/games/nioh-special-edition
Left 4 Dead First Edition,PC;PS4;Xbox;Switch,,No,2013,Shooter;Action,No,https://example.com/games/left-4-dead-first-edition
Guardians of the Galaxy Telltale Limited Edition,PC;PS5;Xbox,4,No,2023,Survival;Horror,No,https://example.com/games/guardians-of-the-galaxy-telltale-limited-edition
Call of Duty Remastered,PC;PS5;Xbox;Switch,3,No,2016,Grand Strategy;Strategy,Yes,https://example.com/games/call-of-duty-remastered
Halo Collector's Edition,Xbox,3,Yes,2014,MOBA;Strategy,No,https://example.com/games/halo-collector-s-edition
Majin Tensei Omega Edition 3,PC;Switch,Many,Yes,2007,Battle Royale;Shooter,No,https://example.com/games/majin-tensei-omega-edition-3
Sins of a Solar Empire Limited Edition,PC,,Yes,2005,Survival;Horror,Yes,https://example.com/games/sins-of-a-solar-empire-limited-edition
Tiny Tina Digital Edition,Xbox,,No,2001,Tactical;Shooter,No,https://example.com/games/tiny-tina-digital-edition
Shield Hero Omega Edition 4,PC,,No,2018,Survival;Sandbox,No,https://example.com/games/shield-hero-omega-edition-4
Guild Wars Enhanced Edition,PC;PS5,4,Yes,2014,Racing,No,https://example.com/games/guild-wars-enhanced-edition
Enemy Territory Premium Edition,PC;PS4;Xbox,,No,2012,Grand Strategy;Strategy,No,https://example.com/games/enemy-territory-premium-edition
7 Days to Die First Edition,Xbox,,Yes,2006,Action;Platformer,No,https://example.com/games/7-days-to-die-first-edition
Tales of Arise Omega Edition 5,PC;PS5;Xbox,4,No,2001,Strategy;Turn-Based,No,https://example.com/games/tales-of-arise-omega-edition-5
Palworld Standard Edition,PC,,No,2014,RPG;Action,No,https://example.com/games/palworld-standard-edition
Tomb Raider 4,PC;PS5;Xbox;Switch,3,Yes,2000,Racing,No,https://example.com/games/tomb-raider-4
Dragon Ball Z Dokkan 3,PC;PS5,2,No,2015,Racing,No,https://example.com/games/dragon-ball-z-dokkan-3
The Elder Scrolls Complete Edition,PC;PS5;Xbox;Switch,,No,2024,Puzzle;Adventure,No,https://example.com/games/the-elder-scrolls-complete-edition
Army of Two,PC;Switch,,No,2015,Puzzle;Adventure,No,https://example.com/games/army-of-two
Batman Telltale Digital Edition,PC;PS4;Xbox;Switch,4,Yes,2014,Action;Adventure,No,https://example.com/games/batman-telltale-digital-edition
Just Cause Omega Edition,PC;PS4;Xbox,,No,2003,Puzzle;Adventure,Yes,https://example.com/games/just-cause-omega-edition
Halo 4,PC;PS5;Xbox,8,Yes,2022,4X;Strategy,No,https://example.com/games/halo-4
Rust Omega Edition 4,PC;Switch,,No,2022,Strategy;Turn-Based,No,https://example.com/games/rust-omega-edition-4
Rise of Kingdoms First Edition,PC;PS4;Xbox,8,No,2012,4X;Strategy,No,https://example.com/games/rise-of-kingdoms-first-edition
Cities Collector's Edition,PC,4,No,2015,Survival;Sandbox,No,https://example.com/games/cities-collector-s-edition
Forza 2,PC;PS5;Xbox;Switch,Many,No,2004,Strategy;RTS,No,https://example.com/games/forza-2
Zone of the Enders First Edition,PC,,No,2007,Survival;Horror,No,https://example.com/games/zone-of-the-enders-first-edition
The Wolf Among Us Anniversary Edition,PC;PS4;Xbox,2,No,2017,Strategy;RTS,No,https://example.com/games/the-wolf-among-us-anniversary-edition
Hexen 5,PC;PS4;Xbox;Switch,6,No,2014,Shooter;Action,No,https://example.com/games/hexen-5
Offworld Trading Company Legendary Edition,PC;Xbox,4,No,2026,Survival;Sandbox,No,https://example.com/games/offworld-trading-company-legendary-edition
Gundam Seed Battle Assault 8 Special Edition,PC,,No,2019,Action;Platformer,No,https://example.com/games/gundam-seed-battle-assault-8-special-edition
Shapez Anniversary Edition,PC;PS5,,No,2003,Sandbox,No,https://example.com/games/shapez-anniversary-edition
Ronduine 5,PC;PS4;Xbox,3,Yes,2019,Puzzle;Adventure,No,https://example.com/games/ronduine-5
Gundam ZZ Battle Assault Premium Edition,PC;PS5,,No,2008,Action;Adventure,No,https://example.com/games/gundam-zz-battle-assault-premium-edition
Fire Force Complete Edition,PC;Xbox,8,No,2001,Casual;Party,No,https://example.com/games/fire-force-complete-edition
Sky Children of the Light Standard Edition,PC;PS4;Xbox;Switch,6,No,2000,Survival;Horror,No,https://example.com/games/sky-children-of-the-light-standard-edition
Act of War Omega Edition 3,PC;PS5,4,No,2016,Simulation;Sandbox,No,https://example.com/games/act-of-war-omega-edition-3
Dragon Ball Legends Premium Edition,PC;PS5;Xbox;Switch,2,Yes,2001,Puzzle;Adventure,No,https://example.com/games/dragon-ball-legends-premium-edition
Batman Telltale 4,PC;PS4;Xbox;Switch,,No,2023,Racing,No,https://example.com/games/batman-telltale-4
Green Hell Digital Edition,PC;PS4;Xbox,Many,No,2012,Puzzle;Adventure,Yes,https://example.com/games/green-hell-digital-edition
Aven Colony Physical Edition,PC,3,Yes,2011,Shooter;Action,No,https://example.com/games/aven-colony-physical-edition
Rogue Legacy Premium Edition,PC;PS4;Xbox;Switch,,Yes,2022,Shooter;RPG,No,https://example.com/games/rogue-legacy-premium-edition
Insurgency Co-op Remastered,PC;Xbox,8,No,2015,Strategy;RTS,No,https://example.com/games/insurgency-co-op-remastered
SimCity First Edition,PC,,Yes,2023,Action;Platformer,No,https://example.com/games/simcity-first-edition
Sudden Strike Legendary Edition,PC;PS5,,No,2012,4X;Strategy,No,https://example.com/games/sudden-strike-legendary-edition
Subnautica Alpha Edition,PC;PS5,3,No,2004,Party;Action,Yes,https://example.com/games/subnautica-alpha-edition
Surviosis Collector's Edition,PC;PS4;Xbox;Switch,8,Yes,2011,Party;Action,No,https://example.com/games/surviosis-collector-s-edition
Surviosis 5,PC;PS5;Xbox;Switch,Many,No,2016,Racing,No,https://example.com/games/surviosis-5
System Shock Ultimate Edition,Xbox,,No,2006,Tactical;Shooter,Yes,https://example.com/games/system-shock-ultimate-edition
FIFA Anniversary Edition,PC;Switch,3,No,2005,MOBA;Strategy,No,https://example.com/games/fifa-anniversary-edition
Galactic Civilizations Definitive Edition,Xbox,3,No,2008,Puzzle;Adventure,No,https://example.com/games/galactic-civilizations-definitive-edition
Pokemon Unite Omega Edition 5,Xbox,6,No,2005,Action;Adventure,No,https://example.com/games/pokemon-unite-omega-edition-5
Platinum Games Remake,PC;PS5;Xbox;Switch,,No,2013,Simulation;Sandbox,No,https://example.com/games/platinum-games-remake
Gundam Seed Battle Operation Omega Edition,PC;PS5,8,No,2008,Survival;Sandbox,No,https://example.com/games/gundam-seed-battle-operation-omega-edition
Mafia Enhanced Edition,PC,8,No,2017,Sandbox,Yes,https://example.com/games/mafia-enhanced-edition
Attack on Titan Legendary Edition,PS5;Xbox,4,No,2015,Action;Adventure,Yes,https://example.com/games/attack-on-titan-legendary-edition
Curse of the Dead Gods Omega Edition,Xbox,8,No,2004,Simulation,No,https://example.com/games/curse-of-the-dead-gods-omega-edition
Colin McRae Omega Edition,PC,6,Yes,2000,Battle Royale;Shooter,No,https://example.com/games/colin-mcrae-omega-edition
Hell Let Loose Collector's Edition,PC;PS5;Xbox;Switch,,No,2016,Battle Royale;Shooter,No,https://example.com/games/hell-let-loose-collector-s-edition
Dynasty Warriors,PC;PS5,3,No,2004,Action;Adventure,No,https://example.com/games/dynasty-warriors
Bulletstorm Physical Edition,PC;PS5,2,No,2010,Simulation,No,https://example.com/games/bulletstorm-physical-edition
Sable Final Edition,PC;Switch,,Yes,2017,Shooter;Action,No,https://example.com/games/sable-final-edition
Total War Arena Complete Edition,PC;PS5;Xbox;Switch,,Yes,2012,Simulation;Sandbox,Yes,https://example.com/games/total-war-arena-complete-edition
Sword Art Online 3,Xbox,,Yes,2025,Grand Strategy;Strategy,Yes,https://example.com/games/sword-art-online-3
Hollow Knight 3,PC;PS5,Many,Yes,2001,Survival;Sandbox,No,https://example.com/games/hollow-knight-3
Zenless Zone Zero Collector's Edition,PS5;Xbox,6,No,2022,Tactical;Shooter,No,https://example.com/games/zenless-zone-zero-collector-s-edition
Gundam Battle Chronicle Last Edition,PC;PS4;Xbox,,Yes,2001,Sports,No,https://example.com/games/gundam-battle-chronicle-last-edition
Binary Domain Ultimate Edition,PC;PS5;Xbox,2,No,2016,Strategy;RTS,No,https://example.com/games/binary-domain-ultimate-edition
Reckless Racing Standard Edition,PS5;Xbox,6,No,2012,RPG;Action,No,https://example.com/games/reckless-racing-standard-edition
GTA Limited Edition,PC;PS4;Xbox;Switch,3,No,2018,Survival;Sandbox,No,https://example.com/games/gta-limited-edition
Team Fortress Ultimate Edition,PC;Switch,4,No,2003,Sports,No,https://example.com/games/team-fortress-ultimate-edition
Rise of Kingdoms Special Edition,PC;PS4;Xbox;Switch,3,No,2015,Survival;Horror,No,https://example.com/games/rise-of-kingdoms-special-edition
Friday the 13th 4,PC;PS5;Xbox;Switch,6,Yes,2004,Grand Strategy;Strategy,Yes,https://example.com/games/friday-the-13th-4
Dead Cells Deluxe Edition,PC;PS4;Xbox,,No,2012,Strategy;RTS,Yes,https://example.com/games/dead-cells-deluxe-edition
Hexen Legendary Edition,PC;PS4;Xbox;Switch,4,Yes,2004,Survival;Sandbox,No,https://example.com/games/hexen-legendary-edition
Colin McRae Omega Edition 2,PC;PS5;Xbox,4,No,2024,Battle Royale;Shooter,No,https://example.com/games/colin-mcrae-omega-edition-2
Mortal Online Collector's Edition,Xbox,,Yes,2006,Simulation,No,https://example.com/games/mortal-online-collector-s-edition
Dorfromantik Omega Edition 4,PC;Xbox,,Yes,2023,Racing,No,https://example.com/games/dorfromantik-omega-edition-4
Homeworld Ultimate Edition,PC;PS5,4,No,2009,Tactical;Shooter,No,https://example.com/games/homeworld-ultimate-edition
Dragon Ball Z Dokkan Omega Edition 4,PC;Switch,3,No,2020,Grand Strategy;Strategy,Yes,https://example.com/games/dragon-ball-z-dokkan-omega-edition-4
Anarchy Reigns Omega Edition,PC;PS4;Xbox,3,No,2021,Sports,Yes,https://example.com/games/anarchy-reigns-omega-edition
Act of War Beta Edition,PC;Switch,6,No,2018,4X;Strategy,No,https://example.com/games/act-of-war-beta-edition
Pathfinder Final Edition,PC;PS5;Xbox,,Yes,2012,4X;Strategy,No,https://example.com/games/pathfinder-final-edition
Dragon's Crown Standard Edition,PS5;Xbox,8,No,2001,Casual;Party,No,https://example.com/games/dragon-s-crown-standard-edition
Scarlet Nexus Anniversary Edition,PS5;Xbox,2,No,2024,Puzzle;Adventure,No,https://example.com/games/scarlet-nexus-anniversary-edition
Panel de Pon First Edition,Xbox,,No,2006,Survival;Sandbox,No,https://example.com/games/panel-de-pon-first-edition
Her Story Omega Edition 3,PC,4,Yes,2002,Puzzle;Adventure,No,https://example.com/games/her-story-omega-edition-3
Mobile Legends Standard Edition,PS5;Xbox,,Yes,2026,RPG;Action,No,https://example.com/games/mobile-legends-standard-edition
The Elder Scrolls Remake,PC;Xbox,,No,2015,Sports,Yes,https://example.com/games/the-elder-scrolls-remake
Astral Chain 3,Xbox,6,No,2000,4X;Strategy,No,https://example.com/games/astral-chain-3
Age of Empires Remake,PC;PS5;Xbox,4,Yes,2013,Racing,No,https://example.com/games/age-of-empires-remake
Hades 5,PC;PS5;Xbox;Switch,,No,2022,Survival;Horror,No,https://example.com/games/hades-5
Gundam ZZ Anniversary Edition,PC;PS5,,Yes,2007,Shooter;Action,Yes,https://example.com/games/gundam-zz-anniversary-edition
Unturned Special Edition,Xbox,4,No,2001,Battle Royale;Shooter,No,https://example.com/games/unturned-special-edition
Gundam Battle 3,PS5;Xbox,8,Yes,2004,Simulation;Sandbox,No,https://example.com/games/gundam-battle-3
Kerbal Space Program Omega Edition 4,PC;PS5;Xbox;Switch,,Yes,2015,Action;Platformer,No,https://example.com/games/kerbal-space-program-omega-edition-4
Shapez Special Edition,PC;Switch,8,No,2022,Shooter;RPG,No,https://example.com/games/shapez-special-edition
Surviving Mars Complete Edition,PC;PS5;Xbox,,Yes,2011,Action;Adventure,No,https://example.com/games/surviving-mars-complete-edition
Left 4 Dead Ultimate Edition,PC;PS4;Xbox,4,Yes,2026,4X;Strategy,No,https://example.com/games/left-4-dead-ultimate-edition
SD Gundam Definitive Edition,PC;PS4;Xbox,,Yes,2009,Casual;Party,No,https://example.com/games/sd-gundam-definitive-edition
Skul Limited Edition,PC;PS5;Xbox,4,No,2014,Survival;Horror,No,https://example.com/games/skul-limited-edition
Ronduine Physical Edition,Xbox,,Yes,2025,MOBA;Strategy,No,https://example.com/games/ronduine-physical-edition
Until Dawn Omega Edition,PC;PS4;Xbox,8,Yes,2009,Simulation;Sandbox,No,https://example.com/games/until-dawn-omega-edition
Pathfinder Complete Edition,PC;PS4;Xbox,4,No,2008,Battle Royale;Shooter,No,https://example.com/games/pathfinder-complete-edition
Next Car Game Limited Edition,PC;PS5;Xbox,Many,No,2024,Sports,No,https://example.com/games/next-car-game-limited-edition
Muramasa Omega Edition,PS5;Xbox,8,No,2014,Strategy;RTS,No,https://example.com/games/muramasa-omega-edition
Bleach Last Edition,PC;Xbox,,No,2017,Action;Platformer,No,https://example.com/games/bleach-last-edition
Surviosis Anniversary Edition,PC;PS4;Xbox,,Yes,2025,Survival;Horror,No,https://example.com/games/surviosis-anniversary-edition
Team Fortress Omega Edition,PC;PS5;Xbox;Switch,,No,2026,Strategy;RTS,No,https://example.com/games/team-fortress-omega-edition
Endzone First Edition,PC;PS5;Xbox,,Yes,2024,Strategy;Turn-Based,No,https://example.com/games/endzone-first-edition
Outriders 2,PC;PS5;Xbox;Switch,,Yes,2015,4X;Strategy,No,https://example.com/games/outriders-2
Alien Isolation 5,PC,8,Yes,2003,Strategy;RTS,No,https://example.com/games/alien-isolation-5
Captain of Industry,Xbox,4,Yes,2004,Casual;Party,No,https://example.com/games/captain-of-industry
Sable Legendary Edition,PC;PS5,4,Yes,2016,Survival;Horror,No,https://example.com/games/sable-legendary-edition
Sky Children of the Light,PC;Switch,4,No,2008,Simulation;Sandbox,No,https://example.com/games/sky-children-of-the-light
Left 4 Dead Standard Edition,PS5;Xbox,6,No,2000,Action;Platformer,No,https://example.com/games/left-4-dead-standard-edition
Ashes of the Singularity Physical Edition,Xbox,,Yes,2000,Strategy;Turn-Based,Yes,https://example.com/games/ashes-of-the-singularity-physical-edition
Warcraft Digital Edition,PC;PS4;Xbox;Switch,4,No,2017,Racing,No,https://example.com/games/warcraft-digital-edition
Subnautica Omega Edition 2,PS5;Xbox,2,No,2001,Casual;Party,Yes,https://example.com/games/subnautica-omega-edition-2
Warhammer 40K Inquisitor Beta Edition,PC;Xbox,3,No,2019,Simulation,No,https://example.com/games/warhammer-40k-inquisitor-beta-edition
Planet Coaster Remake,Xbox,6,No,2011,Racing,No,https://example.com/games/planet-coaster-remake
Rocket League Remake,PC;PS5;Xbox,,No,2002,Party;Action,No,https://example.com/games/rocket-league-remake
Gundam Seed Battle Chronicle Ultimate Edition,PC;PS5;Xbox,4,Yes,2012,Strategy;Turn-Based,No,https://example.com/games/gundam-seed-battle-chronicle-ultimate-edition
Sol Cresta,PC;PS5,Many,No,2004,Casual;Party,Yes,https://example.com/games/sol-cresta
Sunset Overdrive Digital Edition,PC;PS5;Xbox,2,No,2010,MOBA;Strategy,No,https://example.com/games/sunset-overdrive-digital-edition
Devil May Cry Remastered,PS5;Xbox,,Yes,2005,Shooter;RPG,No,https://example.com/games/devil-may-cry-remastered
Ashes of the Singularity Definitive Edition,PC;Xbox,4,Yes,2007,RPG;Action,No,https://example.com/games/ashes-of-the-singularity-definitive-edition
Tokyo Mirage Sessions Omega Edition 5,PC,4,No,2012,Tactical;Shooter,No,https://example.com/games/tokyo-mirage-sessions-omega-edition-5
Dead by Daylight Complete Edition,PC;PS4;Xbox,,Yes,2006,Racing,No,https://example.com/games/dead-by-daylight-complete-edition
Dragon Ball Legends Digital Edition,PC;Switch,,No,2008,Survival;Horror,Yes,https://example.com/games/dragon-ball-legends-digital-edition
Poker Night 4,PC;PS4;Xbox;Switch,4,No,2014,Shooter;Action,Yes,https://example.com/games/poker-night-4
Flower,PC;PS4;Xbox,,No,2022,Strategy;Turn-Based,No,https://example.com/games/flower
Flatout 2,PC;PS5,3,No,2002,Simulation,No,https://example.com/games/flatout-2
Battlefield Alpha Edition,PC;PS5;Xbox;Switch,Many,No,2023,Battle Royale;Shooter,Yes,https://example.com/games/battlefield-alpha-edition
Forza Horizon Anniversary Edition,PC;PS5;Xbox;Switch,4,No,2012,Sandbox,No,https://example.com/games/forza-horizon-anniversary-edition
Gundam Seed Battle Assault 8 Legendary Edition,PC;Switch,4,No,2003,Battle Royale;Shooter,Yes,https://example.com/games/gundam-seed-battle-assault-8-legendary-edition
Binding of Isaac Beta Edition,PC;PS5;Xbox,4,No,2006,Survival;Sandbox,No,https://example.com/games/binding-of-isaac-beta-edition
Sly Cooper Omega Edition 5,PC;PS5;Xbox;Switch,,No,2026,Shooter;Action,No,https://example.com/games/sly-cooper-omega-edition-5
Stranded Deep Legendary Edition,PC,6,No,2007,Strategy;RTS,No,https://example.com/games/stranded-deep-legendary-edition
Pioneer Beta Edition,PC,2,No,2002,Sports,No,https://example.com/games/pioneer-beta-edition
Danganronpa Deluxe Edition,PC;PS5;Xbox;Switch,Many,No,2002,Survival;Horror,No,https://example.com/games/danganronpa-deluxe-edition
Titan Quest Omega Edition 4,PC;PS5,4,No,2023,MOBA;Strategy,No,https://example.com/games/titan-quest-omega-edition-4
Township Omega Edition 5,PC;PS5,4,No,2005,Action;Adventure,No,https://example.com/games/township-omega-edition-5
Planet Zoo Definitive Edition,PC;PS5,6,No,2012,Battle Royale;Shooter,Yes,https://example.com/games/planet-zoo-definitive-edition
Unturned Premium Edition,PC;PS4;Xbox,3,Yes,2007,Survival;Horror,No,https://example.com/games/unturned-premium-edition
Smite Remake,Xbox,8,No,2009,Grand Strategy;Strategy,Yes,https://example.com/games/smite-remake
Subnautica Standard Edition,PC;PS5,4,No,2000,Shooter;RPG,No,https://example.com/games/subnautica-standard-edition
Gundam Seed Battle Assault 8,PS5;Xbox,,No,2004,Racing,No,https://example.com/games/gundam-seed-battle-assault-8
Risk of Rain 2 Last Edition,Xbox,4,Yes,2010,Shooter;RPG,Yes,https://example.com/games/risk-of-rain-2-last-edition
Escape Dead Island Alpha Edition,PC;Xbox,4,No,2019,Strategy;RTS,No,https://example.com/games/escape-dead-island-alpha-edition
Insurgency Co-op Collector's Edition,PC;PS5;Xbox,,No,2004,Strategy;Turn-Based,No,https://example.com/games/insurgency-co-op-collector-s-edition
Deliver Us Moon Anniversary Edition,PS5;Xbox,4,Yes,2005,Sports,Yes,https://example.com/games/deliver-us-moon-anniversary-edition
Wonderful 101 Ultimate Edition,PC;Switch,Many,No,2026,Survival;Horror,No,https://example.com/games/wonderful-101-ultimate-edition
That Time I Got Reincarnated 3,PC,Many,Yes,2016,Simulation;Sandbox,No,https://example.com/games/that-time-i-got-reincarnated-3
SimCity BuildIt 4,PC;Switch,6,Yes,2017,Strategy;Turn-Based,Yes,https://example.com/games/simcity-buildit-4
Tell Me Why Final Edition,PC;PS5;Xbox;Switch,,Yes,2000,RPG;Action,No,https://example.com/games/tell-me-why-final-edition
Grey Goo Definitive Edition,PC;PS4;Xbox;Switch,2,No,2021,Action;Adventure,No,https://example.com/games/grey-goo-definitive-edition
Steins Gate Deluxe Edition,Xbox,2,No,2010,Shooter;RPG,No,https://example.com/games/steins-gate-deluxe-edition
End of Nations Limited Edition,PC;PS4;Xbox,3,No,2007,Racing,No,https://example.com/games/end-of-nations-limited-edition
Frontlines Beta Edition,PC;Xbox,,Yes,2012,Action;Adventure,No,https://example.com/games/frontlines-beta-edition
Hearthstone First Edition,PC;PS4;Xbox,,Yes,2013,Sandbox,No,https://example.com/games/hearthstone-first-edition
Warhammer Fantasy Remake,PC;PS4;Xbox,Many,Yes,2019,Sports,No,https://example.com/games/warhammer-fantasy-remake
Gears Tactics Last Edition,PC;PS4;Xbox;Switch,3,Yes,2008,Shooter;RPG,Yes,https://example.com/games/gears-tactics-last-edition
Quake Physical Edition,PC,,No,2005,Action;Platformer,No,https://example.com/games/quake-physical-edition
Shadowrun Complete Edition,PC;PS4;Xbox;Switch,4,Yes,2009,MOBA;Strategy,No,https://example.com/games/shadowrun-complete-edition
Griftlands 4,PC;Xbox,Many,Yes,2009,Battle Royale;Shooter,No,https://example.com/games/griftlands-4
Chain Chronicle Omega Edition 4,PC;PS5;Xbox;Switch,Many,Yes,2017,Shooter;Action,No,https://example.com/games/chain-chronicle-omega-edition-4
Destruction Derby Digital Edition,PC;PS4;Xbox;Switch,,No,2015,Tactical;Shooter,No,https://example.com/games/destruction-derby-digital-edition
Metroid 2,PS5;Xbox,3,No,2017,Simulation;Sandbox,No,https://example.com/games/metroid-2
Dying Light Last Edition,PC;PS4;Xbox;Switch,,No,2017,Strategy;Turn-Based,No,https://example.com/games/dying-light-last-edition
Cuphead Digital Edition,PC;PS4;Xbox;Switch,4,Yes,2015,Grand Strategy;Strategy,No,https://example.com/games/cuphead-digital-edition
Total War 2,Xbox,,Yes,2009,Casual;Party,No,https://example.com/games/total-war-2
Payday Deluxe Edition,PC;PS5;Xbox,4,No,2019,Strategy;RTS,No,https://example.com/games/payday-deluxe-edition
Gwent Legendary Edition,PC;PS5;Xbox,,Yes,2015,Party;Action,No,https://example.com/games/gwent-legendary-edition
Project Zomboid Remastered,PC;PS5;Xbox,4,No,2019,Party;Action,No,https://example.com/games/project-zomboid-remastered
Planetary Annihilation Definitive Edition,PC;PS5;Xbox,,Yes,2002,Action;Platformer,No,https://example.com/games/planetary-annihilation-definitive-edition
Bleach Special Edition,PC;PS4;Xbox,8,No,2020,Action;Platformer,No,https://example.com/games/bleach-special-edition
Wonderful 101 Omega Edition,PC;PS4;Xbox,3,No,2015,Party;Action,No,https://example.com/games/wonderful-101-omega-edition
Inscryption 2,PC;Xbox,3,No,2003,Casual;Party,No,https://example.com/games/inscryption-2
Anno Collector's Edition,PC;PS5;Xbox;Switch,,No,2026,Shooter;Action,No,https://example.com/games/anno-collector-s-edition
StarCraft Alpha Edition,PS5;Xbox,,Yes,2000,Battle Royale;Shooter,No,https://example.com/games/starcraft-alpha-edition
Tales of Xillia Anniversary Edition,PC;Switch,,No,2020,Battle Royale;Shooter,No,https://example.com/games/tales-of-xillia-anniversary-edition
Attack on Titan Remastered,PC;PS4;Xbox,3,No,2009,Casual;Party,No,https://example.com/games/attack-on-titan-remastered
No Game No Life Limited Edition,PC;Switch,,Yes,2015,Strategy;Turn-Based,Yes,https://example.com/games/no-game-no-life-limited-edition
Genshin Impact Digital Edition,PC;Xbox,4,Yes,2010,Simulation;Sandbox,No,https://example.com/games/genshin-impact-digital-edition
No Game No Life Complete Edition,PS5;Xbox,2,No,2009,Racing,No,https://example.com/games/no-game-no-life-complete-edition
H1Z1 Collector's Edition,PC;PS5;Xbox,4,No,2001,Sandbox,No,https://example.com/games/h1z1-collector-s-edition
Naruto Omega Edition,PS5;Xbox,,Yes,2021,Strategy;RTS,No,https://example.com/games/naruto-omega-edition
Radical Dreamers Anniversary Edition,PS5;Xbox,6,No,2014,Strategy;Turn-Based,No,https://example.com/games/radical-dreamers-anniversary-edition
Front Mission 3 Standard Edition,PC;PS4;Xbox,,No,2006,Simulation,No,https://example.com/games/front-mission-3-standard-edition
Hexen Complete Edition,Xbox,6,No,2009,4X;Strategy,Yes,https://example.com/games/hexen-complete-edition
Aven Colony 3,PC;PS4;Xbox;Switch,Many,No,2012,Grand Strategy;Strategy,No,https://example.com/games/aven-colony-3
Smalland Omega Edition 4,PS5;Xbox,,Yes,2014,Battle Royale;Shooter,No,https://example.com/games/smalland-omega-edition-4
Risk of Rain 2 Limited Edition,PS5;Xbox,4,Yes,2011,Sports,No,https://example.com/games/risk-of-rain-2-limited-edition
Battleborn Omega Edition,PC;Switch,,Yes,2003,Survival;Horror,No,https://example.com/games/battleborn-omega-edition
Boom Beach Ultimate Edition,PC;PS4;Xbox;Switch,,Yes,2026,Tactical;Shooter,No,https://example.com/games/boom-beach-ultimate-edition
Risk of Rain Omega Edition 5,PC;PS5,,No,2007,Tactical;Shooter,No,https://example.com/games/risk-of-rain-omega-edition-5
Sable Ultimate Edition,Xbox,4,No,2008,Puzzle;Adventure,No,https://example.com/games/sable-ultimate-edition
Conan Exiles Complete Edition,PC;Switch,6,No,2026,Action;Adventure,Yes,https://example.com/games/conan-exiles-complete-edition
Grounded 2,PC;Xbox,,Yes,2000,Survival;Sandbox,No,https://example.com/games/grounded-2
Breathedge Omega Edition 4,PC;PS5;Xbox,,Yes,2024,Simulation,Yes,https://example.com/games/breathedge-omega-edition-4
Celeste,PC;Xbox,4,Yes,2007,Party;Action,No,https://example.com/games/celeste
One Punch Man First Edition,PC;Xbox,4,No,2013,Survival;Sandbox,No,https://example.com/games/one-punch-man-first-edition
No Man's Sky Limited Edition,PC;Switch,4,No,2006,Action;Platformer,No,https://example.com/games/no-man-s-sky-limited-edition
Blood Physical Edition,PS5;Xbox,,Yes,2024,Action;Platformer,No,https://example.com/games/blood-physical-edition
Monster Hunter,PC;PS5;Xbox;Switch,3,Yes,2000,Tactical;Shooter,No,https://example.com/games/monster-hunter
Dorfromantik Definitive Edition,PC;PS5;Xbox,,No,2004,Party;Action,Yes,https://example.com/games/dorfromantik-definitive-edition
Gundam Seed Battle Assault 10 Final Edition,PS5;Xbox,Many,No,2006,Shooter;Action,No,https://example.com/games/gundam-seed-battle-assault-10-final-edition
Kingdoms of Amalur Beta Edition,PS5;Xbox,,Yes,2021,Strategy;RTS,No,https://example.com/games/kingdoms-of-amalur-beta-edition
Codename Panzers 4,PC;PS4;Xbox;Switch,4,No,2025,Action;Adventure,No,https://example.com/games/codename-panzers-4
Observer Deluxe Edition,PC;Switch,4,No,2008,Action;Platformer,No,https://example.com/games/observer-deluxe-edition
End of Nations Beta Edition,PC;Switch,8,No,2026,Shooter;Action,No,https://example.com/games/end-of-nations-beta-edition
Black Clover 2,Xbox,4,No,2017,Grand Strategy;Strategy,No,https://example.com/games/black-clover-2
Cuphead Ultimate Edition,PC;PS5;Xbox,Many,Yes,2011,Simulation,No,https://example.com/games/cuphead-ultimate-edition
Empires Mod 3,PC;PS4;Xbox;Switch,3,No,2007,Simulation;Sandbox,Yes,https://example.com/games/empires-mod-3
Deliver Us Mars 2,PC,Many,No,2025,Shooter;Action,No,https://example.com/games/deliver-us-mars-2
Gang Beasts Omega Edition 5,PC;PS4;Xbox;Switch,4,No,2023,Survival;Horror,No,https://example.com/games/gang-beasts-omega-edition-5
Vanillaware Premium Edition,PC,6,No,2002,Puzzle;Adventure,No,https://example.com/games/vanillaware-premium-edition
Enemy Territory Alpha Edition,PC,4,Yes,2017,Racing,No,https://example.com/games/enemy-territory-alpha-edition
Divinity Omega Edition 4,Xbox,,No,2022,Racing,No,https://example.com/games/divinity-omega-edition-4
Gundam Seed Battle Assault 7 5,PC;Switch,8,Yes,2003,Survival;Sandbox,No,https://example.com/games/gundam-seed-battle-assault-7-5
Brothers in Arms 3,PC;Switch,6,No,2002,Simulation,Yes,https://example.com/games/brothers-in-arms-3
Left 4 Dead Omega Edition 5,PC;PS5;Xbox;Switch,,No,2025,Casual;Party,No,https://example.com/games/left-4-dead-omega-edition-5
Palworld Omega Edition 4,PC,6,No,2017,Strategy;Turn-Based,No,https://example.com/games/palworld-omega-edition-4
Endless Space Remake,PC;PS4;Xbox;Switch,4,Yes,2018,Casual;Party,Yes,https://example.com/games/endless-space-remake
Conan Exiles Omega Edition,PC;PS4;Xbox,4,No,2000,Casual;Party,No,https://example.com/games/conan-exiles-omega-edition
Rime Beta Edition,PC;PS5;Xbox;Switch,,Yes,2013,Action;Adventure,No,https://example.com/games/rime-beta-edition
Warhammer Fantasy Omega Edition 2,PC;PS5,4,Yes,2024,Shooter;Action,No,https://example.com/games/warhammer-fantasy-omega-edition-2
Albion Online Special Edition,PC,3,No,2001,Simulation,Yes,https://example.com/games/albion-online-special-edition
Blitzkrieg Beta Edition,PC,,Yes,2013,Shooter;Action,No,https://example.com/games/blitzkrieg-beta-edition
The Walking Dead Definitive Edition,PC;PS5,,No,2013,RPG;Action,Yes,https://example.com/games/the-walking-dead-definitive-edition
Little Nightmares Anniversary Edition,PS5;Xbox,4,Yes,2012,Party;Action,No,https://example.com/games/little-nightmares-anniversary-edition
Azur Lane Final Edition,Xbox,2,No,2003,Sandbox,No,https://example.com/games/azur-lane-final-edition
Xenosaga Collector's Edition,PS5;Xbox,6,No,2023,Action;Platformer,No,https://example.com/games/xenosaga-collector-s-edition
Layers of Fear Premium Edition,PS5;Xbox,6,Yes,2001,Casual;Party,No,https://example.com/games/layers-of-fear-premium-edition
Gundam Battle Chronicle Deluxe Edition,PC;PS5;Xbox,4,No,2002,4X;Strategy,No,https://example.com/games/gundam-battle-chronicle-deluxe-edition
Cloudpunk Last Edition,PC;PS5,2,No,2003,Party;Action,No,https://example.com/games/cloudpunk-last-edition
Star Wars The Old Republic Collector's Edition,PC;PS5,,No,2002,Simulation;Sandbox,No,https://example.com/games/star-wars-the-old-republic-collector-s-edition
Another Century's Episode Special Edition,PC;PS4;Xbox,,No,2018,4X;Strategy,No,https://example.com/games/another-century-s-episode-special-edition
Gundam Battle Chronicle Standard Edition,PC;PS5;Xbox,4,Yes,2020,Battle Royale;Shooter,Yes,https://example.com/games/gundam-battle-chronicle-standard-edition
Kena Omega Edition 5,PC;PS4;Xbox,3,Yes,2001,Party;Action,No,https://example.com/games/kena-omega-edition-5
The Division Alpha Edition,PS5;Xbox,,Yes,2004,Sandbox,Yes,https://example.com/games/the-division-alpha-edition
Metroid Limited Edition,PC;PS4;Xbox;Switch,2,No,2012,MOBA;Strategy,No,https://example.com/games/metroid-limited-edition
Ultimate Chicken Horse Legendary Edition,PC;PS4;Xbox;Switch,4,No,2021,MOBA;Strategy,No,https://example.com/games/ultimate-chicken-horse-legendary-edition
Surviving the Aftermath Physical Edition,PC;PS4;Xbox;Switch,4,No,2000,Action;Platformer,Yes,https://example.com/games/surviving-the-aftermath-physical-edition
Tools Up Enhanced Edition,PC;Switch,8,Yes,2009,Simulation,No,https://example.com/games/tools-up-enhanced-edition
Tower of Fantasy Physical Edition,PC;Switch,Many,No,2013,Strategy;RTS,No,https://example.com/games/tower-of-fantasy-physical-edition
Homeworld Deserts of Kharak Standard Edition,PC;Xbox,4,No,2021,RPG;Action,No,https://example.com/games/homeworld-deserts-of-kharak-standard-edition
Pillars of Eternity Enhanced Edition,PS5;Xbox,4,No,2017,Simulation;Sandbox,No,https://example.com/games/pillars-of-eternity-enhanced-edition
Front Mission Standard Edition,Xbox,,No,2017,Strategy;RTS,No,https://example.com/games/front-mission-standard-edition
StarCraft Definitive Edition,Xbox,6,No,2010,Survival;Horror,No,https://example.com/games/starcraft-definitive-edition
Dead by Daylight Ultimate Edition,PC;PS5;Xbox;Switch,,No,2026,Grand Strategy;Strategy,No,https://example.com/games/dead-by-daylight-ultimate-edition
Saints Row 4,PC;PS4;Xbox,,Yes,2004,MOBA;Strategy,No,https://example.com/games/saints-row-4
Wolfenstein Omega Edition 5,PC;PS5,4,Yes,2014,Strategy;Turn-Based,No,https://example.com/games/wolfenstein-omega-edition-5
Front Mission Beta Edition,PC;PS5;Xbox;Switch,,Yes,2026,Sandbox,No,https://example.com/games/front-mission-beta-edition
Ori Collector's Edition,PC,,Yes,2023,Racing,No,https://example.com/games/ori-collector-s-edition
Northgard Remake,PC;PS4;Xbox,,No,2017,MOBA;Strategy,No,https://example.com/games/northgard-remake
Rise of Nations Complete Edition,PC;PS4;Xbox;Switch,2,Yes,2004,Strategy;RTS,No,https://example.com/games/rise-of-nations-complete-edition
Nioh Complete Edition,PC;PS4;Xbox;Switch,3,No,2000,RPG;Action,No,https://example.com/games/nioh-complete-edition
Sly Cooper,PC;PS4;Xbox;Switch,8,Yes,2003,Battle Royale;Shooter,No,https://example.com/games/sly-cooper
Limbo,Xbox,2,Yes,2025,Survival;Sandbox,Yes,https://example.com/games/limbo
Konosuba Deluxe Edition,Xbox,,No,2023,Racing,No,https://example.com/games/konosuba-deluxe-edition
StarCraft Enhanced Edition,PC,,Yes,2005,Shooter;Action,No,https://example.com/games/starcraft-enhanced-edition
Shadowverse 3,PC;PS4;Xbox;Switch,8,Yes,2017,Strategy;RTS,No,https://example.com/games/shadowverse-3
Overlord Premium Edition,PC;Switch,,No,2009,Strategy;Turn-Based,No,https://example.com/games/overlord-premium-edition
Etrian Odyssey First Edition,PC,Many,Yes,2021,MOBA;Strategy,Yes,https://example.com/games/etrian-odyssey-first-edition
Battle Brothers,PC;PS5;Xbox,6,No,2016,Action;Adventure,No,https://example.com/games/battle-brothers
Pioneer Omega Edition 5,PC;Xbox,4,No,2007,Strategy;RTS,No,https://example.com/games/pioneer-omega-edition-5
Forza Horizon Physical Edition,Xbox,2,No,2001,Grand Strategy;Strategy,No,https://example.com/games/forza-horizon-physical-edition
World of Demons Premium Edition,PC;Switch,,Yes,2017,Survival;Sandbox,No,https://example.com/games/world-of-demons-premium-edition
Prison Architect Final Edition,PC,4,No,2019,Shooter;RPG,No,https://example.com/games/prison-architect-final-edition
Layers of Fear 2,PC,Many,No,2000,Action;Adventure,No,https://example.com/games/layers-of-fear-2
Blue Protocol Omega Edition 5,PC;PS5;Xbox;Switch,6,No,2021,Grand Strategy;Strategy,No,https://example.com/games/blue-protocol-omega-edition-5
Azur Lane Omega Edition,PC;PS4;Xbox;Switch,4,No,2026,4X;Strategy,Yes,https://example.com/games/azur-lane-omega-edition
Hold Your Own 4,PC;PS4;Xbox;Switch,,Yes,2001,Party;Action,No,https://example.com/games/hold-your-own-4
Eternal Card Game Beta Edition,PC;PS4;Xbox,,No,2001,RPG;Action,No,https://example.com/games/eternal-card-game-beta-edition
SD Gundam Standard Edition,PS5;Xbox,8,No,2006,MOBA;Strategy,No,https://example.com/games/sd-gundam-standard-edition
Halo Definitive Edition,PC;PS5;Xbox;Switch,Many,No,2010,Action;Platformer,No,https://example.com/games/halo-definitive-edition
Spelunky Definitive Edition,PC;Xbox,,No,2022,Tactical;Shooter,No,https://example.com/games/spelunky-definitive-edition
Before We Leave Enhanced Edition,Xbox,4,No,2009,Survival;Horror,No,https://example.com/games/before-we-leave-enhanced-edition
Next Car Game Remake,PC;PS5,3,No,2013,RPG;Action,No,https://example.com/games/next-car-game-remake
Albion Online Last Edition,PC;PS5;Xbox;Switch,,No,2023,MOBA;Strategy,No,https://example.com/games/albion-online-last-edition
Panel de Pon Limited Edition,PC;Xbox,4,No,2020,Grand Strategy;Strategy,No,https://example.com/games/panel-de-pon-limited-edition
Observer Physical Edition,PC;Xbox,3,No,2004,RPG;Action,No,https://example.com/games/observer-physical-edition
Tunic Premium Edition,PC;Xbox,2,No,2018,Sandbox,No,https://example.com/games/tunic-premium-edition
Zill O'll Limited Edition,PC;Switch,,No,2004,Sports,No,https://example.com/games/zill-o-ll-limited-edition
The Forest Omega Edition,PC;PS4;Xbox,4,Yes,2004,Survival;Horror,No,https://example.com/games/the-forest-omega-edition
Torchlight Omega Edition 4,PC,,No,2013,Shooter;Action,No,https://example.com/games/torchlight-omega-edition-4
Zone of the Enders 3,PC;PS4;Xbox;Switch,8,No,2003,Shooter;RPG,No,https://example.com/games/zone-of-the-enders-3
Tales of Zestiria Remastered,PS5;Xbox,8,No,2008,Shooter;RPG,No,https://example.com/games/tales-of-zestiria-remastered
The Forest Enhanced Edition,PC;Switch,4,No,2001,Survival;Sandbox,No,https://example.com/games/the-forest-enhanced-edition
Griftlands Remastered,PS5;Xbox,,Yes,2026,Racing,No,https://example.com/games/griftlands-remastered
Gran Turismo Complete Edition,PC;PS5;Xbox;Switch,,No,2009,Survival;Horror,No,https://example.com/games/gran-turismo-complete-edition
Civilization 4,PC;PS4;Xbox,,No,2008,Simulation;Sandbox,No,https://example.com/games/civilization-4
Pokemon Unite First Edition,PS5;Xbox,8,Yes,2016,Simulation;Sandbox,No,https://example.com/games/pokemon-unite-first-edition
Apex Legends Ultimate Edition,PC;PS5;Xbox;Switch,4,No,2015,Puzzle;Adventure,No,https://example.com/games/apex-legends-ultimate-edition
Two Point Omega Edition,PC;PS5;Xbox,,Yes,2016,Simulation,No,https://example.com/games/two-point-omega-edition
Star Wars The Old Republic Remake,PC;Switch,6,No,2015,MOBA;Strategy,No,https://example.com/games/star-wars-the-old-republic-remake
Clash Royale Ultimate Edition,PC;Switch,,Yes,2024,Tactical;Shooter,No,https://example.com/games/clash-royale-ultimate-edition
Tales of Zestiria Remake,PC;Xbox,4,No,2017,RPG;Action,No,https://example.com/games/tales-of-zestiria-remake
Binary Domain Enhanced Edition,PC;PS5,3,No,2003,Strategy;Turn-Based,No,https://example.com/games/binary-domain-enhanced-edition
Gundam Seed Destiny 2,PC;PS4;Xbox,4,Yes,2019,Casual;Party,No,https://example.com/games/gundam-seed-destiny-2
Daemon X Machina Omega Edition 5,Xbox,,No,2007,Simulation,No,https://example.com/games/daemon-x-machina-omega-edition-5
Wolfenstein 5,PC;PS5,,Yes,2009,Simulation;Sandbox,No,https://example.com/games/wolfenstein-5
Insurgency Co-op Game of the Year Edition,PC;Switch,8,No,2006,Survival;Horror,No,https://example.com/games/insurgency-co-op-game-of-the-year-edition
Blitzkrieg Remastered,PC;Xbox,,No,2017,Grand Strategy;Strategy,No,https://example.com/games/blitzkrieg-remastered
Gris Anniversary Edition,PC;PS5;Xbox,8,Yes,2006,Shooter;RPG,Yes,https://example.com/games/gris-anniversary-edition
Two Point Ultimate Edition,PC,4,Yes,2007,Strategy;RTS,No,https://example.com/games/two-point-ultimate-edition
Sven Co-op Special Edition,Xbox,2,No,2007,Puzzle;Adventure,No,https://example.com/games/sven-co-op-special-edition
Battleborn Omega Edition 3,PC;Switch,,Yes,2018,MOBA;Strategy,No,https://example.com/games/battleborn-omega-edition-3
Etrian Odyssey Physical Edition,Xbox,8,No,2016,Party;Action,Yes,https://example.com/games/etrian-odyssey-physical-edition
Disco Elysium 3,PC,,No,2003,Grand Strategy;Strategy,No,https://example.com/games/disco-elysium-3
Sins of a Solar Empire Physical Edition,PC;Xbox,,Yes,2004,Strategy;Turn-Based,Yes,https://example.com/games/sins-of-a-solar-empire-physical-edition
Heretic Legendary Edition,Xbox,4,No,2022,Sandbox,No,https://example.com/games/heretic-legendary-edition
Unravel Legendary Edition,Xbox,Many,No,2017,Action;Platformer,No,https://example.com/games/unravel-legendary-edition
Codename Panzers Remastered,PS5;Xbox,,No,2015,Sports,No,https://example.com/games/codename-panzers-remastered
Stranded Deep Complete Edition,PC;PS5;Xbox,4,No,2019,Party;Action,Yes,https://example.com/games/stranded-deep-complete-edition
Forza Horizon Deluxe Edition,Xbox,Many,No,2009,Survival;Sandbox,No,https://example.com/games/forza-horizon-deluxe-edition
Gundam Seed Battle Assault 2 Omega Edition,PS5;Xbox,,No,2017,RPG;Action,No,https://example.com/games/gundam-seed-battle-assault-2-omega-edition
Prison Architect,PC;PS5,4,Yes,2025,Shooter;RPG,Yes,https://example.com/games/prison-architect
Rise of Kingdoms Deluxe Edition,PC;PS5;Xbox;Switch,6,Yes,2011,Strategy;RTS,No,https://example.com/games/rise-of-kingdoms-deluxe-edition
SaGa Digital Edition,PC;PS5;Xbox;Switch,4,No,2007,Simulation,No,https://example.com/games/saga-digital-edition
Mudrunner Definitive Edition,Xbox,2,Yes,2026,Shooter;Action,Yes,https://example.com/games/mudrunner-definitive-edition
Xenonauts Ultimate Edition,PC;PS5;Xbox;Switch,8,No,2017,Strategy;Turn-Based,No,https://example.com/games/xenonauts-ultimate-edition
Dirty Bomb Beta Edition,PC;PS5,4,Yes,2026,Party;Action,No,https://example.com/games/dirty-bomb-beta-edition
Abzu Omega Edition 2,PC;PS5;Xbox,4,Yes,2019,Action;Adventure,No,https://example.com/games/abzu-omega-edition-2
FIFA,PC;PS5,,Yes,2020,Strategy;Turn-Based,No,https://example.com/games/fifa
Her Story Game of the Year Edition,PS5;Xbox,Many,No,2018,Simulation;Sandbox,No,https://example.com/games/her-story-game-of-the-year-edition
Chrono Cross 2,PC;PS4;Xbox,Many,No,2013,Sandbox,No,https://example.com/games/chrono-cross-2
Operation Tango Digital Edition,PC;Xbox,Many,No,2009,Shooter;RPG,No,https://example.com/games/operation-tango-digital-edition
Brawl Stars 2,PC;PS5;Xbox;Switch,,Yes,2010,MOBA;Strategy,No,https://example.com/games/brawl-stars-2
Layers of Fear Deluxe Edition,PC;Xbox,8,Yes,2020,Survival;Horror,No,https://example.com/games/layers-of-fear-deluxe-edition
Pioneer Anniversary Edition,PC;PS5,2,No,2000,Racing,No,https://example.com/games/pioneer-anniversary-edition
Batman Telltale Alpha Edition,PC;Switch,,Yes,2025,Grand Strategy;Strategy,No,https://example.com/games/batman-telltale-alpha-edition
New World Beta Edition,PC;PS4;Xbox;Switch,6,No,2013,Shooter;RPG,Yes,https://example.com/games/new-world-beta-edition
Sunset Overdrive Special Edition,PC;PS4;Xbox,4,No,2014,Casual;Party,No,https://example.com/games/sunset-overdrive-special-edition
Baja 3,PC;PS5;Xbox,4,No,2001,Action;Platformer,No,https://example.com/games/baja-3
Tetris Enhanced Edition,PC,4,Yes,2017,Casual;Party,No,https://example.com/games/tetris-enhanced-edition
Spintires 2,Xbox,,No,2008,Simulation;Sandbox,No,https://example.com/games/spintires-2
Serious Sam Game of the Year Edition,PC;PS5;Xbox,2,No,2018,Action;Adventure,No,https://example.com/games/serious-sam-game-of-the-year-edition
Fez Beta Edition,PC;PS5;Xbox;Switch,3,No,2004,Action;Adventure,No,https://example.com/games/fez-beta-edition
Until Dawn 4,PC;PS4;Xbox;Switch,,Yes,2004,Shooter;RPG,No,https://example.com/games/until-dawn-4
Snowrunner Premium Edition,Xbox,8,Yes,2005,Racing,No,https://example.com/games/snowrunner-premium-edition
Warhammer Omega Edition 5,PC;PS5;Xbox,,Yes,2008,Shooter;Action,No,https://example.com/games/warhammer-omega-edition-5
Fallout Collector's Edition,PC;Xbox,4,No,2013,RPG;Action,Yes,https://example.com/games/fallout-collector-s-edition
Serious Sam Anniversary Edition,Xbox,3,No,2009,Simulation;Sandbox,No,https://example.com/games/serious-sam-anniversary-edition
Platinum Games Game of the Year Edition,PC;PS5;Xbox;Switch,8,No,2021,MOBA;Strategy,No,https://example.com/games/platinum-games-game-of-the-year-edition
Observer Ultimate Edition,PC,,No,2005,Casual;Party,No,https://example.com/games/observer-ultimate-edition
Back 4 Blood Legendary Edition,PC;PS5,2,No,2014,Simulation,No,https://example.com/games/back-4-blood-legendary-edition
Front Mission 3 Digital Edition,Xbox,6,No,2017,Action;Adventure,Yes,https://example.com/games/front-mission-3-digital-edition
Squad Anniversary Edition,Xbox,6,No,2021,Racing,Yes,https://example.com/games/squad-anniversary-edition
UFO 50 Omega Edition,PS5;Xbox,,Yes,2023,Action;Platformer,Yes,https://example.com/games/ufo-50-omega-edition
Star Ocean Definitive Edition,PC;Xbox,,No,2002,Shooter;RPG,Yes,https://example.com/games/star-ocean-definitive-edition
Silent Hill Limited Edition,PS5;Xbox,4,No,2005,Grand Strategy;Strategy,No,https://example.com/games/silent-hill-limited-edition
Bulletstorm,PC;PS5,,Yes,2022,Survival;Sandbox,No,https://example.com/games/bulletstorm
Log Horizon Remastered,PC;Xbox,,Yes,2025,Strategy;RTS,No,https://example.com/games/log-horizon-remastered
Binding of Isaac Digital Edition,PC;PS5,Many,No,2010,Casual;Party,No,https://example.com/games/binding-of-isaac-digital-edition
The Cursed Island Final Edition,PC;PS4;Xbox;Switch,4,No,2025,RPG;Action,No,https://example.com/games/the-cursed-island-final-edition
Redout Digital Edition,PC,4,No,2005,Strategy;Turn-Based,No,https://example.com/games/redout-digital-edition
Phoenix Point 3,PC;PS4;Xbox,,No,2001,Grand Strategy;Strategy,No,https://example.com/games/phoenix-point-3
Front Mission Physical Edition,PC;PS4;Xbox;Switch,,No,2015,Party;Action,No,https://example.com/games/front-mission-physical-edition
Once Human Final Edition,Xbox,Many,No,2010,Action;Adventure,No,https://example.com/games/once-human-final-edition
Arena of Valor,PC,Many,Yes,2011,Puzzle;Adventure,No,https://example.com/games/arena-of-valor
Stranded Deep Physical Edition,PC;PS5;Xbox,4,No,2018,Tactical;Shooter,No,https://example.com/games/stranded-deep-physical-edition
Gundam Extreme Vs,PC;PS4;Xbox,3,No,2004,Casual;Party,No,https://example.com/games/gundam-extreme-vs
Tower of Fantasy Premium Edition,PC;PS4;Xbox,4,No,2014,Casual;Party,No,https://example.com/games/tower-of-fantasy-premium-edition
Bleach Alpha Edition,PC;PS4;Xbox;Switch,3,No,2001,Survival;Sandbox,Yes,https://example.com/games/bleach-alpha-edition
Brawl Stars Final Edition,PC;PS4;Xbox,2,No,2019,Sports,No,https://example.com/games/brawl-stars-final-edition
Axiom Ver Alpha Edition,Xbox,,Yes,2001,Tactical;Shooter,No,https://example.com/games/axiom-ver-alpha-edition
Project Zomboid Complete Edition,PC;Xbox,,Yes,2018,Strategy;Turn-Based,No,https://example.com/games/project-zomboid-complete-edition
Team Fortress 5,PC;PS5;Xbox;Switch,,Yes,2018,Puzzle;Adventure,Yes,https://example.com/games/team-fortress-5
UFO 50 Standard Edition,PS5;Xbox,,Yes,2020,Simulation,Yes,https://example.com/games/ufo-50-standard-edition
Lawbreakers Collector's Edition,PC;PS4;Xbox;Switch,,Yes,2026,Strategy;RTS,Yes,https://example.com/games/lawbreakers-collector-s-edition
Front Mission Online Omega Edition 3,PC;PS5;Xbox;Switch,8,No,2001,Action;Adventure,No,https://example.com/games/front-mission-online-omega-edition-3
Townscaper Remake,PC;Xbox,Many,Yes,2013,Battle Royale;Shooter,No,https://example.com/games/townscaper-remake
Astroneer 5,PC;PS5,2,No,2002,Tactical;Shooter,No,https://example.com/games/astroneer-5
Catherine Omega Edition 3,PC;PS5;Xbox;Switch,Many,Yes,2013,Action;Platformer,No,https://example.com/games/catherine-omega-edition-3
The Forest Remastered,PS5;Xbox,4,No,2024,Shooter;RPG,Yes,https://example.com/games/the-forest-remastered
One Piece Bounty Rush Omega Edition 2,PC;Switch,,Yes,2013,Survival;Sandbox,No,https://example.com/games/one-piece-bounty-rush-omega-edition-2
Life is Feudal Game of the Year Edition,Xbox,4,Yes,2008,Simulation;Sandbox,No,https://example.com/games/life-is-feudal-game-of-the-year-edition
Zone of the Enders Final Edition,PC;PS5;Xbox,3,No,2003,Action;Adventure,No,https://example.com/games/zone-of-the-enders-final-edition
Boom Beach 2,PC;Switch,6,No,2024,Grand Strategy;Strategy,No,https://example.com/games/boom-beach-2
Fire Emblem Warriors Enhanced Edition,PC;PS4;Xbox;Switch,4,No,2005,Puzzle;Adventure,No,https://example.com/games/fire-emblem-warriors-enhanced-edition
Dead Rising 2,PC;PS5;Xbox,,Yes,2000,Casual;Party,No,https://example.com/games/dead-rising-2
Zill O'll Beta Edition,Xbox,Many,Yes,2001,MOBA;Strategy,No,https://example.com/games/zill-o-ll-beta-edition
Remnant Standard Edition,PC;PS5;Xbox;Switch,4,No,2001,Action;Platformer,No,https://example.com/games/remnant-standard-edition
Infamous First Edition,PC;Switch,,Yes,2003,Strategy;Turn-Based,No,https://example.com/games/infamous-first-edition
Monster Train Complete Edition,PC;Xbox,4,Yes,2009,Action;Platformer,No,https://example.com/games/monster-train-complete-edition
Return of the Obra Dinn Standard Edition,PC;PS5;Xbox,,Yes,2026,Action;Platformer,No,https://example.com/games/return-of-the-obra-dinn-standard-edition
Shapez Deluxe Edition,PC,4,Yes,2015,Survival;Sandbox,No,https://example.com/games/shapez-deluxe-edition
Gundam ZZ Premium Edition,PC;Switch,2,No,2016,Shooter;RPG,No,https://example.com/games/gundam-zz-premium-edition
One Piece Pirate Warriors Standard Edition,PC,8,No,2005,Grand Strategy;Strategy,No,https://example.com/games/one-piece-pirate-warriors-standard-edition
Sons of the Forest Complete Edition,PC;PS5;Xbox,6,No,2025,Party;Action,No,https://example.com/games/sons-of-the-forest-complete-edition
Infamous Omega Edition 4,PC;PS5,4,No,2005,Shooter;Action,Yes,https://example.com/games/infamous-omega-edition-4
Fairy Tail Game of the Year Edition,PS5;Xbox,,Yes,2001,Grand Strategy;Strategy,Yes,https://example.com/games/fairy-tail-game-of-the-year-edition
Assassin's Creed Alpha Edition,PC;PS4;Xbox,4,Yes,2003,4X;Strategy,Yes,https://example.com/games/assassin-s-creed-alpha-edition
Dorfromantik 2,PC;PS5;Xbox;Switch,,No,2012,Tactical;Shooter,Yes,https://example.com/games/dorfromantik-2
Azur Lane,PC;Switch,,Yes,2005,Racing,No,https://example.com/games/azur-lane
Xenonauts Premium Edition,Xbox,,No,2016,Action;Adventure,No,https://example.com/games/xenonauts-premium-edition
Fallout Remake,PS5;Xbox,,Yes,2012,Sports,No,https://example.com/games/fallout-remake
BeamNG Limited Edition,PC;Switch,,No,2013,Puzzle;Adventure,No,https://example.com/games/beamng-limited-edition
Hell Let Loose Remake,PC;PS5;Xbox,,No,2014,Simulation;Sandbox,No,https://example.com/games/hell-let-loose-remake
H1Z1 Game of the Year Edition,PC;PS4;Xbox,2,Yes,2016,Racing,No,https://example.com/games/h1z1-game-of-the-year-edition
Gundam Seed Battle Assault 3 Omega Edition,PC,4,Yes,2007,Party;Action,No,https://example.com/games/gundam-seed-battle-assault-3-omega-edition
Radical Dreamers Alpha Edition,PC;PS4;Xbox;Switch,,Yes,2026,4X;Strategy,No,https://example.com/games/radical-dreamers-alpha-edition
Tales of Zestiria 4,PC;PS5;Xbox;Switch,Many,Yes,2012,Battle Royale;Shooter,No,https://example.com/games/tales-of-zestiria-4
Asphalt Limited Edition,PC;PS5;Xbox;Switch,,Yes,2002,Racing,No,https://example.com/games/asphalt-limited-edition
Naruto Omega Edition 3,PC,,Yes,2025,Casual;Party,Yes,https://example.com/games/naruto-omega-edition-3
Saints Row Omega Edition 5,PC;Xbox,4,No,2020,4X;Strategy,No,https://example.com/games/saints-row-omega-edition-5
Clash of Kings 2,PS5;Xbox,8,No,2015,Simulation;Sandbox,No,https://example.com/games/clash-of-kings-2
Rust Limited Edition,PC;PS5;Xbox;Switch,,Yes,2010,4X;Strategy,Yes,https://example.com/games/rust-limited-edition
SimCity BuildIt First Edition,PS5;Xbox,Many,No,2000,Battle Royale;Shooter,No,https://example.com/games/simcity-buildit-first-edition
Chorus Physical Edition,PC,8,No,2018,Action;Adventure,No,https://example.com/games/chorus-physical-edition
0 AD Limited Edition,PC;Xbox,2,No,2012,Strategy;Turn-Based,No,https://example.com/games/0-ad-limited-edition
Total War Arena Final Edition,PC;Xbox,3,No,2014,Puzzle;Adventure,No,https://example.com/games/total-war-arena-final-edition
Ashes of the Singularity Omega Edition 3,PC;PS4;Xbox;Switch,8,No,2009,Sports,No,https://example.com/games/ashes-of-the-singularity-omega-edition-3
Hold Your Own,PC,3,No,2008,Sports,No,https://example.com/games/hold-your-own
Darkest Dungeon Physical Edition,PC;Xbox,8,Yes,2020,Sandbox,No,https://example.com/games/darkest-dungeon-physical-edition
State of Decay 5,PC;PS5,,Yes,2008,MOBA;Strategy,Yes,https://example.com/games/state-of-decay-5
Chrono Cross Remastered,Xbox,,No,2014,Action;Platformer,Yes,https://example.com/games/chrono-cross-remastered
Flower Standard Edition,PC;PS5,4,Yes,2026,Sports,No,https://example.com/games/flower-standard-edition
Gundam ZZ Alpha Edition,PS5;Xbox,4,No,2016,Simulation;Sandbox,No,https://example.com/games/gundam-zz-alpha-edition
Amnesia Legendary Edition,PC;Switch,,No,2015,Puzzle;Adventure,No,https://example.com/games/amnesia-legendary-edition
The Long Dark Complete Edition,Xbox,4,No,2025,Puzzle;Adventure,Yes,https://example.com/games/the-long-dark-complete-edition
Red Dead Standard Edition,PC;PS5,,No,2008,4X;Strategy,No,https://example.com/games/red-dead-standard-edition
Steins Gate Legendary Edition,PS5;Xbox,6,No,2003,Survival;Sandbox,No,https://example.com/games/steins-gate-legendary-edition
Green Hell Omega Edition 2,PC;PS4;Xbox;Switch,2,No,2019,Casual;Party,Yes,https://example.com/games/green-hell-omega-edition-2
NBA 2K Last Edition,Xbox,,No,2022,Simulation;Sandbox,No,https://example.com/games/nba-2k-last-edition
Gundam Extreme Vs Limited Edition,PC;PS4;Xbox,,Yes,2024,MOBA;Strategy,No,https://example.com/games/gundam-extreme-vs-limited-edition
Shadowrun Definitive Edition,PC;Switch,,No,2004,Simulation;Sandbox,No,https://example.com/games/shadowrun-definitive-edition
Celeste First Edition,PC;Switch,,Yes,2007,RPG;Action,No,https://example.com/games/celeste-first-edition
Transport Fever First Edition,PC;PS4;Xbox;Switch,4,No,2019,Party;Action,Yes,https://example.com/games/transport-fever-first-edition
Saints Row Definitive Edition,PC;PS5;Xbox,,No,2001,Puzzle;Adventure,No,https://example.com/games/saints-row-definitive-edition
Puyo Puyo Ultimate Edition,PC;PS4;Xbox,4,Yes,2024,Strategy;RTS,No,https://example.com/games/puyo-puyo-ultimate-edition
Gundam Seed Battle Assault 5,PC,4,No,2002,Sports,No,https://example.com/games/gundam-seed-battle-assault-5
Gang Beasts Premium Edition,PC;PS4;Xbox;Switch,6,No,2011,MOBA;Strategy,No,https://example.com/games/gang-beasts-premium-edition
Iron Harvest,Xbox,4,No,2007,Strategy;RTS,No,https://example.com/games/iron-harvest
Bread and Fred Omega Edition 3,PS5;Xbox,3,Yes,2008,Shooter;RPG,No,https://example.com/games/bread-and-fred-omega-edition-3
Rise of Kingdoms Omega Edition,PC;PS4;Xbox;Switch,2,No,2003,4X;Strategy,No,https://example.com/games/rise-of-kingdoms-omega-edition
Age of Wonders Enhanced Edition,PC;PS4;Xbox,,No,2014,Strategy;RTS,No,https://example.com/games/age-of-wonders-enhanced-edition
Stellaris Legendary Edition,Xbox,8,No,2004,Shooter;Action,No,https://example.com/games/stellaris-legendary-edition
Cosmic Star Heroine Alpha Edition,PC;PS5;Xbox;Switch,6,Yes,2019,Survival;Sandbox,No,https://example.com/games/cosmic-star-heroine-alpha-edition
Blue Protocol Collector's Edition,PS5;Xbox,4,Yes,2004,4X;Strategy,No,https://example.com/games/blue-protocol-collector-s-edition
Surviving the Aftermath Game of the Year Edition,PC,4,No,2007,4X;Strategy,No,https://example.com/games/surviving-the-aftermath-game-of-the-year-edition
FIFA Deluxe Edition,PC;PS4;Xbox;Switch,8,No,2013,Action;Adventure,No,https://example.com/games/fifa-deluxe-edition
Mortal Online Omega Edition 3,PC;PS4;Xbox;Switch,Many,Yes,2015,Survival;Sandbox,No,https://example.com/games/mortal-online-omega-edition-3
Prison Architect Omega Edition 2,PC;Xbox,,Yes,2013,Grand Strategy;Strategy,No,https://example.com/games/prison-architect-omega-edition-2
UFO Enemy Unknown Limited Edition,PC;PS5,8,No,2002,Battle Royale;Shooter,No,https://example.com/games/ufo-enemy-unknown-limited-edition
Fallout Anniversary Edition,PS5;Xbox,,Yes,2002,Action;Adventure,Yes,https://example.com/games/fallout-anniversary-edition
Gundam Seed Battle Operation Complete Edition,Xbox,3,No,2001,Tactical;Shooter,No,https://example.com/games/gundam-seed-battle-operation-complete-edition
Armored Core Standard Edition,PC;PS5,8,No,2024,Grand Strategy;Strategy,Yes,https://example.com/games/armored-core-standard-edition
Hollow Knight,PC;PS5;Xbox,Many,No,2014,RPG;Action,No,https://example.com/games/hollow-knight
CSR Racing Collector's Edition,PC;PS4;Xbox,6,No,2004,Action;Adventure,Yes,https://example.com/games/csr-racing-collector-s-edition
Gang Beasts Beta Edition,PC;Xbox,Many,No,2011,Survival;Horror,No,https://example.com/games/gang-beasts-beta-edition
Blue Protocol Omega Edition,PC;PS5;Xbox;Switch,4,No,2018,4X;Strategy,Yes,https://example.com/games/blue-protocol-omega-edition
Amnesia Omega Edition 2,PS5;Xbox,3,Yes,2019,Shooter;RPG,Yes,https://example.com/games/amnesia-omega-edition-2
Clash of Clans 2,PC;PS5;Xbox;Switch,,No,2014,Racing,No,https://example.com/games/clash-of-clans-2
Cult of the Lamb Remastered,Xbox,,No,2005,Tactical;Shooter,No,https://example.com/games/cult-of-the-lamb-remastered
Bread and Fred Special Edition,PC;Xbox,,Yes,2004,Party;Action,No,https://example.com/games/bread-and-fred-special-edition
Gundam Seed Battle Assault 8 Beta Edition,PC;PS5;Xbox;Switch,4,No,2015,Survival;Sandbox,No,https://example.com/games/gundam-seed-battle-assault-8-beta-edition
Elden Ring Remake,PC;Switch,4,No,2006,Shooter;Action,Yes,https://example.com/games/elden-ring-remake
Last Day on Earth Definitive Edition,PC;PS4;Xbox;Switch,4,Yes,2023,Survival;Horror,No,https://example.com/games/last-day-on-earth-definitive-edition
Dr Mario Standard Edition,PC;PS4;Xbox;Switch,4,No,2019,Strategy;Turn-Based,Yes,https://example.com/games/dr-mario-standard-edition
Gears of War Complete Edition,PC;Xbox,4,Yes,2015,Simulation;Sandbox,Yes,https://example.com/games/gears-of-war-complete-edition
Zombie Panic Source Game of the Year Edition,PC;Xbox,Many,No,2006,Grand Strategy;Strategy,No,https://example.com/games/zombie-panic-source-game-of-the-year-edition
Metroid Anniversary Edition,PC;Switch,3,No,2012,Simulation,No,https://example.com/games/metroid-anniversary-edition
That Time I Got Reincarnated Collector's Edition,Xbox,,Yes,2024,Action;Adventure,Yes,https://example.com/games/that-time-i-got-reincarnated-collector-s-edition
Frostpunk Last Edition,PC;PS5,3,No,2009,RPG;Action,No,https://example.com/games/frostpunk-last-edition
SCUM Alpha Edition,PC;PS5;Xbox,4,Yes,2023,Puzzle;Adventure,No,https://example.com/games/scum-alpha-edition
Boomerang Fu Standard Edition,Xbox,6,Yes,2006,RPG;Action,Yes,https://example.com/games/boomerang-fu-standard-edition
Two Point Campus Physical Edition,PC,2,No,2015,Puzzle;Adventure,No,https://example.com/games/two-point-campus-physical-edition
Bad North Remake,PC;PS5;Xbox,6,Yes,2018,Racing,Yes,https://example.com/games/bad-north-remake
Darkest Dungeon Legendary Edition,PC;Xbox,,Yes,2007,Casual;Party,Yes,https://example.com/games/darkest-dungeon-legendary-edition
Gundam Seed Battle Assault Remastered,Xbox,,Yes,2007,Tactical;Shooter,No,https://example.com/games/gundam-seed-battle-assault-remastered
Puyo Puyo Special Edition,PC;Switch,4,No,2009,Tactical;Shooter,Yes,https://example.com/games/puyo-puyo-special-edition
Fairy Tail Beta Edition,PS5;Xbox,Many,No,2016,RPG;Action,No,https://example.com/games/fairy-tail-beta-edition
Squad Omega Edition,PC;PS4;Xbox;Switch,,Yes,2024,Strategy;Turn-Based,Yes,https://example.com/games/squad-omega-edition
Unravel Omega Edition 2,PC,6,No,2022,Racing,Yes,https://example.com/games/unravel-omega-edition-2
Counter-Strike Beta Edition,PC;PS5;Xbox,,Yes,2002,Shooter;Action,No,https://example.com/games/counter-strike-beta-edition
Life is Strange Omega Edition 5,PC;Switch,4,No,2006,Simulation,No,https://example.com/games/life-is-strange-omega-edition-5
Returnal 2,PC;PS5;Xbox,4,No,2023,Grand Strategy;Strategy,Yes,https://example.com/games/returnal-2
Gundam Seed Battle Special Edition,PC;PS5;Xbox;Switch,,Yes,2014,Puzzle;Adventure,No,https://example.com/games/gundam-seed-battle-special-edition
Vanillaware 2,PC;PS4;Xbox;Switch,3,Yes,2022,4X;Strategy,No,https://example.com/games/vanillaware-2
Blue Archive,PC;Xbox,,No,2022,Survival;Horror,Yes,https://example.com/games/blue-archive
Risk of Rain 2 Alpha Edition,PC;PS5;Xbox;Switch,4,No,2007,Action;Adventure,No,https://example.com/games/risk-of-rain-2-alpha-edition
Unravel Final Edition,PC;Switch,,No,2023,Action;Adventure,Yes,https://example.com/games/unravel-final-edition
Dead Cells 4,PC;PS5;Xbox;Switch,6,No,2018,Strategy;Turn-Based,No,https://example.com/games/dead-cells-4
Chain Chronicle Remastered,PC,,Yes,2021,Simulation,No,https://example.com/games/chain-chronicle-remastered
Ninja Gaiden Beta Edition,PC,8,No,2018,Tactical;Shooter,No,https://example.com/games/ninja-gaiden-beta-edition
Marvel's Midnight Suns Premium Edition,PC;PS5,,No,2021,Strategy;RTS,No,https://example.com/games/marvel-s-midnight-suns-premium-edition
DayZ Anniversary Edition,PC;Switch,3,No,2005,Survival;Sandbox,Yes,https://example.com/games/dayz-anniversary-edition
Tales of Berseria Remastered,Xbox,,No,2009,4X;Strategy,Yes,https://example.com/games/tales-of-berseria-remastered
One Piece Pirate Warriors Remake,PC,2,Yes,2024,Racing,No,https://example.com/games/one-piece-pirate-warriors-remake
Aven Colony Anniversary Edition,PC;PS4;Xbox,,Yes,2013,Strategy;RTS,No,https://example.com/games/aven-colony-anniversary-edition
Codename Panzers Omega Edition 4,PC,6,No,2021,MOBA;Strategy,No,https://example.com/games/codename-panzers-omega-edition-4
XCOM Anniversary Edition,PC;PS5,6,Yes,2025,Action;Adventure,No,https://example.com/games/xcom-anniversary-edition
Once Human Collector's Edition,PS5;Xbox,,Yes,2000,MOBA;Strategy,No,https://example.com/games/once-human-collector-s-edition
Bad North Standard Edition,PC;PS4;Xbox;Switch,8,No,2014,Sports,No,https://example.com/games/bad-north-standard-edition
Zone of the Enders Limited Edition,Xbox,6,No,2003,Racing,No,https://example.com/games/zone-of-the-enders-limited-edition
Gundam Seed Battle Universe Enhanced Edition,PC;PS4;Xbox;Switch,2,No,2010,Survival;Horror,No,https://example.com/games/gundam-seed-battle-universe-enhanced-edition
Monster Train Enhanced Edition,PC;PS5;Xbox;Switch,,No,2001,Racing,Yes,https://example.com/games/monster-train-enhanced-edition
World War Z,Xbox,,Yes,2012,Sports,No,https://example.com/games/world-war-z
Sunset Overdrive Anniversary Edition,PC;PS5,4,No,2001,Grand Strategy;Strategy,Yes,https://example.com/games/sunset-overdrive-anniversary-edition
Codename Cure Premium Edition,PC;PS5;Xbox;Switch,4,No,2004,Casual;Party,Yes,https://example.com/games/codename-cure-premium-edition
Odin Sphere 5,PC;PS4;Xbox;Switch,,No,2006,MOBA;Strategy,No,https://example.com/games/odin-sphere-5
Quake Alpha Edition,PC;Xbox,4,No,2017,Grand Strategy;Strategy,No,https://example.com/games/quake-alpha-edition
Elden Ring Collector's Edition,PC;Xbox,2,Yes,2006,Survival;Sandbox,Yes,https://example.com/games/elden-ring-collector-s-edition
Next Car Game Game of the Year Edition,Xbox,4,Yes,2026,RPG;Action,No,https://example.com/games/next-car-game-game-of-the-year-edition
Zero Escape Limited Edition,Xbox,,Yes,2001,MOBA;Strategy,Yes,https://example.com/games/zero-escape-limited-edition
Paladins Standard Edition,PC;PS5;Xbox;Switch,,No,2025,Survival;Sandbox,Yes,https://example.com/games/paladins-standard-edition
Jujutsu Kaisen Remastered,PC;PS4;Xbox,6,No,2012,Shooter;Action,No,https://example.com/games/jujutsu-kaisen-remastered
Risk of Rain Game of the Year Edition,PC,6,Yes,2012,Party;Action,No,https://example.com/games/risk-of-rain-game-of-the-year-edition
Gris Omega Edition 3,PC;PS5;Xbox,,No,2002,4X;Strategy,No,https://example.com/games/gris-omega-edition-3
Front Mission 3 Deluxe Edition,PC;PS5,Many,Yes,2011,MOBA;Strategy,No,https://example.com/games/front-mission-3-deluxe-edition
Daemon X Machina Limited Edition,PC;PS5;Xbox,,Yes,2019,Survival;Horror,No,https://example.com/games/daemon-x-machina-limited-edition
The Division Ultimate Edition,PS5;Xbox,4,Yes,2021,Casual;Party,Yes,https://example.com/games/the-division-ultimate-edition
Dead by Daylight,PC;PS5;Xbox,3,Yes,2022,Tactical;Shooter,No,https://example.com/games/dead-by-daylight
VA 11 HALLA First Edition,PC,3,Yes,2000,Simulation;Sandbox,No,https://example.com/games/va-11-halla-first-edition
Risk of Rain 2 Anniversary Edition,PC;PS4;Xbox;Switch,,No,2011,Action;Adventure,No,https://example.com/games/risk-of-rain-2-anniversary-edition
Fast RMX Remake,PC;PS5;Xbox,4,No,2006,Action;Adventure,No,https://example.com/games/fast-rmx-remake
Aven Colony Limited Edition,PC;PS5;Xbox,,Yes,2024,RPG;Action,Yes,https://example.com/games/aven-colony-limited-edition
Book of Travels 4,PC,,Yes,2008,Action;Platformer,No,https://example.com/games/book-of-travels-4
Until Dawn Legendary Edition,PS5;Xbox,8,No,2026,Sandbox,No,https://example.com/games/until-dawn-legendary-edition
Oxygen Not Included Remastered,PC;PS5;Xbox;Switch,,Yes,2018,Sandbox,No,https://example.com/games/oxygen-not-included-remastered
Goblin Slayer Collector's Edition,Xbox,,Yes,2006,Grand Strategy;Strategy,No,https://example.com/games/goblin-slayer-collector-s-edition
Dirty Bomb Standard Edition,Xbox,,No,2020,Battle Royale;Shooter,No,https://example.com/games/dirty-bomb-standard-edition
Crusader Kings Omega Edition 3,PC;Xbox,,Yes,2019,Casual;Party,No,https://example.com/games/crusader-kings-omega-edition-3
Divinity Special Edition,PC;Xbox,,No,2009,Sports,No,https://example.com/games/divinity-special-edition
Gundam Seed Battle Assault Last Edition,PC;PS4;Xbox,3,No,2018,Sandbox,No,https://example.com/games/gundam-seed-battle-assault-last-edition
Gundam ZZ Battle Premium Edition,PC;PS4;Xbox,Many,No,2002,Shooter;Action,No,https://example.com/games/gundam-zz-battle-premium-edition
Binding of Isaac Standard Edition,PC;PS5,,Yes,2015,Action;Platformer,No,https://example.com/games/binding-of-isaac-standard-edition
No More Room in Hell Deluxe Edition,PC;PS5,Many,No,2012,Shooter;RPG,No,https://example.com/games/no-more-room-in-hell-deluxe-edition
Cloudpunk Deluxe Edition,PC;PS4;Xbox,Many,Yes,2006,Party;Action,No,https://example.com/games/cloudpunk-deluxe-edition
Gundam Battle Assault Complete Edition,PC;Xbox,,No,2016,4X;Strategy,No,https://example.com/games/gundam-battle-assault-complete-edition
Grand Theft Auto Final Edition,PC;PS5;Xbox,8,No,2011,Strategy;Turn-Based,No,https://example.com/games/grand-theft-auto-final-edition
Rogue Legacy Omega Edition 5,PC;PS4;Xbox;Switch,3,No,2004,4X;Strategy,No,https://example.com/games/rogue-legacy-omega-edition-5
Inside Omega Edition,PC;Switch,4,No,2026,Strategy;Turn-Based,No,https://example.com/games/inside-omega-edition
Blood Omega Edition 3,PC;PS5;Xbox,Many,Yes,2002,Strategy;Turn-Based,No,https://example.com/games/blood-omega-edition-3
One Piece Pirate Warriors Digital Edition,PC;PS5;Xbox,2,No,2013,Survival;Sandbox,Yes,https://example.com/games/one-piece-pirate-warriors-digital-edition
Gundam Seed Battle Assault 7 4,PC;PS4;Xbox;Switch,,Yes,2013,Sports,No,https://example.com/games/gundam-seed-battle-assault-7-4
Majin Tensei Omega Edition 5,PC;Switch,6,No,2009,Sports,No,https://example.com/games/majin-tensei-omega-edition-5
Two Point Hospital 2,PC;Xbox,,Yes,2024,Simulation,No,https://example.com/games/two-point-hospital-2
Albion Online Physical Edition,PC;PS5,4,No,2011,RPG;Action,Yes,https://example.com/games/albion-online-physical-edition
Blood 2,PC;PS5;Xbox;Switch,3,No,2022,Battle Royale;Shooter,No,https://example.com/games/blood-2
Majin Tensei Legendary Edition,Xbox,,Yes,2010,Survival;Horror,No,https://example.com/games/majin-tensei-legendary-edition
Gears Tactics Remake,PC;Switch,4,No,2011,Action;Platformer,No,https://example.com/games/gears-tactics-remake
Spintires Physical Edition,PC,6,No,2017,Survival;Horror,No,https://example.com/games/spintires-physical-edition
Accelate Definitive Edition,PC;PS4;Xbox,8,No,2020,Sports,No,https://example.com/games/accelate-definitive-edition
Just Cause Special Edition,PC;Switch,4,No,2011,Party;Action,No,https://example.com/games/just-cause-special-edition
Gundam ZZ Battle Assault Last Edition,PC;PS5;Xbox,,Yes,2025,Action;Adventure,No,https://example.com/games/gundam-zz-battle-assault-last-edition
Binary Domain Special Edition,PC;PS5;Xbox;Switch,Many,Yes,2015,Strategy;Turn-Based,Yes,https://example.com/games/binary-domain-special-edition
Xenosaga Definitive Edition,PC;PS5;Xbox,6,Yes,2016,Survival;Horror,Yes,https://example.com/games/xenosaga-definitive-edition
Gundam Seed Battle Assault 5 Omega Edition,PC;PS5;Xbox,,Yes,2025,Survival;Sandbox,No,https://example.com/games/gundam-seed-battle-assault-5-omega-edition
Grip Combat Racing 5,PC;Xbox,4,Yes,2004,RPG;Action,No,https://example.com/games/grip-combat-racing-5
Saints Row Omega Edition 4,PC;Switch,3,Yes,2007,Casual;Party,No,https://example.com/games/saints-row-omega-edition-4
Romancing SaGa,PC;PS4;Xbox;Switch,,Yes,2005,4X;Strategy,No,https://example.com/games/romancing-saga
Necromunda Final Edition,PC;PS5;Xbox,,No,2006,Sports,Yes,https://example.com/games/necromunda-final-edition
Breathedge Deluxe Edition,PC;PS5;Xbox;Switch,2,No,2013,4X;Strategy,Yes,https://example.com/games/breathedge-deluxe-edition
Skul 5,PC,2,No,2002,Simulation;Sandbox,No,https://example.com/games/skul-5
Gundam Seed Battle Chronicle Legendary Edition,PC,,No,2005,Party;Action,No,https://example.com/games/gundam-seed-battle-chronicle-legendary-edition
Surviving Mars Standard Edition,PC;Switch,Many,Yes,2007,Racing,No,https://example.com/games/surviving-mars-standard-edition
Counter-Strike Digital Edition,PC;PS4;Xbox,,Yes,2007,MOBA;Strategy,No,https://example.com/games/counter-strike-digital-edition
Townscaper Special Edition,PC;PS4;Xbox;Switch,4,Yes,2018,4X;Strategy,Yes,https://example.com/games/townscaper-special-edition
Icarus Final Edition,PC;PS5;Xbox,4,No,2002,Action;Platformer,No,https://example.com/games/icarus-final-edition
RimWorld Digital Edition,PC;PS5;Xbox,2,Yes,2010,Shooter;Action,No,https://example.com/games/rimworld-digital-edition
Total War Game of the Year Edition,PC;PS5;Xbox;Switch,,No,2001,Tactical;Shooter,No,https://example.com/games/total-war-game-of-the-year-edition
Monster Train Alpha Edition,Xbox,,Yes,2017,Shooter;RPG,No,https://example.com/games/monster-train-alpha-edition
Shield Hero 3,PC;PS5;Xbox,2,No,2002,Tactical;Shooter,No,https://example.com/games/shield-hero-3
Mindustry Anniversary Edition,PC;PS5;Xbox;Switch,6,Yes,2022,Tactical;Shooter,No,https://example.com/games/mindustry-anniversary-edition
The Elder Scrolls Legendary Edition,PC,2,Yes,2025,Sandbox,No,https://example.com/games/the-elder-scrolls-legendary-edition
Sword Art Online Game of the Year Edition,PC;Xbox,4,No,2011,Party;Action,No,https://example.com/games/sword-art-online-game-of-the-year-edition
Dirt 5,PC;Xbox,4,No,2001,Simulation,No,https://example.com/games/dirt-5
Smite Complete Edition,PC;PS5,4,No,2001,MOBA;Strategy,Yes,https://example.com/games/smite-complete-edition
Returnal Definitive Edition,PC;PS4;Xbox;Switch,4,No,2022,Sports,No,https://example.com/games/returnal-definitive-edition
Fire Emblem Warriors Omega Edition 3,PC;PS4;Xbox,6,Yes,2017,Strategy;Turn-Based,No,https://example.com/games/fire-emblem-warriors-omega-edition-3
Zero Escape Collector's Edition,PC;PS4;Xbox;Switch,Many,Yes,2003,Tactical;Shooter,No,https://example.com/games/zero-escape-collector-s-edition
Front Mission 3 Last Edition,PC;Switch,Many,No,2010,Action;Adventure,Yes,https://example.com/games/front-mission-3-last-edition
Crosscode Omega Edition 4,PC;Switch,3,No,2009,Tactical;Shooter,No,https://example.com/games/crosscode-omega-edition-4
Etrian Odyssey Omega Edition 4,PC;Switch,,No,2022,Casual;Party,Yes,https://example.com/games/etrian-odyssey-omega-edition-4
Spec Ops 4,PC;PS5;Xbox;Switch,8,No,2000,Sandbox,No,https://example.com/games/spec-ops-4
Astral Chain Alpha Edition,PC;PS5,2,No,2004,Action;Platformer,No,https://example.com/games/astral-chain-alpha-edition
Skul Enhanced Edition,PC;Switch,,No,2020,Casual;Party,No,https://example.com/games/skul-enhanced-edition
Pathfinder 5,PS5;Xbox,,No,2016,Shooter;Action,No,https://example.com/games/pathfinder-5
Poker Night Last Edition,PC,,Yes,2025,RPG;Action,No,https://example.com/games/poker-night-last-edition
Marvel's Midnight Suns Ultimate Edition,PC;PS5;Xbox,6,No,2005,MOBA;Strategy,No,https://example.com/games/marvel-s-midnight-suns-ultimate-edition
Quake Enhanced Edition,PS5;Xbox,Many,No,2007,Strategy;Turn-Based,Yes,https://example.com/games/quake-enhanced-edition
Battleborn Game of the Year Edition,Xbox,3,No,2023,Strategy;RTS,No,https://example.com/games/battleborn-game-of-the-year-edition
Tales of Destiny Definitive Edition,PC;PS4;Xbox,Many,No,2023,Survival;Sandbox,No,https://example.com/games/tales-of-destiny-definitive-edition
Armored Core Deluxe Edition,Xbox,Many,No,2007,Party;Action,Yes,https://example.com/games/armored-core-deluxe-edition
Spyro Alpha Edition,Xbox,,Yes,2006,Grand Strategy;Strategy,Yes,https://example.com/games/spyro-alpha-edition
Team Fortress,PS5;Xbox,4,Yes,2015,Strategy;RTS,No,https://example.com/games/team-fortress
Grim Dawn Remake,Xbox,4,Yes,2006,Shooter;Action,No,https://example.com/games/grim-dawn-remake
Surviving the Aftermath Premium Edition,PC,,Yes,2007,Tactical;Shooter,Yes,https://example.com/games/surviving-the-aftermath-premium-edition
Lords Mobile Collector's Edition,PC;PS4;Xbox;Switch,4,No,2017,Simulation;Sandbox,No,https://example.com/games/lords-mobile-collector-s-edition
Monster Train Physical Edition,PS5;Xbox,4,Yes,2001,Strategy;RTS,No,https://example.com/games/monster-train-physical-edition
Half-Life 3,PC,3,Yes,2018,Simulation;Sandbox,Yes,https://example.com/games/half-life-3
MX vs ATV Legendary Edition,Xbox,6,Yes,2002,Simulation,No,https://example.com/games/mx-vs-atv-legendary-edition
Rust 3,PC;Xbox,4,No,2008,Survival;Sandbox,No,https://example.com/games/rust-3
Layers of Fear,PC;PS5;Xbox;Switch,8,No,2025,Simulation;Sandbox,No,https://example.com/games/layers-of-fear
13 Sentinels,PC;PS5;Xbox;Switch,,No,2013,Simulation,No,https://example.com/games/13-sentinels
Minecraft Enhanced Edition,PC;PS5;Xbox,,Yes,2006,RPG;Action,No,https://example.com/games/minecraft-enhanced-edition
Infamous Omega Edition,PC;PS4;Xbox;Switch,4,No,2000,MOBA;Strategy,No,https://example.com/games/infamous-omega-edition
H1Z1 Alpha Edition,PC;Xbox,4,Yes,2026,Shooter;RPG,No,https://example.com/games/h1z1-alpha-edition
Trine First Edition,PC;PS5;Xbox,8,Yes,2003,Battle Royale;Shooter,Yes,https://example.com/games/trine-first-edition
We Were Here 3,PC;Xbox,,Yes,2004,Battle Royale;Shooter,No,https://example.com/games/we-were-here-3
Nioh Anniversary Edition,PS5;Xbox,,No,2002,RPG;Action,No,https://example.com/games/nioh-anniversary-edition
The Dark Pictures 3,PC;PS4;Xbox;Switch,4,Yes,2010,Survival;Horror,No,https://example.com/games/the-dark-pictures-3
Last Day on Earth Enhanced Edition,PC;Switch,,Yes,2015,Survival;Sandbox,No,https://example.com/games/last-day-on-earth-enhanced-edition
Prey Collector's Edition,Xbox,,Yes,2020,Party;Action,No,https://example.com/games/prey-collector-s-edition
Wuthering Waves Ultimate Edition,PC;PS5;Xbox;Switch,,No,2020,Survival;Horror,No,https://example.com/games/wuthering-waves-ultimate-edition
Gundam Versus Enhanced Edition,Xbox,,Yes,2024,Simulation;Sandbox,No,https://example.com/games/gundam-versus-enhanced-edition
Dead by Daylight Omega Edition 4,PC;PS5;Xbox,4,No,2022,Sandbox,No,https://example.com/games/dead-by-daylight-omega-edition-4
Killing Floor Final Edition,PC;PS4;Xbox,,Yes,2020,Simulation,No,https://example.com/games/killing-floor-final-edition
Warhammer 40K Mechanicus 2,PC;Switch,,No,2003,Battle Royale;Shooter,No,https://example.com/games/warhammer-40k-mechanicus-2
Dead by Daylight 3,PC;PS5,8,No,2017,Simulation;Sandbox,No,https://example.com/games/dead-by-daylight-3
The Walking Dead Ultimate Edition,PS5;Xbox,,No,2021,Puzzle;Adventure,No,https://example.com/games/the-walking-dead-ultimate-edition
Attack on Titan,PC;PS4;Xbox;Switch,,No,2014,Action;Adventure,No,https://example.com/games/attack-on-titan
Platinum Games Enhanced Edition,PC;PS4;Xbox,3,Yes,2005,Grand Strategy;Strategy,No,https://example.com/games/platinum-games-enhanced-edition
Pioneer Special Edition,PS5;Xbox,,No,2003,4X;Strategy,No,https://example.com/games/pioneer-special-edition
Gundam Seed Battle Assault 6 Premium Edition,PC;PS5;Xbox,4,No,2004,Strategy;Turn-Based,No,https://example.com/games/gundam-seed-battle-assault-6-premium-edition
Raft Omega Edition 3,PC;PS4;Xbox,4,No,2006,Racing,No,https://example.com/games/raft-omega-edition-3
Enlisted 5,PC;PS4;Xbox;Switch,6,Yes,2017,Grand Strategy;Strategy,No,https://example.com/games/enlisted-5
Squad 3,PS5;Xbox,,No,2017,RPG;Action,No,https://example.com/games/squad-3
Synergy Omega Edition,PC;PS4;Xbox,4,No,2007,Survival;Sandbox,No,https://example.com/games/synergy-omega-edition
Front Mission Alternative Final Edition,PC;Switch,,Yes,2002,Sports,No,https://example.com/games/front-mission-alternative-final-edition
Scalebound Omega Edition 4,PC;PS5,6,No,2012,Tactical;Shooter,No,https://example.com/games/scalebound-omega-edition-4
Rocket League Enhanced Edition,PC;Switch,,No,2010,Party;Action,No,https://example.com/games/rocket-league-enhanced-edition
Army of Two First Edition,PC;Xbox,4,Yes,2021,Simulation,No,https://example.com/games/army-of-two-first-edition
Gundam Seed Destiny 4,PC;PS4;Xbox,3,No,2002,Action;Adventure,No,https://example.com/games/gundam-seed-destiny-4
Cuphead Omega Edition 2,PC;PS5,,No,2003,Simulation,No,https://example.com/games/cuphead-omega-edition-2
Don't Starve Digital Edition,PC;PS4;Xbox,6,No,2006,Simulation,Yes,https://example.com/games/don-t-starve-digital-edition
Warframe 4,Xbox,,Yes,2011,Simulation;Sandbox,No,https://example.com/games/warframe-4
Baja Collector's Edition,PC;PS4;Xbox;Switch,,No,2025,Simulation,No,https://example.com/games/baja-collector-s-edition
Gears Tactics Premium Edition,PC;Xbox,4,No,2008,Simulation;Sandbox,No,https://example.com/games/gears-tactics-premium-edition
Trials Beta Edition,PC;PS5,4,Yes,2001,Grand Strategy;Strategy,Yes,https://example.com/games/trials-beta-edition
Mafia 5,PC,,No,2008,Survival;Sandbox,Yes,https://example.com/games/mafia-5
Tales of Graces Deluxe Edition,PC;PS5,2,No,2002,Casual;Party,No,https://example.com/games/tales-of-graces-deluxe-edition
Call to Arms Definitive Edition,PC,4,No,2022,Action;Adventure,No,https://example.com/games/call-to-arms-definitive-edition
SaGa Omega Edition 3,PC;PS4;Xbox;Switch,2,Yes,2016,Racing,No,https://example.com/games/saga-omega-edition-3
World of Warplanes 5,PC;PS5;Xbox,4,No,2011,Simulation;Sandbox,No,https://example.com/games/world-of-warplanes-5
Until Dawn Premium Edition,PC,8,Yes,2010,Grand Strategy;Strategy,No,https://example.com/games/until-dawn-premium-edition
Danganronpa Limited Edition,PC;PS5,6,Yes,2003,Grand Strategy;Strategy,No,https://example.com/games/danganronpa-limited-edition
Puzzle Quest Beta Edition,PS5;Xbox,,Yes,2026,Battle Royale;Shooter,No,https://example.com/games/puzzle-quest-beta-edition
Endless Space Game of the Year Edition,PC;Switch,Many,No,2015,Battle Royale;Shooter,Yes,https://example.com/games/endless-space-game-of-the-year-edition
Sven Co-op Enhanced Edition,PC;Switch,2,No,2015,Strategy;RTS,No,https://example.com/games/sven-co-op-enhanced-edition
Cities Skylines Enhanced Edition,Xbox,6,No,2018,Racing,No,https://example.com/games/cities-skylines-enhanced-edition
Days Gone Anniversary Edition,PC;PS5;Xbox,8,No,2017,Sandbox,No,https://example.com/games/days-gone-anniversary-edition
Titan Quest Premium Edition,Xbox,,Yes,2016,Tactical;Shooter,No,https://example.com/games/titan-quest-premium-edition
Berserk Musou Collector's Edition,Xbox,,No,2022,Simulation;Sandbox,No,https://example.com/games/berserk-musou-collector-s-edition
Dragon's Crown Beta Edition,PC;PS4;Xbox;Switch,Many,No,2000,Tactical;Shooter,No,https://example.com/games/dragon-s-crown-beta-edition
7 Days to Die Last Edition,PC,,No,2026,Racing,No,https://example.com/games/7-days-to-die-last-edition
Spintires Anniversary Edition,PC;PS4;Xbox;Switch,,Yes,2014,Survival;Sandbox,No,https://example.com/games/spintires-anniversary-edition
Gundam Seed Battle Assault 7 Beta Edition,PC;PS5;Xbox,6,No,2000,Action;Platformer,No,https://example.com/games/gundam-seed-battle-assault-7-beta-edition
Baja Final Edition,PC;Switch,Many,No,2006,Shooter;Action,Yes,https://example.com/games/baja-final-edition
Hay Day Beta Edition,PC;Xbox,,No,2020,Shooter;Action,Yes,https://example.com/games/hay-day-beta-edition
Observer Remake,Xbox,,No,2003,Action;Platformer,No,https://example.com/games/observer-remake
Arena of Valor First Edition,PC;PS4;Xbox,,Yes,2003,Sandbox,No,https://example.com/games/arena-of-valor-first-edition
Guild Wars Definitive Edition,PC;Xbox,4,Yes,2020,Simulation,No,https://example.com/games/guild-wars-definitive-edition
Green Hell Alpha Edition,PC;PS5;Xbox;Switch,,Yes,2023,Sandbox,No,https://example.com/games/green-hell-alpha-edition
Skul,PC;PS5,,Yes,2025,Survival;Horror,No,https://example.com/games/skul
Star Ocean Legendary Edition,PC;PS5;Xbox;Switch,4,Yes,2007,Action;Adventure,Yes,https://example.com/games/star-ocean-legendary-edition
Dark Souls Digital Edition,PC;PS4;Xbox;Switch,4,Yes,2010,Action;Platformer,No,https://example.com/games/dark-souls-digital-edition
Front Mission,PS5;Xbox,,Yes,2024,RPG;Action,No,https://example.com/games/front-mission
Scalebound 4,PC;Switch,,No,2005,4X;Strategy,Yes,https://example.com/games/scalebound-4
Slay the Spire Omega Edition,Xbox,,No,2016,Survival;Horror,No,https://example.com/games/slay-the-spire-omega-edition
Pillars of Eternity Alpha Edition,PC;Switch,,No,2007,Strategy;RTS,No,https://example.com/games/pillars-of-eternity-alpha-edition
Live a Live Digital Edition,PC;PS5;Xbox;Switch,,Yes,2015,RPG;Action,No,https://example.com/games/live-a-live-digital-edition
Assassin's Creed Omega Edition 2,PC,,No,2015,Strategy;Turn-Based,No,https://example.com/games/assassin-s-creed-omega-edition-2
Gundam Battle Legendary Edition,PC;Xbox,4,No,2023,Simulation;Sandbox,No,https://example.com/games/gundam-battle-legendary-edition
Genshin Impact Omega Edition 5,PC;Switch,8,Yes,2006,Puzzle;Adventure,No,https://example.com/games/genshin-impact-omega-edition-5
SimCity Special Edition,PC;PS4;Xbox,4,No,2007,Battle Royale;Shooter,No,https://example.com/games/simcity-special-edition
Crosscode Omega Edition,PC;PS5;Xbox;Switch,,No,2018,Strategy;Turn-Based,No,https://example.com/games/crosscode-omega-edition
Dead by Daylight Premium Edition,PC;Xbox,,No,2024,Battle Royale;Shooter,No,https://example.com/games/dead-by-daylight-premium-edition
Last Epoch Game of the Year Edition,PC;PS5;Xbox;Switch,,Yes,2013,Grand Strategy;Strategy,No,https://example.com/games/last-epoch-game-of-the-year-edition
Transport Fever Anniversary Edition,PC;PS5,4,No,2000,Simulation,No,https://example.com/games/transport-fever-anniversary-edition
Gundam Seed Battle Enhanced Edition,PC,4,Yes,2015,Tactical;Shooter,No,https://example.com/games/gundam-seed-battle-enhanced-edition
Evochron Ultimate Edition,PC;PS4;Xbox,6,Yes,2000,Simulation,Yes,https://example.com/games/evochron-ultimate-edition
Project Zomboid Limited Edition,PC;Xbox,,No,2003,Sports,No,https://example.com/games/project-zomboid-limited-edition
Monster Train Omega Edition 3,PC;PS5,6,No,2009,Shooter;RPG,No,https://example.com/games/monster-train-omega-edition-3
Destiny Enhanced Edition,PC;PS5;Xbox;Switch,4,No,2021,Battle Royale;Shooter,No,https://example.com/games/destiny-enhanced-edition
Puyo Puyo Alpha Edition,PC;PS5,,No,2003,4X;Strategy,No,https://example.com/games/puyo-puyo-alpha-edition
BeamNG Digital Edition,PC;PS4;Xbox,4,Yes,2009,Puzzle;Adventure,No,https://example.com/games/beamng-digital-edition
Don't Starve Premium Edition,Xbox,4,Yes,2010,Puzzle;Adventure,No,https://example.com/games/don-t-starve-premium-edition
Grim Dawn Physical Edition,PC;PS5,,Yes,2022,RPG;Action,Yes,https://example.com/games/grim-dawn-physical-edition
SOMA Special Edition,PC;PS5,8,No,2008,Party;Action,No,https://example.com/games/soma-special-edition
H1Z1 Omega Edition,PC;PS5;Xbox,8,Yes,2021,Tactical;Shooter,No,https://example.com/games/h1z1-omega-edition
Sly Cooper Remastered,PC,6,Yes,2018,Battle Royale;Shooter,No,https://example.com/games/sly-cooper-remastered
World War Z Final Edition,PC;PS4;Xbox,,Yes,2003,Shooter;RPG,No,https://example.com/games/world-war-z-final-edition
Age of Empires Premium Edition,Xbox,3,No,2017,Action;Adventure,No,https://example.com/games/age-of-empires-premium-edition
Sven Co-op Omega Edition 4,PC,6,Yes,2017,Strategy;Turn-Based,Yes,https://example.com/games/sven-co-op-omega-edition-4
Tales of Arise Final Edition,Xbox,3,Yes,2013,Simulation,No,https://example.com/games/tales-of-arise-final-edition
Enlisted Digital Edition,PS5;Xbox,Many,No,2025,Action;Adventure,No,https://example.com/games/enlisted-digital-edition
Gundam Seed Battle Assault 7 Premium Edition,PC;PS4;Xbox,6,Yes,2022,Party;Action,No,https://example.com/games/gundam-seed-battle-assault-7-premium-edition
Green Hell Standard Edition,PC;PS4;Xbox;Switch,Many,Yes,2019,Strategy;Turn-Based,Yes,https://example.com/games/green-hell-standard-edition
Blue Protocol Limited Edition,PC,2,Yes,2011,Shooter;RPG,Yes,https://example.com/games/blue-protocol-limited-edition
Anarchy Reigns Physical Edition,Xbox,Many,No,2016,Tactical;Shooter,No,https://example.com/games/anarchy-reigns-physical-edition
Enlisted 4,PS5;Xbox,2,No,2005,MOBA;Strategy,No,https://example.com/games/enlisted-4
Deep Rock Galactic Alpha Edition,PC;PS4;Xbox;Switch,,No,2023,Shooter;Action,No,https://example.com/games/deep-rock-galactic-alpha-edition
7 Days to Die Premium Edition,PC;Switch,,No,2015,RPG;Action,No,https://example.com/games/7-days-to-die-premium-edition
Throne and Liberty Anniversary Edition,Xbox,Many,No,2020,Sports,No,https://example.com/games/throne-and-liberty-anniversary-edition
Metal Gear Rising Omega Edition 2,PC,,No,2017,Strategy;Turn-Based,Yes,https://example.com/games/metal-gear-rising-omega-edition-2
Gundam Extreme Vs Remastered,PC;PS5;Xbox,,Yes,2016,Battle Royale;Shooter,No,https://example.com/games/gundam-extreme-vs-remastered
Monogatari Omega Edition 5,PC;PS5,4,Yes,2012,Action;Adventure,No,https://example.com/games/monogatari-omega-edition-5
DayZ,PC,,Yes,2020,Sandbox,No,https://example.com/games/dayz
13 Sentinels Limited Edition,Xbox,3,Yes,2009,Strategy;RTS,No,https://example.com/games/13-sentinels-limited-edition
Rollercoaster Tycoon 4,PC;PS4;Xbox,,Yes,2013,4X;Strategy,No,https://example.com/games/rollercoaster-tycoon-4
Diablo 4,PS5;Xbox,,No,2026,Simulation;Sandbox,No,https://example.com/games/diablo-4
BioShock 3,PC;PS4;Xbox;Switch,2,No,2006,Shooter;RPG,No,https://example.com/games/bioshock-3
Tomb Raider Standard Edition,PC;Switch,,No,2011,Puzzle;Adventure,No,https://example.com/games/tomb-raider-standard-edition
Sekiro Remake,PC;PS5;Xbox,8,No,2000,Simulation,No,https://example.com/games/sekiro-remake
Empire Earth Legendary Edition,PC,6,Yes,2011,Casual;Party,No,https://example.com/games/empire-earth-legendary-edition
Gundam Battle Definitive Edition,PC;PS4;Xbox;Switch,2,No,2016,Shooter;RPG,No,https://example.com/games/gundam-battle-definitive-edition
Axiom Ver Collector's Edition,PC;PS4;Xbox,,Yes,2006,Shooter;Action,No,https://example.com/games/axiom-ver-collector-s-edition
Flatout First Edition,PC;PS5;Xbox,,Yes,2005,Strategy;Turn-Based,No,https://example.com/games/flatout-first-edition
Total War Omega Edition 2,PC,3,No,2019,Grand Strategy;Strategy,No,https://example.com/games/total-war-omega-edition-2
Township Omega Edition 4,PC,3,No,2021,Sports,No,https://example.com/games/township-omega-edition-4
World of Warplanes Definitive Edition,PS5;Xbox,2,No,2007,Grand Strategy;Strategy,No,https://example.com/games/world-of-warplanes-definitive-edition
Ronduine Limited Edition,PC;Xbox,4,No,2001,Tactical;Shooter,No,https://example.com/games/ronduine-limited-edition
MX vs ATV Physical Edition,Xbox,4,No,2011,4X;Strategy,No,https://example.com/games/mx-vs-atv-physical-edition
Spec Ops Anniversary Edition,PC;PS4;Xbox;Switch,8,Yes,2007,Casual;Party,No,https://example.com/games/spec-ops-anniversary-edition
Burnout 5,PC;PS5;Xbox,4,No,2000,Simulation;Sandbox,No,https://example.com/games/burnout-5
Surviving Mars Limited Edition,PC;PS5;Xbox,4,No,2022,Strategy;Turn-Based,No,https://example.com/games/surviving-mars-limited-edition
Xenosaga Omega Edition 4,PC;PS4;Xbox,,Yes,2011,Simulation;Sandbox,No,https://example.com/games/xenosaga-omega-edition-4
Doom Deluxe Edition,PC;PS4;Xbox,,Yes,2014,Action;Adventure,No,https://example.com/games/doom-deluxe-edition
Attack on Titan Anniversary Edition,PC;Xbox,Many,Yes,2003,Sports,No,https://example.com/games/attack-on-titan-anniversary-edition
Wreckfest Limited Edition,PC,6,No,2003,Battle Royale;Shooter,No,https://example.com/games/wreckfest-limited-edition
Fate Grand Order Omega Edition 5,PC;PS4;Xbox;Switch,8,No,2009,Grand Strategy;Strategy,Yes,https://example.com/games/fate-grand-order-omega-edition-5
Timberborn Omega Edition 2,PC,,No,2013,Survival;Sandbox,No,https://example.com/games/timberborn-omega-edition-2
Stellaris Enhanced Edition,PC;PS5;Xbox,8,No,2005,Sports,No,https://example.com/games/stellaris-enhanced-edition
Fallout Premium Edition,PC;PS5;Xbox,,Yes,2019,Sandbox,No,https://example.com/games/fallout-premium-edition
Planet Coaster Omega Edition 2,PC;PS5,,Yes,2006,Grand Strategy;Strategy,No,https://example.com/games/planet-coaster-omega-edition-2
Abzu First Edition,PC;PS5,8,No,2003,MOBA;Strategy,No,https://example.com/games/abzu-first-edition
Gundam Seed Battle Remastered,PS5;Xbox,4,Yes,2004,Party;Action,Yes,https://example.com/games/gundam-seed-battle-remastered
World of Warships Last Edition,PC,6,Yes,2022,RPG;Action,No,https://example.com/games/world-of-warships-last-edition
Infamous Physical Edition,PC;PS5,,Yes,2019,Simulation;Sandbox,No,https://example.com/games/infamous-physical-edition
Citizen Sleeper Special Edition,PC;PS5;Xbox;Switch,,Yes,2021,Shooter;Action,No,https://example.com/games/citizen-sleeper-special-edition
Rainbow Six Ultimate Edition,PC,2,Yes,2023,Casual;Party,Yes,https://example.com/games/rainbow-six-ultimate-edition
Planetary Annihilation 4,PS5;Xbox,,No,2001,Strategy;RTS,No,https://example.com/games/planetary-annihilation-4
Bad North Collector's Edition,PC;PS5,,No,2016,Action;Platformer,Yes,https://example.com/games/bad-north-collector-s-edition
Endless Space Legendary Edition,PC,,No,2001,Puzzle;Adventure,No,https://example.com/games/endless-space-legendary-edition
Blazing Souls Special Edition,PC;Switch,6,Yes,2002,Strategy;Turn-Based,No,https://example.com/games/blazing-souls-special-edition
Motorstorm Digital Edition,PS5;Xbox,,No,2001,MOBA;Strategy,Yes,https://example.com/games/motorstorm-digital-edition
The Division Game of the Year Edition,PC;PS4;Xbox,,No,2003,Strategy;Turn-Based,No,https://example.com/games/the-division-game-of-the-year-edition
Back 4 Blood 3,PS5;Xbox,8,Yes,2019,Battle Royale;Shooter,No,https://example.com/games/back-4-blood-3
Platinum Games Remastered,PC;PS4;Xbox;Switch,,No,2016,Sandbox,No,https://example.com/games/platinum-games-remastered
Synergy 4,PC;PS5,4,No,2012,Racing,No,https://example.com/games/synergy-4
Sudden Strike Final Edition,PC;PS5;Xbox;Switch,,No,2001,Puzzle;Adventure,No,https://example.com/games/sudden-strike-final-edition
BioShock Last Edition,PC;PS4;Xbox;Switch,Many,No,2015,Shooter;RPG,No,https://example.com/games/bioshock-last-edition
Assassin's Creed Remastered,PC;PS4;Xbox,,Yes,2001,Strategy;Turn-Based,No,https://example.com/games/assassin-s-creed-remastered
Aven Colony Premium Edition,PC;Xbox,8,No,2005,Shooter;Action,No,https://example.com/games/aven-colony-premium-edition
Front Mission 3 Ultimate Edition,PC;PS4;Xbox;Switch,,No,2012,Simulation;Sandbox,No,https://example.com/games/front-mission-3-ultimate-edition
NMRiH Enhanced Edition,PS5;Xbox,4,No,2006,Strategy;Turn-Based,No,https://example.com/games/nmrih-enhanced-edition
Granblue Fantasy Complete Edition,PC;PS4;Xbox;Switch,,Yes,2001,Shooter;Action,No,https://example.com/games/granblue-fantasy-complete-edition
Ashes of the Singularity Collector's Edition,PC;PS4;Xbox,,No,2016,Simulation;Sandbox,No,https://example.com/games/ashes-of-the-singularity-collector-s-edition
Clash Royale Definitive Edition,PC;PS4;Xbox,8,Yes,2003,Party;Action,No,https://example.com/games/clash-royale-definitive-edition
Spintires Limited Edition,PC;Xbox,,No,2013,Puzzle;Adventure,Yes,https://example.com/games/spintires-limited-edition
Devil Summoner Definitive Edition,PC;Xbox,,No,2017,Battle Royale;Shooter,No,https://example.com/games/devil-summoner-definitive-edition
SaGa Collector's Edition,PC;PS4;Xbox,,Yes,2023,Shooter;Action,No,https://example.com/games/saga-collector-s-edition
Gundam Seed Battle Assault 3 Collector's Edition,PC;PS4;Xbox,,Yes,2005,Party;Action,No,https://example.com/games/gundam-seed-battle-assault-3-collector-s-edition
Live a Live Standard Edition,PC;PS4;Xbox,4,No,2008,Simulation,No,https://example.com/games/live-a-live-standard-edition
Chain Chronicle Omega Edition 3,PC;PS5;Xbox;Switch,,Yes,2023,Survival;Sandbox,No,https://example.com/games/chain-chronicle-omega-edition-3
One Piece Bounty Rush Definitive Edition,PC;PS5,3,No,2026,Puzzle;Adventure,No,https://example.com/games/one-piece-bounty-rush-definitive-edition
Hexen Omega Edition 4,PS5;Xbox,4,No,2023,Strategy;RTS,No,https://example.com/games/hexen-omega-edition-4
Stacklands Omega Edition,PC;PS4;Xbox,,Yes,2005,Action;Platformer,No,https://example.com/games/stacklands-omega-edition
Unturned 3,PC;PS4;Xbox,3,No,2021,Sports,No,https://example.com/games/unturned-3
Party Animals Omega Edition 5,Xbox,,No,2022,Action;Platformer,No,https://example.com/games/party-animals-omega-edition-5
Clash of Clans Omega Edition,Xbox,2,No,2001,Simulation,No,https://example.com/games/clash-of-clans-omega-edition
Planetary Annihilation Collector's Edition,PC;Switch,3,No,2019,Grand Strategy;Strategy,No,https://example.com/games/planetary-annihilation-collector-s-edition
War Front Digital Edition,PC,,Yes,2007,RPG;Action,No,https://example.com/games/war-front-digital-edition
Puzzle and Dragons,Xbox,3,No,2005,Sports,No,https://example.com/games/puzzle-and-dragons
Gundam Seed Battle Assault 7 Special Edition,PC;Switch,4,Yes,2009,Shooter;Action,No,https://example.com/games/gundam-seed-battle-assault-7-special-edition
Limbo Omega Edition 4,PS5;Xbox,3,Yes,2011,Racing,No,https://example.com/games/limbo-omega-edition-4
Tunic Beta Edition,PC;PS5,6,No,2022,Sports,No,https://example.com/games/tunic-beta-edition
Dark Souls Complete Edition,PC;PS4;Xbox;Switch,,Yes,2025,Racing,No,https://example.com/games/dark-souls-complete-edition
Digital Devil Saga Premium Edition,PC;PS5;Xbox;Switch,4,No,2024,Strategy;Turn-Based,Yes,https://example.com/games/digital-devil-saga-premium-edition
Mudrunner Limited Edition,PC;PS4;Xbox,,Yes,2024,Action;Platformer,Yes,https://example.com/games/mudrunner-limited-edition
Paladins Beta Edition,PC;PS5,4,No,2010,RPG;Action,No,https://example.com/games/paladins-beta-edition
Operation Tango Premium Edition,PC;Xbox,4,No,2001,Strategy;RTS,No,https://example.com/games/operation-tango-premium-edition
Heretic Omega Edition 5,PC;PS5;Xbox,Many,No,2023,Battle Royale;Shooter,Yes,https://example.com/games/heretic-omega-edition-5
Subnautica Collector's Edition,PC,,Yes,2004,Puzzle;Adventure,No,https://example.com/games/subnautica-collector-s-edition
Front Mission 3,PC;PS5;Xbox;Switch,,No,2000,Party;Action,No,https://example.com/games/front-mission-3
Clash of Clans Digital Edition,PC;PS5;Xbox;Switch,4,No,2016,Sports,Yes,https://example.com/games/clash-of-clans-digital-edition
XCOM Game of the Year Edition,PS5;Xbox,4,No,2000,Grand Strategy;Strategy,No,https://example.com/games/xcom-game-of-the-year-edition
Persona Game of the Year Edition,PS5;Xbox,8,Yes,2021,Action;Adventure,No,https://example.com/games/persona-game-of-the-year-edition
Endzone Legendary Edition,PC;Switch,,Yes,2015,Survival;Sandbox,Yes,https://example.com/games/endzone-legendary-edition
SCUM Standard Edition,PC;PS5;Xbox;Switch,Many,No,2019,Casual;Party,No,https://example.com/games/scum-standard-edition
Inscryption Special Edition,Xbox,,No,2007,Survival;Horror,Yes,https://example.com/games/inscryption-special-edition
Elite Dangerous 5,PC,4,Yes,2024,RPG;Action,No,https://example.com/games/elite-dangerous-5
Left 4 Dead Remastered,PC;PS5;Xbox;Switch,4,No,2002,RPG;Action,Yes,https://example.com/games/left-4-dead-remastered
UFO 50 Anniversary Edition,PC;PS4;Xbox;Switch,,No,2006,MOBA;Strategy,Yes,https://example.com/games/ufo-50-anniversary-edition
Phoenix Point Premium Edition,PC;PS5;Xbox,4,No,2004,Survival;Sandbox,No,https://example.com/games/phoenix-point-premium-edition
Warframe Beta Edition,PC;Xbox,,Yes,2023,4X;Strategy,No,https://example.com/games/warframe-beta-edition
Dragon's Crown Definitive Edition,PC;Xbox,,Yes,2013,Simulation,Yes,https://example.com/games/dragon-s-crown-definitive-edition
Battlefield Remake,PC;PS5,,No,2022,Survival;Sandbox,No,https://example.com/games/battlefield-remake
Ratchet and Clank Complete Edition,PC;PS5;Xbox;Switch,,Yes,2004,Racing,Yes,https://example.com/games/ratchet-and-clank-complete-edition
Borderlands Last Edition,Xbox,,No,2010,MOBA;Strategy,No,https://example.com/games/borderlands-last-edition
The Cursed Island Standard Edition,Xbox,4,No,2006,Shooter;RPG,No,https://example.com/games/the-cursed-island-standard-edition
Gundam Battle Assault Deluxe Edition,PC;Switch,,No,2008,Racing,No,https://example.com/games/gundam-battle-assault-deluxe-edition
Stellaris Digital Edition,PC;PS5;Xbox,Many,Yes,2016,Shooter;Action,No,https://example.com/games/stellaris-digital-edition
Pioneer Collector's Edition,PC;PS5;Xbox,4,No,2005,Racing,Yes,https://example.com/games/pioneer-collector-s-edition
Cult of the Lamb Complete Edition,Xbox,2,No,2013,Tactical;Shooter,No,https://example.com/games/cult-of-the-lamb-complete-edition
The Long Dark Physical Edition,PC;PS5,4,Yes,2008,Sports,No,https://example.com/games/the-long-dark-physical-edition
Don't Starve Limited Edition,PS5;Xbox,,No,2000,Grand Strategy;Strategy,No,https://example.com/games/don-t-starve-limited-edition
Elden Ring Definitive Edition,PC;PS5,Many,Yes,2015,Action;Adventure,No,https://example.com/games/elden-ring-definitive-edition
Zenless Zone Zero Omega Edition 3,PC;Switch,,Yes,2008,Tactical;Shooter,Yes,https://example.com/games/zenless-zone-zero-omega-edition-3
Path of Exile Final Edition,PC;PS4;Xbox;Switch,,No,2006,Action;Platformer,No,https://example.com/games/path-of-exile-final-edition
Her Story Collector's Edition,PC;PS5;Xbox;Switch,,No,2021,Shooter;Action,Yes,https://example.com/games/her-story-collector-s-edition
The Crew Enhanced Edition,PS5;Xbox,,No,2012,Sandbox,No,https://example.com/games/the-crew-enhanced-edition
Tools Up Limited Edition,PS5;Xbox,,No,2007,Survival;Horror,No,https://example.com/games/tools-up-limited-edition
Warhammer 40K Mechanicus Digital Edition,PC;Switch,4,No,2009,MOBA;Strategy,No,https://example.com/games/warhammer-40k-mechanicus-digital-edition
Goddess of Victory Last Edition,PC;PS5;Xbox;Switch,Many,Yes,2021,Casual;Party,No,https://example.com/games/goddess-of-victory-last-edition
Chrono Trigger Omega Edition 3,PC;Switch,,Yes,2010,Shooter;Action,Yes,https://example.com/games/chrono-trigger-omega-edition-3
One Punch Man Limited Edition,PC;PS5;Xbox,,Yes,2023,Survival;Horror,No,https://example.com/games/one-punch-man-limited-edition
Medal of Honor Digital Edition,PC;PS4;Xbox;Switch,2,Yes,2013,RPG;Action,No,https://example.com/games/medal-of-honor-digital-edition
Gears Tactics Standard Edition,PC;PS5;Xbox;Switch,,No,2001,Action;Adventure,Yes,https://example.com/games/gears-tactics-standard-edition
Ashes of the Singularity Omega Edition 5,PC;Switch,2,Yes,2023,Survival;Horror,No,https://example.com/games/ashes-of-the-singularity-omega-edition-5
Cities Skylines Remastered,PC;Xbox,,No,2014,Grand Strategy;Strategy,No,https://example.com/games/cities-skylines-remastered
Vanquish Definitive Edition,PC;Xbox,,Yes,2015,Casual;Party,Yes,https://example.com/games/vanquish-definitive-edition
Gundam Seed Battle Assault 5 2,PC;Switch,4,No,2017,4X;Strategy,Yes,https://example.com/games/gundam-seed-battle-assault-5-2
Arknights Standard Edition,PC;PS5;Xbox;Switch,4,No,2014,Shooter;RPG,No,https://example.com/games/arknights-standard-edition
Anarchy Reigns Premium Edition,PC;Switch,3,Yes,2020,Action;Platformer,No,https://example.com/games/anarchy-reigns-premium-edition
Battleborn Collector's Edition,PC,,No,2023,Strategy;RTS,No,https://example.com/games/battleborn-collector-s-edition
Just Cause Alpha Edition,PS5;Xbox,,No,2022,Action;Platformer,No,https://example.com/games/just-cause-alpha-edition
Enter the Gungeon Anniversary Edition,PC;Xbox,,No,2020,Tactical;Shooter,Yes,https://example.com/games/enter-the-gungeon-anniversary-edition
Gundam Seed Battle Assault 7 Digital Edition,PC;Xbox,Many,No,2009,Racing,No,https://example.com/games/gundam-seed-battle-assault-7-digital-edition
Outriders Special Edition,Xbox,,No,2021,Strategy;Turn-Based,No,https://example.com/games/outriders-special-edition
Castlevania Ultimate Edition,PC;PS4;Xbox;Switch,,No,2005,Simulation;Sandbox,Yes,https://example.com/games/castlevania-ultimate-edition
Railroad Tycoon Final Edition,PC;PS4;Xbox;Switch,8,Yes,2006,Action;Adventure,No,https://example.com/games/railroad-tycoon-final-edition
Before We Leave First Edition,PC;PS5,4,No,2005,Strategy;RTS,No,https://example.com/games/before-we-leave-first-edition
Shadowrun,PC;PS4;Xbox;Switch,6,No,2001,Sports,No,https://example.com/games/shadowrun
Ninja Gaiden Standard Edition,PS5;Xbox,6,No,2002,Sports,No,https://example.com/games/ninja-gaiden-standard-edition
Shin Megami Tensei Omega Edition 5,PC;PS4;Xbox;Switch,,Yes,2006,Battle Royale;Shooter,Yes,https://example.com/games/shin-megami-tensei-omega-edition-5
Enlisted Standard Edition,PC;PS5;Xbox;Switch,,Yes,2016,Sports,No,https://example.com/games/enlisted-standard-edition
Front Mission 2087 Standard Edition,PC;PS4;Xbox,,No,2015,RPG;Action,Yes,https://example.com/games/front-mission-2087-standard-edition
God of War 4,PC;Xbox,8,No,2019,Casual;Party,Yes,https://example.com/games/god-of-war-4
Persona 5 Strikers Omega Edition 3,PC;Switch,Many,Yes,2004,Racing,No,https://example.com/games/persona-5-strikers-omega-edition-3
Homefront Beta Edition,PC;PS5;Xbox,,No,2009,Tactical;Shooter,Yes,https://example.com/games/homefront-beta-edition
War Front Special Edition,PC;PS5;Xbox,,No,2018,Puzzle;Adventure,No,https://example.com/games/war-front-special-edition
Last Bible Last Edition,Xbox,8,No,2017,Simulation;Sandbox,No,https://example.com/games/last-bible-last-edition
Gundam Seed Battle Assault 6 Physical Edition,PC;PS5;Xbox,2,Yes,2021,Casual;Party,No,https://example.com/games/gundam-seed-battle-assault-6-physical-edition
XCOM First Edition,PC,,Yes,2012,Racing,No,https://example.com/games/xcom-first-edition
Gundam Seed Battle Assault 3 Beta Edition,PC;PS5;Xbox;Switch,2,No,2006,Action;Adventure,Yes,https://example.com/games/gundam-seed-battle-assault-3-beta-edition
Dorfromantik Special Edition,PC;PS5,4,No,2023,Shooter;Action,No,https://example.com/games/dorfromantik-special-edition
Conan Exiles Game of the Year Edition,PC;PS4;Xbox,4,Yes,2003,Survival;Horror,No,https://example.com/games/conan-exiles-game-of-the-year-edition
Sly Cooper Premium Edition,PC,8,Yes,2018,Racing,No,https://example.com/games/sly-cooper-premium-edition
Ready or Not 5,Xbox,4,Yes,2016,Grand Strategy;Strategy,Yes,https://example.com/games/ready-or-not-5
Once Human,PC,,No,2012,Shooter;RPG,No,https://example.com/games/once-human
Astroneer 3,Xbox,4,No,2000,MOBA;Strategy,No,https://example.com/games/astroneer-3
Star Wars The Old Republic Special Edition,PS5;Xbox,,No,2003,Survival;Horror,No,https://example.com/games/star-wars-the-old-republic-special-edition
Homeworld Special Edition,PS5;Xbox,,No,2014,Shooter;RPG,No,https://example.com/games/homeworld-special-edition
Planetary Annihilation Last Edition,PC;PS5;Xbox;Switch,4,No,2004,Simulation,No,https://example.com/games/planetary-annihilation-last-edition
Supreme Commander Collector's Edition,PC;PS4;Xbox,,Yes,2002,Casual;Party,No,https://example.com/games/supreme-commander-collector-s-edition
Risk of Rain Enhanced Edition,PC;Xbox,,Yes,2010,Survival;Horror,No,https://example.com/games/risk-of-rain-enhanced-edition
Boom Beach Digital Edition,PC,6,No,2024,4X;Strategy,No,https://example.com/games/boom-beach-digital-edition
Overlord Definitive Edition,PC;Switch,4,No,2025,Sports,No,https://example.com/games/overlord-definitive-edition
Zero Escape Complete Edition,PC,Many,Yes,2023,Tactical;Shooter,No,https://example.com/games/zero-escape-complete-edition
Empire Four Kingdoms Enhanced Edition,PC;PS4;Xbox;Switch,2,Yes,2008,Action;Platformer,No,https://example.com/games/empire-four-kingdoms-enhanced-edition
War Front Beta Edition,PC;PS5,,Yes,2004,Survival;Sandbox,No,https://example.com/games/war-front-beta-edition
Disco Elysium Enhanced Edition,PC;PS5;Xbox;Switch,4,No,2001,Shooter;RPG,Yes,https://example.com/games/disco-elysium-enhanced-edition
Green Hell Omega Edition 5,PC;PS5;Xbox;Switch,,Yes,2015,Action;Adventure,No,https://example.com/games/green-hell-omega-edition-5
Tales of Vesperia Premium Edition,Xbox,,No,2000,RPG;Action,No,https://example.com/games/tales-of-vesperia-premium-edition
Inside First Edition,PC;PS5;Xbox;Switch,Many,No,2020,Sandbox,No,https://example.com/games/inside-first-edition
Portal Physical Edition,PS5;Xbox,Many,Yes,2020,Strategy;RTS,Yes,https://example.com/games/portal-physical-edition
Gundam Battle Chronicle Omega Edition 2,PC;PS5;Xbox,,Yes,2016,Battle Royale;Shooter,No,https://example.com/games/gundam-battle-chronicle-omega-edition-2
Red Orchestra Legendary Edition,PC;Xbox,,Yes,2025,Action;Adventure,No,https://example.com/games/red-orchestra-legendary-edition
Tetris Standard Edition,PC;PS4;Xbox;Switch,,Yes,2003,Racing,No,https://example.com/games/tetris-standard-edition
Warhammer 40K 3,PC;PS5;Xbox;Switch,,No,2002,Grand Strategy;Strategy,No,https://example.com/games/warhammer-40k-3
Assassin's Creed Game of the Year Edition,PC;PS4;Xbox,,No,2018,Racing,No,https://example.com/games/assassin-s-creed-game-of-the-year-edition
Tales of Zestiria Physical Edition,Xbox,2,Yes,2016,Tactical;Shooter,No,https://example.com/games/tales-of-zestiria-physical-edition
Overcooked Omega Edition 5,PC;PS4;Xbox,4,Yes,2022,Action;Adventure,No,https://example.com/games/overcooked-omega-edition-5
Dynasty Warriors Deluxe Edition,PC;Switch,4,No,2014,Sports,No,https://example.com/games/dynasty-warriors-deluxe-edition
Sven Co-op Anniversary Edition,PC;PS4;Xbox,,No,2015,Racing,Yes,https://example.com/games/sven-co-op-anniversary-edition
Planet Coaster Enhanced Edition,PC;Switch,8,No,2025,Survival;Horror,No,https://example.com/games/planet-coaster-enhanced-edition
UFO 50 Omega Edition 3,PS5;Xbox,Many,No,2019,Tactical;Shooter,No,https://example.com/games/ufo-50-omega-edition-3
Mortal Online Remake,PC;Xbox,8,No,2025,Puzzle;Adventure,No,https://example.com/games/mortal-online-remake
Baja Definitive Edition,PC;PS4;Xbox,4,No,2014,Action;Platformer,No,https://example.com/games/baja-definitive-edition
Warhammer 40K Mechanicus Omega Edition 5,PC,,Yes,2000,Simulation;Sandbox,No,https://example.com/games/warhammer-40k-mechanicus-omega-edition-5
Zill O'll Game of the Year Edition,PS5;Xbox,,No,2000,Tactical;Shooter,No,https://example.com/games/zill-o-ll-game-of-the-year-edition
Batman Telltale Omega Edition 5,PC;Xbox,,Yes,2013,Simulation;Sandbox,No,https://example.com/games/batman-telltale-omega-edition-5
Stacklands 2,PC;PS5,6,No,2026,Battle Royale;Shooter,No,https://example.com/games/stacklands-2
Fast RMX Deluxe Edition,PC,4,No,2016,Strategy;Turn-Based,No,https://example.com/games/fast-rmx-deluxe-edition
Mobile Suit Gundam Digital Edition,PC;PS4;Xbox;Switch,Many,No,2012,Grand Strategy;Strategy,No,https://example.com/games/mobile-suit-gundam-digital-edition
Age of Empires Alpha Edition,PS5;Xbox,6,No,2005,Party;Action,Yes,https://example.com/games/age-of-empires-alpha-edition
Goblin Slayer Complete Edition,PC;Switch,3,No,2014,Shooter;RPG,No,https://example.com/games/goblin-slayer-complete-edition
SCUM,PC;PS4;Xbox,,No,2012,Grand Strategy;Strategy,Yes,https://example.com/games/scum
Mini Motorways Beta Edition,PC;Xbox,4,No,2012,Simulation;Sandbox,No,https://example.com/games/mini-motorways-beta-edition
Path of Exile 5,PC;PS5;Xbox;Switch,,No,2013,Strategy;Turn-Based,No,https://example.com/games/path-of-exile-5
Offworld Trading Company Definitive Edition,PC;PS4;Xbox,4,No,2006,Battle Royale;Shooter,Yes,https://example.com/games/offworld-trading-company-definitive-edition
Destruction Derby Premium Edition,PC;PS5;Xbox,4,No,2007,Action;Platformer,No,https://example.com/games/destruction-derby-premium-edition
Payday Collector's Edition,PC;Switch,,No,2025,4X;Strategy,No,https://example.com/games/payday-collector-s-edition
DayZ 3,PC;PS4;Xbox;Switch,6,No,2003,Simulation,No,https://example.com/games/dayz-3
Zombie Panic Deluxe Edition,PC;Switch,3,No,2007,Survival;Horror,No,https://example.com/games/zombie-panic-deluxe-edition
Last Shelter Survival Deluxe Edition,PC;PS4;Xbox;Switch,3,No,2002,Sandbox,No,https://example.com/games/last-shelter-survival-deluxe-edition
Shield Hero Collector's Edition,PC;PS5;Xbox,4,No,2005,Grand Strategy;Strategy,No,https://example.com/games/shield-hero-collector-s-edition
Chrono Cross Special Edition,PC;Xbox,,No,2018,Sandbox,No,https://example.com/games/chrono-cross-special-edition
Albion Online 2,PC;Switch,6,No,2025,MOBA;Strategy,Yes,https://example.com/games/albion-online-2
Mafia First Edition,PC;PS4;Xbox;Switch,,No,2000,Shooter;Action,No,https://example.com/games/mafia-first-edition
Radical Dreamers 4,PC;PS5;Xbox,3,No,2025,Survival;Sandbox,No,https://example.com/games/radical-dreamers-4
Snowrunner Special Edition,PC;PS5,,Yes,2006,4X;Strategy,No,https://example.com/games/snowrunner-special-edition
Supreme Commander Legendary Edition,PC;PS5,,No,2007,Party;Action,No,https://example.com/games/supreme-commander-legendary-edition
Gran Turismo Ultimate Edition,PS5;Xbox,,Yes,2026,Grand Strategy;Strategy,No,https://example.com/games/gran-turismo-ultimate-edition
Hill Climb Racing Standard Edition,PC;PS4;Xbox;Switch,6,No,2015,Racing,No,https://example.com/games/hill-climb-racing-standard-edition
Saints Row Legendary Edition,PC;PS4;Xbox,,No,2003,Simulation;Sandbox,No,https://example.com/games/saints-row-legendary-edition
Valheim Omega Edition 4,PS5;Xbox,2,No,2013,MOBA;Strategy,No,https://example.com/games/valheim-omega-edition-4
Throne and Liberty Enhanced Edition,PC;PS4;Xbox;Switch,,No,2018,Strategy;RTS,No,https://example.com/games/throne-and-liberty-enhanced-edition
Act of War Final Edition,PC;PS4;Xbox;Switch,8,No,2016,Strategy;Turn-Based,Yes,https://example.com/games/act-of-war-final-edition
GTA Alpha Edition,PC;Xbox,,Yes,2004,4X;Strategy,Yes,https://example.com/games/gta-alpha-edition
System Shock Omega Edition 4,PC;PS5;Xbox,4,No,2006,Grand Strategy;Strategy,No,https://example.com/games/system-shock-omega-edition-4
Don't Starve,Xbox,4,Yes,2015,Survival;Horror,Yes,https://example.com/games/don-t-starve
Endless Space Omega Edition,PC;PS4;Xbox;Switch,,Yes,2022,Sandbox,No,https://example.com/games/endless-space-omega-edition
Metal Gear Online,PC;PS4;Xbox,,No,2013,Sports,No,https://example.com/games/metal-gear-online
Project Zomboid Premium Edition,PC;PS5,,Yes,2016,Action;Platformer,Yes,https://example.com/games/project-zomboid-premium-edition
Rime Last Edition,PC;PS4;Xbox;Switch,8,No,2021,Survival;Sandbox,No,https://example.com/games/rime-last-edition
Insurgency Premium Edition,PC;Xbox,,No,2001,Simulation,No,https://example.com/games/insurgency-premium-edition
Sword Art Online 2,PC;Xbox,2,No,2007,Casual;Party,No,https://example.com/games/sword-art-online-2
Insurgency Co-op Alpha Edition,PC;PS4;Xbox,4,No,2017,Shooter;Action,No,https://example.com/games/insurgency-co-op-alpha-edition
Black Desert Legendary Edition,PS5;Xbox,,Yes,2010,Sports,Yes,https://example.com/games/black-desert-legendary-edition
Tropico Enhanced Edition,PC;PS5;Xbox,,Yes,2015,MOBA;Strategy,No,https://example.com/games/tropico-enhanced-edition
World of Tanks Final Edition,PC;Xbox,,No,2008,Tactical;Shooter,Yes,https://example.com/games/world-of-tanks-final-edition
Friday the 13th 3,PC,4,No,2024,Simulation;Sandbox,No,https://example.com/games/friday-the-13th-3
Zombie Army Last Edition,PC;PS4;Xbox;Switch,2,No,2001,RPG;Action,No,https://example.com/games/zombie-army-last-edition
Fallout Shelter Legendary Edition,PC;PS5,Many,No,2013,4X;Strategy,Yes,https://example.com/games/fallout-shelter-legendary-edition
Rocket League Last Edition,Xbox,2,No,2011,Strategy;RTS,Yes,https://example.com/games/rocket-league-last-edition
Blood Digital Edition,PC;PS4;Xbox,Many,Yes,2018,Strategy;Turn-Based,No,https://example.com/games/blood-digital-edition
Tropico 5,PC,,No,2011,Casual;Party,No,https://example.com/games/tropico-5
Binding of Isaac Omega Edition 5,PC;PS4;Xbox;Switch,8,No,2013,Racing,Yes,https://example.com/games/binding-of-isaac-omega-edition-5
Timberborn Deluxe Edition,PC;PS5,Many,No,2003,RPG;Action,No,https://example.com/games/timberborn-deluxe-edition
Brothers in Arms Limited Edition,PC;PS5;Xbox;Switch,4,No,2020,Party;Action,No,https://example.com/games/brothers-in-arms-limited-edition
Codename Cure Omega Edition 2,PS5;Xbox,,No,2001,Action;Platformer,Yes,https://example.com/games/codename-cure-omega-edition-2
Fez Ultimate Edition,PC;PS4;Xbox,3,Yes,2011,Puzzle;Adventure,No,https://example.com/games/fez-ultimate-edition
